#options: 960x542 fps=30/1 timebase=1/30 bitdepth=8 cabac=1 ref=1 deblock=1:0:0 analyse=0x1:0 me=dia subme=2 psy=1 psy_rd=1.00:0.00 mixed_ref=0 me_range=16 chroma_me=1 trellis=0 8x8dct=0 cqm=0 deadzone=21,11 fast_pskip=1 chroma_qp_offset=0 threads=12 lookahead_threads=4 sliced_threads=0 nr=0 decimate=1 interlaced=0 bluray_compat=0 constrained_intra=0 bframes=3 b_pyramid=2 b_adapt=1 b_bias=0 direct=3 weightb=1 open_gop=0 weightp=2 keyint=250 keyint_min=25 scenecut=40 intra_refresh=0 rc_lookahead=50 rc=cbr mbtree=1 bitrate=6258 ratetol=1.0 qcomp=0.60 qpmin=0 qpmax=69 qpstep=4 vbv_maxrate=6258 vbv_bufsize=12516 nal_hrd=none filler=0 ip_ratio=1.40 aq=1:1.00
in:0 out:0 type:I dur:2 cpbdur:2 q:25.41 aq:16.44 tex:1238530 mv:80728 misc:182 imb:2040 pmb:0 smb:0 d:- ref:;
in:4 out:1 type:P dur:2 cpbdur:2 q:19.78 aq:11.23 tex:469947 mv:1421 misc:440 imb:54 pmb:1927 smb:59 d:- ref:0 ;
in:2 out:2 type:B dur:2 cpbdur:2 q:25.01 aq:7.97 tex:910 mv:135 misc:307 imb:0 pmb:63 smb:1977 d:s ref:0 ;
in:1 out:3 type:b dur:2 cpbdur:2 q:25.12 aq:17.16 tex:162 mv:107 misc:307 imb:0 pmb:32 smb:2008 d:s ref:0 ;
in:3 out:4 type:b dur:2 cpbdur:2 q:25.01 aq:17.00 tex:9 mv:3 misc:180 imb:0 pmb:1 smb:2039 d:- ref:0 ;
in:5 out:5 type:P dur:2 cpbdur:2 q:18.02 aq:9.50 tex:322501 mv:860 misc:791 imb:40 pmb:1833 smb:167 d:- ref:0 ;
in:6 out:6 type:P dur:2 cpbdur:2 q:15.65 aq:7.10 tex:517798 mv:770 misc:472 imb:30 pmb:1907 smb:103 d:- ref:0 ;
in:10 out:7 type:P dur:2 cpbdur:2 q:15.88 aq:7.25 tex:474213 mv:1180 misc:383 imb:65 pmb:1933 smb:42 d:- ref:0 ;
in:8 out:8 type:B dur:2 cpbdur:2 q:15.97 aq:11.15 tex:4279 mv:632 misc:1361 imb:0 pmb:393 smb:1647 d:s ref:0 ;
in:7 out:9 type:b dur:2 cpbdur:2 q:15.98 aq:14.62 tex:2519 mv:809 misc:1248 imb:0 pmb:347 smb:1693 d:s ref:0 ;
in:9 out:10 type:b dur:2 cpbdur:2 q:15.96 aq:17.41 tex:299 mv:134 misc:719 imb:0 pmb:103 smb:1937 d:- ref:0 ;
in:14 out:11 type:P dur:2 cpbdur:2 q:16.20 aq:7.98 tex:211056 mv:630 misc:1298 imb:18 pmb:1695 smb:327 d:- ref:0 ;
in:12 out:12 type:B dur:2 cpbdur:2 q:16.19 aq:16.62 tex:2637 mv:178 misc:449 imb:0 pmb:81 smb:1959 d:s ref:0 ;
in:11 out:13 type:b dur:2 cpbdur:2 q:16.19 aq:14.90 tex:855 mv:82 misc:279 imb:0 pmb:18 smb:2022 d:s ref:0 ;
in:13 out:14 type:b dur:2 cpbdur:2 q:16.20 aq:14.25 tex:1896 mv:103 misc:361 imb:0 pmb:37 smb:2003 d:- ref:0 ;
in:18 out:15 type:P dur:2 cpbdur:2 q:13.89 aq:5.79 tex:547482 mv:714 misc:644 imb:28 pmb:1843 smb:169 d:s ref:0 ;
in:16 out:16 type:B dur:2 cpbdur:2 q:16.56 aq:14.63 tex:1465 mv:163 misc:588 imb:0 pmb:75 smb:1965 d:s ref:0 ;
in:15 out:17 type:b dur:2 cpbdur:2 q:16.51 aq:15.21 tex:318 mv:58 misc:296 imb:0 pmb:18 smb:2022 d:s ref:0 ;
in:17 out:18 type:b dur:2 cpbdur:2 q:16.61 aq:13.16 tex:146 mv:57 misc:277 imb:0 pmb:16 smb:2024 d:- ref:0 ;
in:22 out:19 type:P dur:2 cpbdur:2 q:14.59 aq:6.65 tex:315277 mv:662 misc:893 imb:23 pmb:1793 smb:224 d:s ref:0 ;
in:20 out:20 type:B dur:2 cpbdur:2 q:14.58 aq:11.67 tex:3774 mv:213 misc:845 imb:3 pmb:130 smb:1907 d:s ref:0 ;
in:19 out:21 type:b dur:2 cpbdur:2 q:14.57 aq:16.70 tex:2133 mv:72 misc:291 imb:0 pmb:25 smb:2015 d:s ref:0 ;
in:21 out:22 type:b dur:2 cpbdur:2 q:14.59 aq:18.18 tex:2108 mv:93 misc:319 imb:0 pmb:29 smb:2011 d:- ref:0 ;
in:24 out:23 type:P dur:2 cpbdur:2 q:13.54 aq:5.69 tex:273013 mv:636 misc:1231 imb:20 pmb:1697 smb:323 d:s ref:0 ;
in:23 out:24 type:b dur:2 cpbdur:2 q:14.56 aq:17.90 tex:1696 mv:56 misc:232 imb:0 pmb:12 smb:2028 d:s ref:0 ;
in:25 out:25 type:P dur:2 cpbdur:2 q:13.10 aq:5.24 tex:355305 mv:594 misc:853 imb:19 pmb:1825 smb:196 d:s ref:0 ;
in:26 out:26 type:P dur:2 cpbdur:2 q:12.75 aq:4.87 tex:285268 mv:530 misc:1114 imb:14 pmb:1759 smb:267 d:s ref:0 ;
in:30 out:27 type:P dur:2 cpbdur:2 q:13.38 aq:5.69 tex:303532 mv:767 misc:957 imb:28 pmb:1791 smb:221 d:s ref:0 ;
in:28 out:28 type:B dur:2 cpbdur:2 q:13.36 aq:9.76 tex:5017 mv:390 misc:993 imb:0 pmb:173 smb:1867 d:s ref:0 ;
in:27 out:29 type:b dur:2 cpbdur:2 q:13.35 aq:16.02 tex:274 mv:78 misc:304 imb:0 pmb:26 smb:2014 d:s ref:0 ;
in:29 out:30 type:b dur:2 cpbdur:2 q:13.37 aq:12.65 tex:1910 mv:137 misc:481 imb:0 pmb:57 smb:1983 d:- ref:0 ;
in:34 out:31 type:P dur:2 cpbdur:2 q:12.49 aq:4.85 tex:356759 mv:916 misc:701 imb:53 pmb:1861 smb:126 d:s ref:0 ;
in:32 out:32 type:B dur:2 cpbdur:2 q:13.53 aq:5.45 tex:5182 mv:385 misc:1081 imb:0 pmb:215 smb:1825 d:s ref:0 ;
in:31 out:33 type:b dur:2 cpbdur:2 q:13.54 aq:12.11 tex:1515 mv:86 misc:319 imb:0 pmb:23 smb:2017 d:s ref:0 ;
in:33 out:34 type:b dur:2 cpbdur:2 q:13.51 aq:4.75 tex:3273 mv:122 misc:453 imb:0 pmb:84 smb:1956 d:- ref:0 ;
in:38 out:35 type:P dur:2 cpbdur:2 q:11.00 aq:4.17 tex:292122 mv:563 misc:1235 imb:19 pmb:1695 smb:326 d:s ref:0 ;
in:36 out:36 type:B dur:2 cpbdur:2 q:12.68 aq:6.59 tex:2831 mv:234 misc:863 imb:0 pmb:133 smb:1907 d:t ref:0 ;
in:35 out:37 type:b dur:2 cpbdur:2 q:12.88 aq:7.26 tex:2608 mv:99 misc:365 imb:1 pmb:29 smb:2010 d:s ref:0 ;
in:37 out:38 type:b dur:2 cpbdur:2 q:12.86 aq:7.74 tex:1463 mv:100 misc:389 imb:0 pmb:40 smb:2000 d:- ref:0 ;
in:42 out:39 type:P dur:2 cpbdur:2 q:13.57 aq:6.82 tex:1092612 mv:4588 misc:568 imb:49 pmb:1844 smb:147 d:s ref:0 ;
in:40 out:40 type:B dur:2 cpbdur:2 q:13.68 aq:8.82 tex:10097 mv:237 misc:610 imb:0 pmb:181 smb:1859 d:s ref:0 ;
in:39 out:41 type:b dur:2 cpbdur:2 q:13.69 aq:10.80 tex:709 mv:70 misc:309 imb:0 pmb:26 smb:2014 d:s ref:0 ;
in:41 out:42 type:b dur:2 cpbdur:2 q:13.67 aq:8.72 tex:12980 mv:566 misc:798 imb:0 pmb:238 smb:1802 d:- ref:0 ;
in:46 out:43 type:P dur:2 cpbdur:2 q:14.02 aq:7.15 tex:1091645 mv:4231 misc:556 imb:50 pmb:1854 smb:136 d:s ref:0 ;
in:44 out:44 type:B dur:2 cpbdur:2 q:14.01 aq:13.07 tex:478433 mv:7086 misc:1017 imb:9 pmb:1746 smb:285 d:s ref:0 ;
in:43 out:45 type:b dur:2 cpbdur:2 q:14.14 aq:15.68 tex:299816 mv:6413 misc:1171 imb:7 pmb:1679 smb:354 d:s ref:0 ;
in:45 out:46 type:b dur:2 cpbdur:2 q:14.02 aq:16.26 tex:11655 mv:732 misc:1293 imb:0 pmb:345 smb:1695 d:- ref:0 ;
in:50 out:47 type:P dur:2 cpbdur:2 q:14.29 aq:6.71 tex:1221994 mv:7844 misc:570 imb:139 pmb:1739 smb:162 d:s ref:0 ;
in:48 out:48 type:B dur:2 cpbdur:2 q:14.31 aq:15.04 tex:555779 mv:11791 misc:718 imb:17 pmb:1808 smb:215 d:s ref:0 ;
in:47 out:49 type:b dur:2 cpbdur:2 q:16.91 aq:18.85 tex:248633 mv:6230 misc:1585 imb:21 pmb:1431 smb:588 d:s ref:0 ;
in:49 out:50 type:b dur:2 cpbdur:2 q:14.31 aq:16.09 tex:301719 mv:5970 misc:1431 imb:2 pmb:1553 smb:485 d:- ref:0 ;
in:52 out:51 type:P dur:2 cpbdur:2 q:14.70 aq:6.71 tex:1156124 mv:4515 misc:665 imb:32 pmb:1811 smb:197 d:s ref:0 ;
in:51 out:52 type:b dur:2 cpbdur:2 q:14.64 aq:11.48 tex:6020 mv:325 misc:839 imb:0 pmb:219 smb:1821 d:s ref:0 ;
in:56 out:53 type:P dur:2 cpbdur:2 q:16.87 aq:8.53 tex:860407 mv:3232 misc:657 imb:34 pmb:1794 smb:212 d:s ref:0 ;
in:54 out:54 type:B dur:2 cpbdur:2 q:16.82 aq:16.50 tex:121033 mv:2735 misc:1712 imb:0 pmb:1400 smb:640 d:s ref:0 ;
in:53 out:55 type:b dur:2 cpbdur:2 q:16.79 aq:18.83 tex:158987 mv:4300 misc:1777 imb:2 pmb:1341 smb:697 d:s ref:0 ;
in:55 out:56 type:b dur:2 cpbdur:2 q:16.85 aq:18.64 tex:16121 mv:949 misc:1506 imb:0 pmb:531 smb:1509 d:- ref:0 ;
in:60 out:57 type:P dur:2 cpbdur:2 q:18.20 aq:10.31 tex:96471 mv:346 misc:2039 imb:2 pmb:1079 smb:959 d:s ref:0 ;
in:58 out:58 type:B dur:2 cpbdur:2 q:18.17 aq:18.59 tex:1542 mv:47 misc:259 imb:0 pmb:12 smb:2028 d:s ref:0 ;
in:57 out:59 type:b dur:2 cpbdur:2 q:18.15 aq:21.04 tex:1012 mv:19 misc:193 imb:0 pmb:5 smb:2035 d:s ref:0 ;
in:59 out:60 type:b dur:2 cpbdur:2 q:18.19 aq:23.00 tex:1361 mv:23 misc:176 imb:0 pmb:3 smb:2037 d:- ref:0 ;
in:64 out:61 type:P dur:2 cpbdur:2 q:19.33 aq:11.05 tex:333454 mv:825 misc:753 imb:34 pmb:1866 smb:140 d:s ref:0 ;
in:62 out:62 type:B dur:2 cpbdur:2 q:19.31 aq:19.37 tex:2232 mv:179 misc:1325 imb:0 pmb:300 smb:1740 d:s ref:0 ;
in:61 out:63 type:b dur:2 cpbdur:2 q:19.31 aq:18.43 tex:1479 mv:103 misc:466 imb:0 pmb:55 smb:1985 d:s ref:0 ;
in:63 out:64 type:b dur:2 cpbdur:2 q:19.32 aq:23.06 tex:1175 mv:28 misc:197 imb:0 pmb:8 smb:2032 d:- ref:0 ;
in:68 out:65 type:P dur:2 cpbdur:2 q:18.71 aq:10.95 tex:95226 mv:366 misc:2120 imb:3 pmb:1180 smb:857 d:s ref:0 ;
in:66 out:66 type:B dur:2 cpbdur:2 q:19.32 aq:20.90 tex:1908 mv:72 misc:356 imb:0 pmb:31 smb:2009 d:s ref:0 ;
in:65 out:67 type:b dur:2 cpbdur:2 q:19.33 aq:22.87 tex:1228 mv:39 misc:221 imb:0 pmb:9 smb:2031 d:s ref:0 ;
in:67 out:68 type:b dur:2 cpbdur:2 q:19.32 aq:22.70 tex:1192 mv:29 misc:211 imb:0 pmb:9 smb:2031 d:- ref:0 ;
in:72 out:69 type:P dur:2 cpbdur:2 q:17.75 aq:10.33 tex:170156 mv:561 misc:1555 imb:9 pmb:1583 smb:448 d:s ref:0 ;
in:70 out:70 type:B dur:2 cpbdur:2 q:18.69 aq:17.88 tex:2247 mv:175 misc:690 imb:0 pmb:89 smb:1951 d:s ref:0 ;
in:69 out:71 type:b dur:2 cpbdur:2 q:18.70 aq:21.63 tex:951 mv:42 misc:247 imb:0 pmb:13 smb:2027 d:s ref:0 ;
in:71 out:72 type:b dur:2 cpbdur:2 q:18.68 aq:18.49 tex:915 mv:42 misc:243 imb:0 pmb:14 smb:2026 d:- ref:0 ;
in:73 out:73 type:P dur:2 cpbdur:2 q:16.60 aq:9.22 tex:212771 mv:480 misc:1413 imb:8 pmb:1581 smb:451 d:s ref:0 ;
in:75 out:74 type:P dur:2 cpbdur:2 q:15.57 aq:8.41 tex:188113 mv:498 misc:1669 imb:12 pmb:1496 smb:532 d:s ref:0 ;
in:74 out:75 type:b dur:2 cpbdur:2 q:16.92 aq:20.05 tex:50 mv:23 misc:207 imb:0 pmb:7 smb:2033 d:s ref:0 ;
in:79 out:76 type:P dur:2 cpbdur:2 q:14.96 aq:8.29 tex:203476 mv:429 misc:1511 imb:7 pmb:1590 smb:443 d:s ref:0 ;
in:77 out:77 type:B dur:2 cpbdur:2 q:15.95 aq:16.36 tex:1605 mv:104 misc:411 imb:0 pmb:35 smb:2005 d:s ref:0 ;
in:76 out:78 type:b dur:2 cpbdur:2 q:16.32 aq:16.39 tex:195 mv:47 misc:278 imb:0 pmb:16 smb:2024 d:s ref:0 ;
in:78 out:79 type:b dur:2 cpbdur:2 q:16.32 aq:19.79 tex:764 mv:50 misc:250 imb:0 pmb:12 smb:2028 d:- ref:0 ;
in:82 out:80 type:P dur:2 cpbdur:2 q:14.03 aq:7.44 tex:283220 mv:738 misc:1018 imb:33 pmb:1733 smb:274 d:s ref:0 ;
in:80 out:81 type:B dur:2 cpbdur:2 q:15.34 aq:19.01 tex:196 mv:55 misc:317 imb:0 pmb:17 smb:2023 d:s ref:0 ;
in:81 out:82 type:b dur:2 cpbdur:2 q:15.66 aq:11.64 tex:6638 mv:158 misc:636 imb:0 pmb:87 smb:1953 d:- ref:0 ;
in:86 out:83 type:P dur:2 cpbdur:2 q:12.42 aq:6.50 tex:487211 mv:2138 misc:1099 imb:107 pmb:1640 smb:293 d:s ref:0 ;
in:84 out:84 type:B dur:2 cpbdur:2 q:14.26 aq:9.38 tex:1218 mv:263 misc:1543 imb:0 pmb:379 smb:1661 d:s ref:0 ;
in:83 out:85 type:b dur:2 cpbdur:2 q:14.76 aq:13.53 tex:5052 mv:522 misc:1458 imb:2 pmb:373 smb:1665 d:s ref:0 ;
in:85 out:86 type:b dur:2 cpbdur:2 q:14.45 aq:15.78 tex:147 mv:50 misc:299 imb:0 pmb:16 smb:2024 d:- ref:0 ;
in:88 out:87 type:P dur:2 cpbdur:2 q:12.53 aq:6.78 tex:317762 mv:916 misc:986 imb:48 pmb:1744 smb:248 d:s ref:0 ;
in:87 out:88 type:b dur:2 cpbdur:2 q:12.96 aq:13.48 tex:7616 mv:1110 misc:1778 imb:1 pmb:646 smb:1393 d:s ref:0 ;
in:92 out:89 type:P dur:2 cpbdur:2 q:11.02 aq:6.48 tex:254591 mv:653 misc:1068 imb:24 pmb:1773 smb:243 d:s ref:0 ;
in:90 out:90 type:B dur:2 cpbdur:2 q:12.79 aq:10.65 tex:3120 mv:316 misc:1436 imb:0 pmb:308 smb:1732 d:s ref:0 ;
in:89 out:91 type:b dur:2 cpbdur:2 q:13.06 aq:15.10 tex:2088 mv:153 misc:495 imb:0 pmb:57 smb:1983 d:s ref:0 ;
in:91 out:92 type:b dur:2 cpbdur:2 q:13.04 aq:14.50 tex:2184 mv:110 misc:394 imb:0 pmb:39 smb:2001 d:- ref:0 ;
in:96 out:93 type:P dur:2 cpbdur:2 q:8.40 aq:5.71 tex:298333 mv:727 misc:820 imb:33 pmb:1818 smb:189 d:s ref:0 ;
in:94 out:94 type:B dur:2 cpbdur:2 q:11.25 aq:8.96 tex:3684 mv:368 misc:1724 imb:0 pmb:457 smb:1583 d:s ref:0 ;
in:93 out:95 type:b dur:2 cpbdur:2 q:11.53 aq:11.27 tex:2232 mv:208 misc:808 imb:1 pmb:121 smb:1918 d:s ref:0 ;
in:95 out:96 type:b dur:2 cpbdur:2 q:11.50 aq:11.94 tex:1856 mv:102 misc:378 imb:0 pmb:33 smb:2007 d:- ref:0 ;
in:98 out:97 type:P dur:2 cpbdur:2 q:8.48 aq:7.15 tex:84055 mv:747 misc:1950 imb:46 pmb:1050 smb:944 d:s ref:0 ;
in:97 out:98 type:b dur:2 cpbdur:2 q:9.14 aq:9.69 tex:11498 mv:435 misc:1059 imb:0 pmb:204 smb:1836 d:s ref:0 ;
in:100 out:99 type:P dur:2 cpbdur:2 q:15.32 aq:15.21 tex:1229685 mv:14479 misc:524 imb:1348 pmb:543 smb:149 d:s ref:0 ;
in:99 out:100 type:b dur:2 cpbdur:2 q:15.22 aq:16.63 tex:575263 mv:15844 misc:549 imb:115 pmb:1749 smb:176 d:s ref:0 ;
in:101 out:101 type:P dur:2 cpbdur:2 q:15.52 aq:15.01 tex:1023600 mv:15862 misc:458 imb:1079 pmb:815 smb:146 d:s ref:0 ;
in:102 out:102 type:P dur:2 cpbdur:2 q:16.12 aq:15.05 tex:872804 mv:15823 misc:525 imb:1078 pmb:803 smb:159 d:s ref:0 ;
in:103 out:103 type:P dur:2 cpbdur:2 q:16.44 aq:15.45 tex:869309 mv:15400 misc:483 imb:1127 pmb:763 smb:150 d:s ref:0 ;
in:105 out:104 type:P dur:2 cpbdur:2 q:17.07 aq:15.61 tex:766659 mv:16600 misc:509 imb:1173 pmb:722 smb:145 d:s ref:0 ;
in:104 out:105 type:b dur:2 cpbdur:2 q:19.09 aq:19.27 tex:429761 mv:26821 misc:674 imb:443 pmb:1386 smb:211 d:s ref:0 ;
in:107 out:106 type:P dur:2 cpbdur:2 q:17.70 aq:15.98 tex:759604 mv:16012 misc:488 imb:1219 pmb:677 smb:144 d:s ref:0 ;
in:106 out:107 type:b dur:2 cpbdur:2 q:20.45 aq:20.50 tex:423601 mv:26610 misc:621 imb:653 pmb:1194 smb:193 d:s ref:0 ;
in:111 out:108 type:P dur:2 cpbdur:2 q:18.45 aq:15.37 tex:772529 mv:16624 misc:439 imb:1226 pmb:670 smb:144 d:s ref:0 ;
in:109 out:109 type:B dur:2 cpbdur:2 q:21.35 aq:20.35 tex:405685 mv:28401 misc:594 imb:707 pmb:1140 smb:193 d:s ref:0 ;
in:108 out:110 type:b dur:2 cpbdur:2 q:21.34 aq:21.13 tex:295506 mv:28486 misc:712 imb:371 pmb:1420 smb:249 d:s ref:0 ;
in:110 out:111 type:b dur:2 cpbdur:2 q:21.35 aq:20.98 tex:222001 mv:27597 misc:794 imb:249 pmb:1533 smb:258 d:- ref:0 ;
in:115 out:112 type:P dur:2 cpbdur:2 q:21.44 aq:16.54 tex:359897 mv:15276 misc:795 imb:752 pmb:1024 smb:264 d:s ref:0 ;
in:113 out:113 type:B dur:2 cpbdur:2 q:21.36 aq:17.27 tex:12948 mv:1053 misc:1679 imb:7 pmb:508 smb:1525 d:s ref:0 ;
in:112 out:114 type:b dur:2 cpbdur:2 q:21.32 aq:20.35 tex:29289 mv:2809 misc:1766 imb:16 pmb:715 smb:1309 d:s ref:0 ;
in:114 out:115 type:b dur:2 cpbdur:2 q:21.40 aq:19.32 tex:2812 mv:357 misc:943 imb:3 pmb:157 smb:1880 d:- ref:0 ;
in:116 out:116 type:P dur:2 cpbdur:2 q:23.56 aq:18.75 tex:15488 mv:744 misc:1584 imb:15 pmb:355 smb:1670 d:s ref:0 ;
in:117 out:117 type:P dur:2 cpbdur:2 q:23.52 aq:20.12 tex:32313 mv:1331 misc:1932 imb:22 pmb:705 smb:1313 d:s ref:0 ;
in:118 out:118 type:P dur:2 cpbdur:2 q:23.48 aq:20.71 tex:297339 mv:6346 misc:1379 imb:431 pmb:943 smb:666 d:s ref:0 ;
in:119 out:119 type:P dur:2 cpbdur:2 q:23.62 aq:21.54 tex:129226 mv:5012 misc:1570 imb:162 pmb:1160 smb:718 d:s ref:0 ;
in:120 out:120 type:P dur:2 cpbdur:2 q:23.86 aq:20.11 tex:496596 mv:11079 misc:333 imb:490 pmb:1529 smb:21 d:s ref:0 w:0,1,-1 ;
in:121 out:121 type:P dur:2 cpbdur:2 q:23.63 aq:18.76 tex:381216 mv:9346 misc:566 imb:386 pmb:1557 smb:97 d:s ref:0 ;
in:123 out:122 type:P dur:2 cpbdur:2 q:23.84 aq:18.80 tex:341878 mv:9227 misc:783 imb:227 pmb:1632 smb:181 d:s ref:0 ;
in:122 out:123 type:b dur:2 cpbdur:2 q:23.87 aq:24.96 tex:33612 mv:3977 misc:1723 imb:12 pmb:758 smb:1270 d:s ref:0 ;
in:125 out:124 type:P dur:2 cpbdur:2 q:24.20 aq:19.16 tex:286579 mv:8463 misc:774 imb:211 pmb:1605 smb:224 d:s ref:0 ;
in:124 out:125 type:b dur:2 cpbdur:2 q:24.22 aq:25.04 tex:35989 mv:4783 misc:1636 imb:19 pmb:663 smb:1358 d:s ref:0 ;
in:128 out:126 type:P dur:2 cpbdur:2 q:24.61 aq:19.00 tex:349324 mv:9691 misc:689 imb:219 pmb:1650 smb:171 d:s ref:0 ;
in:126 out:127 type:B dur:2 cpbdur:2 q:24.73 aq:25.28 tex:28423 mv:4572 misc:1757 imb:30 pmb:737 smb:1273 d:s ref:0 ;
in:127 out:128 type:b dur:2 cpbdur:2 q:24.72 aq:25.72 tex:4671 mv:1345 misc:1400 imb:6 pmb:409 smb:1625 d:- ref:0 ;
in:129 out:129 type:P dur:2 cpbdur:2 q:22.82 aq:17.32 tex:131782 mv:1668 misc:1670 imb:39 pmb:1534 smb:467 d:s ref:0 ;
in:130 out:130 type:P dur:2 cpbdur:2 q:21.95 aq:16.66 tex:141900 mv:1366 misc:1662 imb:27 pmb:1505 smb:508 d:s ref:0 ;
in:131 out:131 type:P dur:2 cpbdur:2 q:20.58 aq:15.54 tex:212846 mv:1467 misc:1119 imb:46 pmb:1693 smb:301 d:s ref:0 ;
in:132 out:132 type:P dur:2 cpbdur:2 q:21.89 aq:17.16 tex:45276 mv:629 misc:2087 imb:11 pmb:973 smb:1056 d:s ref:0 ;
in:133 out:133 type:P dur:2 cpbdur:2 q:21.68 aq:17.34 tex:47080 mv:652 misc:2068 imb:14 pmb:890 smb:1136 d:s ref:0 ;
in:134 out:134 type:P dur:2 cpbdur:2 q:22.13 aq:18.11 tex:32125 mv:518 misc:2061 imb:12 pmb:755 smb:1273 d:s ref:0 ;
in:135 out:135 type:P dur:2 cpbdur:2 q:21.99 aq:18.36 tex:41459 mv:604 misc:2073 imb:13 pmb:826 smb:1201 d:s ref:0 ;
in:136 out:136 type:P dur:2 cpbdur:2 q:21.97 aq:18.85 tex:68679 mv:853 misc:2028 imb:18 pmb:1176 smb:846 d:s ref:0 ;
in:137 out:137 type:P dur:2 cpbdur:2 q:21.83 aq:19.57 tex:25259 mv:320 misc:1941 imb:4 pmb:622 smb:1414 d:s ref:0 ;
in:140 out:138 type:P dur:2 cpbdur:2 q:21.86 aq:17.03 tex:389174 mv:12074 misc:616 imb:1539 pmb:335 smb:166 d:s ref:0 ;
in:138 out:139 type:B dur:2 cpbdur:2 q:21.86 aq:21.25 tex:10757 mv:866 misc:1521 imb:21 pmb:430 smb:1589 d:s ref:0 ;
in:139 out:140 type:b dur:2 cpbdur:2 q:25.80 aq:26.07 tex:297704 mv:22115 misc:661 imb:752 pmb:910 smb:378 d:- ref:0 ;
in:142 out:141 type:P dur:2 cpbdur:2 q:20.26 aq:14.45 tex:247433 mv:8949 misc:786 imb:765 pmb:450 smb:825 d:s ref:0 ;
in:141 out:142 type:b dur:2 cpbdur:2 q:21.84 aq:18.82 tex:97493 mv:12172 misc:703 imb:92 pmb:771 smb:1177 d:s ref:0 ;
in:143 out:143 type:I dur:2 cpbdur:2 q:17.20 aq:12.40 tex:875625 mv:69820 misc:235 imb:2040 pmb:0 smb:0 d:s ref:;
in:146 out:144 type:P dur:2 cpbdur:2 q:18.68 aq:12.94 tex:480782 mv:11444 misc:670 imb:1505 pmb:328 smb:207 d:s ref:0 ;
in:144 out:145 type:B dur:2 cpbdur:2 q:18.68 aq:18.83 tex:103737 mv:3476 misc:1587 imb:133 pmb:602 smb:1305 d:s ref:0 ;
in:145 out:146 type:b dur:2 cpbdur:2 q:21.21 aq:20.66 tex:295676 mv:20217 misc:579 imb:574 pmb:832 smb:634 d:- ref:0 ;
in:148 out:147 type:P dur:2 cpbdur:2 q:18.57 aq:12.96 tex:280364 mv:10393 misc:1083 imb:500 pmb:785 smb:755 d:s ref:0 ;
in:147 out:148 type:b dur:2 cpbdur:2 q:18.96 aq:16.91 tex:104616 mv:10482 misc:894 imb:98 pmb:850 smb:1092 d:s ref:0 ;
in:150 out:149 type:P dur:2 cpbdur:2 q:21.60 aq:16.25 tex:759000 mv:13420 misc:548 imb:1161 pmb:721 smb:158 d:s ref:0 ;
in:149 out:150 type:b dur:2 cpbdur:2 q:21.64 aq:21.96 tex:11596 mv:430 misc:1182 imb:5 pmb:295 smb:1740 d:s ref:0 ;
in:151 out:151 type:P dur:2 cpbdur:2 q:18.48 aq:13.51 tex:281342 mv:2820 misc:974 imb:98 pmb:1607 smb:335 d:s ref:0 ;
in:152 out:152 type:P dur:2 cpbdur:2 q:21.87 aq:17.67 tex:24671 mv:543 misc:1882 imb:16 pmb:583 smb:1441 d:s ref:0 ;
in:153 out:153 type:P dur:2 cpbdur:2 q:21.91 aq:17.86 tex:35203 mv:711 misc:1886 imb:22 pmb:634 smb:1384 d:s ref:0 ;
in:154 out:154 type:P dur:2 cpbdur:2 q:21.29 aq:17.31 tex:85230 mv:1593 misc:1921 imb:53 pmb:1167 smb:820 d:s ref:0 ;
in:155 out:155 type:P dur:2 cpbdur:2 q:21.08 aq:17.12 tex:66761 mv:1714 misc:1949 imb:87 pmb:1138 smb:815 d:s ref:0 ;
in:156 out:156 type:P dur:2 cpbdur:2 q:21.61 aq:18.17 tex:49104 mv:1314 misc:2054 imb:70 pmb:844 smb:1126 d:s ref:0 ;
in:157 out:157 type:P dur:2 cpbdur:2 q:21.14 aq:17.43 tex:83695 mv:2279 misc:1906 imb:133 pmb:1179 smb:728 d:s ref:0 ;
in:159 out:158 type:P dur:2 cpbdur:2 q:21.56 aq:19.43 tex:308540 mv:11987 misc:993 imb:337 pmb:1446 smb:257 d:s ref:0 ;
in:158 out:159 type:b dur:2 cpbdur:2 q:21.55 aq:20.24 tex:11123 mv:1290 misc:1507 imb:21 pmb:429 smb:1590 d:s ref:0 ;
in:160 out:160 type:P dur:2 cpbdur:2 q:22.28 aq:16.68 tex:614494 mv:12395 misc:519 imb:534 pmb:1380 smb:126 d:s ref:0 ;
in:162 out:161 type:P dur:2 cpbdur:2 q:22.54 aq:16.50 tex:537464 mv:10948 misc:572 imb:304 pmb:1551 smb:185 d:s ref:0 ;
in:161 out:162 type:b dur:2 cpbdur:2 q:22.52 aq:24.06 tex:67159 mv:6649 misc:1824 imb:25 pmb:996 smb:1019 d:s ref:0 ;
in:166 out:163 type:P dur:2 cpbdur:2 q:21.97 aq:16.89 tex:71639 mv:1145 misc:1952 imb:41 pmb:1090 smb:909 d:s ref:0 ;
in:164 out:164 type:B dur:2 cpbdur:2 q:22.53 aq:20.89 tex:2146 mv:196 misc:634 imb:2 pmb:83 smb:1955 d:s ref:0 ;
in:163 out:165 type:b dur:2 cpbdur:2 q:22.53 aq:19.25 tex:1112 mv:116 misc:316 imb:2 pmb:26 smb:2012 d:s ref:0 ;
in:165 out:166 type:b dur:2 cpbdur:2 q:22.53 aq:19.61 tex:1611 mv:118 misc:359 imb:0 pmb:64 smb:1976 d:- ref:0 ;
in:169 out:167 type:P dur:2 cpbdur:2 q:21.66 aq:16.57 tex:209091 mv:4032 misc:1829 imb:268 pmb:900 smb:872 d:s ref:0 ;
in:167 out:168 type:B dur:2 cpbdur:2 q:22.04 aq:19.35 tex:1258 mv:266 misc:724 imb:1 pmb:131 smb:1908 d:s ref:0 ;
in:168 out:169 type:b dur:2 cpbdur:2 q:22.01 aq:20.78 tex:2462 mv:270 misc:532 imb:1 pmb:93 smb:1946 d:- ref:0 ;
in:170 out:170 type:P dur:2 cpbdur:2 q:19.44 aq:14.42 tex:173418 mv:1683 misc:1395 imb:89 pmb:1541 smb:410 d:s ref:0 ;
in:171 out:171 type:P dur:2 cpbdur:2 q:19.03 aq:14.18 tex:117272 mv:1449 misc:1759 imb:69 pmb:1400 smb:571 d:s ref:0 ;
in:173 out:172 type:P dur:2 cpbdur:2 q:19.27 aq:15.38 tex:61261 mv:810 misc:2089 imb:24 pmb:1108 smb:908 d:s ref:0 ;
in:172 out:173 type:b dur:2 cpbdur:2 q:19.27 aq:20.14 tex:1044 mv:179 misc:801 imb:0 pmb:118 smb:1922 d:s ref:0 ;
in:175 out:174 type:P dur:2 cpbdur:2 q:20.91 aq:17.54 tex:13371 mv:440 misc:1533 imb:19 pmb:341 smb:1680 d:s ref:0 ;
in:174 out:175 type:b dur:2 cpbdur:2 q:20.88 aq:21.21 tex:400 mv:57 misc:383 imb:0 pmb:35 smb:2005 d:s ref:0 ;
in:177 out:176 type:P dur:2 cpbdur:2 q:20.19 aq:19.51 tex:236316 mv:9031 misc:1197 imb:188 pmb:1525 smb:327 d:s ref:0 ;
in:176 out:177 type:b dur:2 cpbdur:2 q:20.88 aq:19.75 tex:5614 mv:485 misc:1021 imb:10 pmb:253 smb:1777 d:s ref:0 ;
in:178 out:178 type:I dur:2 cpbdur:2 q:17.34 aq:15.82 tex:969429 mv:69172 misc:223 imb:2040 pmb:0 smb:0 d:s ref:;
in:182 out:179 type:P dur:2 cpbdur:2 q:20.11 aq:14.99 tex:1247459 mv:15532 misc:249 imb:1495 pmb:544 smb:1 d:s ref:0 ;
in:180 out:180 type:B dur:2 cpbdur:2 q:20.11 aq:18.96 tex:410998 mv:8474 misc:528 imb:81 pmb:1832 smb:127 d:s ref:0 ;
in:179 out:181 type:b dur:2 cpbdur:2 q:20.13 aq:21.18 tex:116008 mv:4454 misc:1890 imb:63 pmb:1163 smb:814 d:s ref:0 ;
in:181 out:182 type:b dur:2 cpbdur:2 q:20.11 aq:21.05 tex:145019 mv:8740 misc:1361 imb:13 pmb:1643 smb:384 d:- ref:0 ;
in:184 out:183 type:P dur:2 cpbdur:2 q:20.37 aq:14.93 tex:546685 mv:10246 misc:645 imb:260 pmb:1639 smb:141 d:s ref:0 ;
in:183 out:184 type:b dur:2 cpbdur:2 q:20.41 aq:21.73 tex:161870 mv:10159 misc:1523 imb:46 pmb:1507 smb:487 d:s ref:0 ;
in:187 out:185 type:P dur:2 cpbdur:2 q:20.81 aq:14.70 tex:575040 mv:8507 misc:629 imb:234 pmb:1655 smb:151 d:s ref:0 ;
in:185 out:186 type:B dur:2 cpbdur:2 q:20.84 aq:21.27 tex:143521 mv:8702 misc:1713 imb:63 pmb:1377 smb:600 d:s ref:0 ;
in:186 out:187 type:b dur:2 cpbdur:2 q:20.83 aq:22.27 tex:142942 mv:9202 misc:1640 imb:25 pmb:1468 smb:547 d:- ref:0 ;
in:189 out:188 type:P dur:2 cpbdur:2 q:20.19 aq:14.75 tex:146946 mv:1242 misc:1868 imb:32 pmb:1380 smb:628 d:s ref:0 ;
in:188 out:189 type:b dur:2 cpbdur:2 q:20.80 aq:20.41 tex:1928 mv:301 misc:571 imb:4 pmb:82 smb:1954 d:s ref:0 ;
in:190 out:190 type:P dur:2 cpbdur:2 q:18.97 aq:13.11 tex:187767 mv:1527 misc:1266 imb:73 pmb:1682 smb:285 d:s ref:0 ;
in:192 out:191 type:P dur:2 cpbdur:2 q:20.31 aq:15.16 tex:74689 mv:1003 misc:2044 imb:46 pmb:1179 smb:815 d:s ref:0 ;
in:191 out:192 type:b dur:2 cpbdur:2 q:20.29 aq:19.26 tex:2193 mv:184 misc:463 imb:0 pmb:83 smb:1957 d:s ref:0 ;
in:195 out:193 type:P dur:2 cpbdur:2 q:22.61 aq:18.26 tex:36350 mv:689 misc:2057 imb:18 pmb:824 smb:1198 d:s ref:0 ;
in:193 out:194 type:B dur:2 cpbdur:2 q:22.56 aq:17.04 tex:1819 mv:126 misc:359 imb:0 pmb:60 smb:1980 d:s ref:0 ;
in:194 out:195 type:b dur:2 cpbdur:2 q:22.58 aq:23.47 tex:1400 mv:63 misc:321 imb:0 pmb:51 smb:1989 d:- ref:0 ;
in:196 out:196 type:P dur:2 cpbdur:2 q:22.63 aq:17.16 tex:16646 mv:789 misc:1589 imb:80 pmb:413 smb:1547 d:s ref:0 ;
in:197 out:197 type:P dur:2 cpbdur:2 q:23.21 aq:19.39 tex:12020 mv:334 misc:1422 imb:14 pmb:306 smb:1720 d:s ref:0 ;
in:198 out:198 type:P dur:2 cpbdur:2 q:23.20 aq:18.67 tex:6372 mv:235 misc:1185 imb:5 pmb:214 smb:1821 d:s ref:0 ;
in:202 out:199 type:P dur:2 cpbdur:2 q:23.28 aq:22.80 tex:705763 mv:13734 misc:471 imb:1486 pmb:441 smb:113 d:s ref:0 ;
in:200 out:200 type:B dur:2 cpbdur:2 q:23.28 aq:21.50 tex:7083 mv:295 misc:1158 imb:2 pmb:287 smb:1751 d:s ref:0 ;
in:199 out:201 type:b dur:2 cpbdur:2 q:23.28 aq:21.10 tex:53 mv:43 misc:232 imb:0 pmb:14 smb:2026 d:s ref:0 ;
in:201 out:202 type:b dur:2 cpbdur:2 q:23.28 aq:24.24 tex:3976 mv:134 misc:426 imb:1 pmb:109 smb:1930 d:- ref:0 ;
in:203 out:203 type:P dur:2 cpbdur:2 q:23.36 aq:22.77 tex:620138 mv:15322 misc:516 imb:1158 pmb:752 smb:130 d:s ref:0 ;
in:204 out:204 type:P dur:2 cpbdur:2 q:23.60 aq:22.82 tex:490648 mv:15967 misc:561 imb:1014 pmb:882 smb:144 d:s ref:0 ;
in:206 out:205 type:P dur:2 cpbdur:2 q:24.29 aq:22.87 tex:545387 mv:15087 misc:438 imb:1500 pmb:442 smb:98 d:s ref:0 ;
in:205 out:206 type:b dur:2 cpbdur:2 q:24.64 aq:25.05 tex:287548 mv:25626 misc:722 imb:651 pmb:1106 smb:283 d:s ref:0 ;
in:209 out:207 type:P dur:2 cpbdur:2 q:25.10 aq:23.82 tex:491412 mv:15258 misc:482 imb:1490 pmb:421 smb:129 d:s ref:0 ;
in:207 out:208 type:B dur:2 cpbdur:2 q:25.11 aq:25.00 tex:287840 mv:25984 misc:624 imb:539 pmb:1233 smb:268 d:s ref:0 ;
in:208 out:209 type:b dur:2 cpbdur:2 q:25.11 aq:25.97 tex:197970 mv:24651 misc:795 imb:264 pmb:1484 smb:292 d:- ref:0 ;
in:211 out:210 type:P dur:2 cpbdur:2 q:25.17 aq:23.05 tex:369437 mv:17368 misc:483 imb:918 pmb:1014 smb:108 d:s ref:0 ;
in:210 out:211 type:b dur:2 cpbdur:2 q:25.30 aq:25.79 tex:148191 mv:25711 misc:818 imb:220 pmb:1504 smb:316 d:s ref:0 ;
in:214 out:212 type:P dur:2 cpbdur:2 q:25.70 aq:19.25 tex:415938 mv:15512 misc:486 imb:1230 pmb:662 smb:148 d:s ref:0 ;
in:212 out:213 type:B dur:2 cpbdur:2 q:25.67 aq:25.40 tex:152515 mv:19859 misc:906 imb:134 pmb:1534 smb:372 d:s ref:0 ;
in:213 out:214 type:b dur:2 cpbdur:2 q:25.70 aq:26.38 tex:98273 mv:14640 misc:1239 imb:61 pmb:1486 smb:493 d:- ref:0 ;
in:216 out:215 type:P dur:2 cpbdur:2 q:22.39 aq:16.67 tex:160523 mv:4105 misc:1364 imb:93 pmb:1550 smb:397 d:s ref:0 ;
in:215 out:216 type:b dur:2 cpbdur:2 q:25.85 aq:24.18 tex:1037 mv:123 misc:392 imb:1 pmb:43 smb:1996 d:s ref:0 ;
in:218 out:217 type:P dur:2 cpbdur:2 q:23.14 aq:18.47 tex:28211 mv:996 misc:1913 imb:26 pmb:556 smb:1458 d:s ref:0 ;
in:217 out:218 type:b dur:2 cpbdur:2 q:23.13 aq:21.01 tex:994 mv:246 misc:656 imb:1 pmb:91 smb:1948 d:s ref:0 ;
in:219 out:219 type:P dur:2 cpbdur:2 q:25.86 aq:21.35 tex:16715 mv:778 misc:1603 imb:24 pmb:430 smb:1586 d:s ref:0 ;
in:223 out:220 type:P dur:2 cpbdur:2 q:26.68 aq:23.92 tex:548850 mv:14521 misc:517 imb:1210 pmb:672 smb:158 d:s ref:0 ;
in:221 out:221 type:B dur:2 cpbdur:2 q:26.67 aq:25.12 tex:61811 mv:4844 misc:1889 imb:101 pmb:912 smb:1027 d:s ref:0 ;
in:220 out:222 type:b dur:2 cpbdur:2 q:26.66 aq:24.82 tex:6778 mv:1431 misc:1415 imb:5 pmb:381 smb:1654 d:s ref:0 ;
in:222 out:223 type:b dur:2 cpbdur:2 q:26.67 aq:27.86 tex:82881 mv:7377 misc:1790 imb:93 pmb:1056 smb:891 d:- ref:0 ;
in:225 out:224 type:P dur:2 cpbdur:2 q:26.67 aq:23.61 tex:294852 mv:8030 misc:798 imb:224 pmb:1612 smb:204 d:s ref:0 ;
in:224 out:225 type:b dur:2 cpbdur:2 q:26.70 aq:28.38 tex:65058 mv:6751 misc:1631 imb:47 pmb:870 smb:1123 d:s ref:0 ;
in:226 out:226 type:P dur:2 cpbdur:2 q:26.75 aq:23.41 tex:233722 mv:6571 misc:1035 imb:133 pmb:1633 smb:274 d:s ref:0 ;
in:228 out:227 type:P dur:2 cpbdur:2 q:26.84 aq:23.16 tex:298423 mv:7719 misc:1026 imb:230 pmb:1540 smb:270 d:s ref:0 ;
in:227 out:228 type:b dur:2 cpbdur:2 q:27.11 aq:28.90 tex:55036 mv:5810 misc:1546 imb:40 pmb:730 smb:1270 d:s ref:0 ;
in:232 out:229 type:P dur:2 cpbdur:2 q:26.90 aq:22.43 tex:350280 mv:8753 misc:791 imb:233 pmb:1603 smb:204 d:s ref:0 ;
in:230 out:230 type:B dur:2 cpbdur:2 q:27.16 aq:27.20 tex:61867 mv:6628 misc:1785 imb:24 pmb:997 smb:1019 d:s ref:0 ;
in:229 out:231 type:b dur:2 cpbdur:2 q:27.20 aq:28.82 tex:60347 mv:7037 misc:1480 imb:71 pmb:697 smb:1272 d:s ref:0 ;
in:231 out:232 type:b dur:2 cpbdur:2 q:27.14 aq:27.99 tex:1940 mv:821 misc:1175 imb:0 pmb:354 smb:1686 d:- ref:0 ;
in:236 out:233 type:P dur:2 cpbdur:2 q:25.86 aq:22.21 tex:322503 mv:8766 misc:723 imb:148 pmb:1689 smb:203 d:s ref:0 ;
in:234 out:234 type:B dur:2 cpbdur:2 q:27.06 aq:26.28 tex:77679 mv:6680 misc:1697 imb:30 pmb:848 smb:1162 d:s ref:0 ;
in:233 out:235 type:b dur:2 cpbdur:2 q:27.06 aq:28.92 tex:28113 mv:4795 misc:1588 imb:2 pmb:643 smb:1395 d:s ref:0 ;
in:235 out:236 type:b dur:2 cpbdur:2 q:27.09 aq:29.40 tex:2734 mv:825 misc:1009 imb:1 pmb:331 smb:1708 d:- ref:0 ;
in:237 out:237 type:P dur:2 cpbdur:2 q:25.97 aq:20.90 tex:378298 mv:8529 misc:669 imb:225 pmb:1624 smb:191 d:s ref:0 ;
in:239 out:238 type:P dur:2 cpbdur:2 q:24.69 aq:19.18 tex:502949 mv:8744 misc:643 imb:165 pmb:1704 smb:171 d:s ref:0 ;
in:238 out:239 type:b dur:2 cpbdur:2 q:26.00 aq:27.89 tex:59066 mv:6213 misc:1593 imb:36 pmb:731 smb:1273 d:s ref:0 ;
in:243 out:240 type:P dur:2 cpbdur:2 q:25.33 aq:18.87 tex:676278 mv:5639 misc:283 imb:138 pmb:1890 smb:12 d:s ref:0 ;
in:241 out:241 type:B dur:2 cpbdur:2 q:25.34 aq:22.64 tex:2325 mv:134 misc:533 imb:1 pmb:79 smb:1960 d:s ref:0 ;
in:240 out:242 type:b dur:2 cpbdur:2 q:25.34 aq:27.78 tex:2819 mv:276 misc:649 imb:1 pmb:107 smb:1932 d:s ref:0 ;
in:242 out:243 type:b dur:2 cpbdur:2 q:25.33 aq:22.88 tex:47 mv:29 misc:228 imb:0 pmb:8 smb:2032 d:- ref:0 ;
in:244 out:244 type:P dur:2 cpbdur:2 q:23.22 aq:17.05 tex:297017 mv:1053 misc:922 imb:20 pmb:1801 smb:219 d:s ref:0 ;
in:246 out:245 type:P dur:2 cpbdur:2 q:22.45 aq:16.73 tex:159705 mv:664 misc:1607 imb:7 pmb:1456 smb:577 d:s ref:0 ;
in:245 out:246 type:b dur:2 cpbdur:2 q:23.54 aq:25.57 tex:1150 mv:53 misc:245 imb:0 pmb:17 smb:2023 d:s ref:0 ;
in:249 out:247 type:P dur:2 cpbdur:2 q:22.66 aq:17.17 tex:218837 mv:978 misc:1089 imb:36 pmb:1700 smb:304 d:s ref:0 ;
in:247 out:248 type:B dur:2 cpbdur:2 q:22.65 aq:22.16 tex:1351 mv:119 misc:690 imb:0 pmb:89 smb:1951 d:s ref:0 ;
in:248 out:249 type:b dur:2 cpbdur:2 q:22.65 aq:23.16 tex:1132 mv:45 misc:271 imb:0 pmb:18 smb:2022 d:- ref:0 ;
in:251 out:250 type:P dur:2 cpbdur:2 q:23.06 aq:18.15 tex:121801 mv:656 misc:1615 imb:9 pmb:1506 smb:525 d:s ref:0 ;
in:250 out:251 type:b dur:2 cpbdur:2 q:23.05 aq:23.16 tex:464 mv:52 misc:276 imb:0 pmb:18 smb:2022 d:s ref:0 ;
in:253 out:252 type:P dur:2 cpbdur:2 q:23.62 aq:18.85 tex:107210 mv:531 misc:1603 imb:9 pmb:1428 smb:603 d:s ref:0 ;
in:252 out:253 type:b dur:2 cpbdur:2 q:23.61 aq:24.30 tex:166 mv:76 misc:302 imb:0 pmb:30 smb:2010 d:s ref:0 ;
in:257 out:254 type:P dur:2 cpbdur:2 q:23.16 aq:18.30 tex:295865 mv:4229 misc:1458 imb:271 pmb:1397 smb:372 d:s ref:0 ;
in:255 out:255 type:B dur:2 cpbdur:2 q:23.61 aq:19.07 tex:1706 mv:378 misc:828 imb:2 pmb:201 smb:1837 d:s ref:0 ;
in:254 out:256 type:b dur:2 cpbdur:2 q:23.61 aq:18.54 tex:444 mv:128 misc:492 imb:0 pmb:95 smb:1945 d:s ref:0 ;
in:256 out:257 type:b dur:2 cpbdur:2 q:23.61 aq:17.39 tex:1297 mv:99 misc:292 imb:1 pmb:53 smb:1986 d:- ref:0 ;
in:259 out:258 type:P dur:2 cpbdur:2 q:21.79 aq:17.85 tex:59484 mv:473 misc:2163 imb:5 pmb:1016 smb:1019 d:s ref:0 ;
in:258 out:259 type:b dur:2 cpbdur:2 q:23.14 aq:19.86 tex:198 mv:55 misc:291 imb:0 pmb:24 smb:2016 d:s ref:0 ;
in:261 out:260 type:P dur:2 cpbdur:2 q:21.24 aq:18.71 tex:70998 mv:520 misc:2090 imb:1 pmb:1203 smb:836 d:s ref:0 ;
in:260 out:261 type:b dur:2 cpbdur:2 q:21.79 aq:21.12 tex:266 mv:99 misc:435 imb:0 pmb:44 smb:1996 d:s ref:0 ;
in:263 out:262 type:P dur:2 cpbdur:2 q:21.17 aq:19.70 tex:16843 mv:383 misc:1454 imb:20 pmb:325 smb:1695 d:s ref:0 ;
in:262 out:263 type:b dur:2 cpbdur:2 q:21.24 aq:17.06 tex:400 mv:231 misc:385 imb:19 pmb:26 smb:1995 d:t ref:0 ;
in:264 out:264 type:I dur:2 cpbdur:2 q:19.07 aq:16.57 tex:1006492 mv:78397 misc:199 imb:2040 pmb:0 smb:0 d:s ref:;
in:268 out:265 type:P dur:2 cpbdur:2 q:21.12 aq:18.45 tex:788326 mv:10143 misc:483 imb:1562 pmb:319 smb:159 d:s ref:0 ;
in:266 out:266 type:B dur:2 cpbdur:2 q:21.60 aq:16.29 tex:398529 mv:17398 misc:761 imb:913 pmb:704 smb:423 d:s ref:0 ;
in:265 out:267 type:b dur:2 cpbdur:2 q:21.60 aq:22.22 tex:347138 mv:15511 misc:679 imb:161 pmb:1008 smb:871 d:s ref:0 ;
in:267 out:268 type:b dur:2 cpbdur:2 q:21.60 aq:21.87 tex:60588 mv:1734 misc:1870 imb:75 pmb:857 smb:1108 d:- ref:0 ;
in:269 out:269 type:P dur:2 cpbdur:2 q:20.92 aq:18.88 tex:100943 mv:1806 misc:1875 imb:33 pmb:858 smb:1149 d:s ref:0 ;
in:272 out:270 type:P dur:2 cpbdur:2 q:21.06 aq:15.18 tex:495844 mv:11462 misc:502 imb:1680 pmb:199 smb:161 d:s ref:0 ;
in:270 out:271 type:B dur:2 cpbdur:2 q:21.26 aq:21.69 tex:30459 mv:390 misc:1983 imb:2 pmb:770 smb:1268 d:s ref:0 ;
in:271 out:272 type:b dur:2 cpbdur:2 q:21.94 aq:21.50 tex:323985 mv:17978 misc:821 imb:463 pmb:959 smb:618 d:- ref:0 ;
in:274 out:273 type:P dur:2 cpbdur:2 q:21.46 aq:17.05 tex:795810 mv:14327 misc:535 imb:1256 pmb:636 smb:148 d:s ref:0 ;
in:273 out:274 type:b dur:2 cpbdur:2 q:21.57 aq:18.35 tex:115542 mv:10547 misc:767 imb:173 pmb:863 smb:1004 d:s ref:0 ;
in:275 out:275 type:P dur:2 cpbdur:2 q:20.56 aq:16.76 tex:201192 mv:2891 misc:1781 imb:52 pmb:1406 smb:582 d:s ref:0 ;
in:276 out:276 type:P dur:2 cpbdur:2 q:20.31 aq:16.99 tex:136626 mv:1738 misc:1884 imb:36 pmb:1281 smb:723 d:s ref:0 ;
in:277 out:277 type:P dur:2 cpbdur:2 q:20.55 aq:17.79 tex:47459 mv:869 misc:2032 imb:16 pmb:811 smb:1213 d:s ref:0 ;
in:278 out:278 type:P dur:2 cpbdur:2 q:21.47 aq:19.13 tex:76698 mv:1567 misc:1959 imb:37 pmb:1208 smb:795 d:s ref:0 ;
in:279 out:279 type:P dur:2 cpbdur:2 q:22.72 aq:21.09 tex:43474 mv:1056 misc:2086 imb:19 pmb:860 smb:1161 d:s ref:0 ;
in:282 out:280 type:P dur:2 cpbdur:2 q:22.64 aq:15.40 tex:484969 mv:12780 misc:443 imb:1587 pmb:297 smb:156 d:s ref:0 ;
in:280 out:281 type:B dur:2 cpbdur:2 q:22.89 aq:22.56 tex:7734 mv:658 misc:1200 imb:25 pmb:264 smb:1751 d:s ref:0 ;
in:281 out:282 type:b dur:2 cpbdur:2 q:22.88 aq:23.14 tex:382672 mv:22178 misc:590 imb:682 pmb:922 smb:436 d:- ref:0 ;
in:284 out:283 type:P dur:2 cpbdur:2 q:21.05 aq:13.91 tex:280698 mv:10487 misc:847 imb:381 pmb:792 smb:867 d:s ref:0 ;
in:283 out:284 type:b dur:2 cpbdur:2 q:22.68 aq:21.90 tex:51656 mv:9694 misc:866 imb:40 pmb:865 smb:1135 d:s ref:0 ;
in:286 out:285 type:P dur:2 cpbdur:2 q:22.89 aq:16.91 tex:983776 mv:12025 misc:495 imb:1180 pmb:699 smb:161 d:s ref:0 ;
in:285 out:286 type:b dur:2 cpbdur:2 q:22.87 aq:24.30 tex:21589 mv:462 misc:1645 imb:3 pmb:511 smb:1526 d:s ref:0 ;
in:289 out:287 type:P dur:2 cpbdur:2 q:21.75 aq:16.61 tex:105320 mv:1226 misc:2054 imb:20 pmb:1143 smb:877 d:s ref:0 ;
in:287 out:288 type:B dur:2 cpbdur:2 q:22.88 aq:24.10 tex:2806 mv:211 misc:583 imb:0 pmb:78 smb:1962 d:s ref:0 ;
in:288 out:289 type:b dur:2 cpbdur:2 q:22.87 aq:24.63 tex:4318 mv:212 misc:270 imb:0 pmb:34 smb:2006 d:- ref:0 ;
in:291 out:290 type:P dur:2 cpbdur:2 q:21.14 aq:16.44 tex:169501 mv:1907 misc:1800 imb:14 pmb:1399 smb:627 d:s ref:0 ;
in:290 out:291 type:b dur:2 cpbdur:2 q:21.74 aq:21.92 tex:4327 mv:486 misc:1147 imb:1 pmb:253 smb:1786 d:s ref:0 ;
in:292 out:292 type:P dur:2 cpbdur:2 q:21.20 aq:16.73 tex:116313 mv:1021 misc:1890 imb:13 pmb:1338 smb:689 d:s ref:0 ;
in:293 out:293 type:P dur:2 cpbdur:2 q:21.15 aq:16.64 tex:191188 mv:1108 misc:1360 imb:5 pmb:1644 smb:391 d:s ref:0 ;
in:294 out:294 type:P dur:2 cpbdur:2 q:21.56 aq:17.15 tex:144186 mv:1154 misc:1636 imb:9 pmb:1505 smb:526 d:s ref:0 ;
in:296 out:295 type:P dur:2 cpbdur:2 q:21.67 aq:17.54 tex:180144 mv:1532 misc:1268 imb:28 pmb:1665 smb:347 d:s ref:0 ;
in:295 out:296 type:b dur:2 cpbdur:2 q:21.67 aq:20.75 tex:1517 mv:371 misc:1080 imb:4 pmb:205 smb:1831 d:s ref:0 ;
in:298 out:297 type:P dur:2 cpbdur:2 q:23.43 aq:19.99 tex:58039 mv:753 misc:2080 imb:12 pmb:1077 smb:951 d:s ref:0 ;
in:297 out:298 type:b dur:2 cpbdur:2 q:23.40 aq:22.42 tex:499 mv:147 misc:506 imb:0 pmb:59 smb:1981 d:s ref:0 ;
in:301 out:299 type:P dur:2 cpbdur:2 q:22.14 aq:19.15 tex:362082 mv:3862 misc:232 imb:107 pmb:1928 smb:5 d:s ref:0 ;
in:299 out:300 type:B dur:2 cpbdur:2 q:23.41 aq:22.08 tex:8901 mv:582 misc:1381 imb:2 pmb:313 smb:1725 d:s ref:0 ;
in:300 out:301 type:b dur:2 cpbdur:2 q:23.39 aq:19.11 tex:2292 mv:591 misc:1749 imb:1 pmb:526 smb:1513 d:- ref:0 ;
in:303 out:302 type:P dur:2 cpbdur:2 q:21.27 aq:18.52 tex:9125 mv:289 misc:1186 imb:3 pmb:225 smb:1812 d:s ref:0 ;
in:302 out:303 type:b dur:2 cpbdur:2 q:22.14 aq:19.40 tex:351 mv:60 misc:357 imb:0 pmb:28 smb:2012 d:s ref:0 ;
in:304 out:304 type:I dur:2 cpbdur:2 q:18.20 aq:16.15 tex:1048553 mv:72443 misc:220 imb:2040 pmb:0 smb:0 d:s ref:;
in:305 out:305 type:P dur:2 cpbdur:2 q:21.19 aq:18.46 tex:600502 mv:18913 misc:553 imb:402 pmb:1473 smb:165 d:s ref:0 ;
in:309 out:306 type:P dur:2 cpbdur:2 q:24.15 aq:18.85 tex:754140 mv:17282 misc:554 imb:863 pmb:1004 smb:173 d:s ref:0 ;
in:307 out:307 type:B dur:2 cpbdur:2 q:24.16 aq:23.10 tex:24801 mv:2479 misc:1384 imb:17 pmb:450 smb:1573 d:s ref:0 ;
in:306 out:308 type:b dur:2 cpbdur:2 q:24.16 aq:25.66 tex:106032 mv:15271 misc:905 imb:76 pmb:1685 smb:279 d:s ref:0 ;
in:308 out:309 type:b dur:2 cpbdur:2 q:24.16 aq:24.22 tex:3066 mv:255 misc:615 imb:3 pmb:96 smb:1941 d:- ref:0 ;
in:310 out:310 type:P dur:2 cpbdur:2 q:21.41 aq:16.46 tex:247426 mv:1992 misc:1238 imb:58 pmb:1568 smb:414 d:s ref:0 ;
in:311 out:311 type:P dur:2 cpbdur:2 q:21.10 aq:16.75 tex:97135 mv:771 misc:2062 imb:19 pmb:974 smb:1047 d:s ref:0 ;
in:312 out:312 type:P dur:2 cpbdur:2 q:21.05 aq:16.84 tex:48683 mv:557 misc:2016 imb:9 pmb:735 smb:1296 d:s ref:0 ;
in:314 out:313 type:P dur:2 cpbdur:2 q:21.00 aq:17.66 tex:55305 mv:608 misc:2055 imb:9 pmb:894 smb:1137 d:s ref:0 ;
in:313 out:314 type:b dur:2 cpbdur:2 q:21.05 aq:21.82 tex:1613 mv:164 misc:599 imb:0 pmb:77 smb:1963 d:s ref:0 ;
in:315 out:315 type:P dur:2 cpbdur:2 q:20.97 aq:17.97 tex:55773 mv:717 misc:2054 imb:16 pmb:952 smb:1072 d:s ref:0 ;
in:316 out:316 type:P dur:2 cpbdur:2 q:20.27 aq:17.84 tex:43579 mv:765 misc:2104 imb:24 pmb:904 smb:1112 d:s ref:0 ;
in:320 out:317 type:P dur:2 cpbdur:2 q:21.15 aq:20.36 tex:818574 mv:14544 misc:482 imb:1374 pmb:521 smb:145 d:s ref:0 ;
in:318 out:318 type:B dur:2 cpbdur:2 q:21.14 aq:20.46 tex:27257 mv:689 misc:1886 imb:14 pmb:662 smb:1364 d:s ref:0 ;
in:317 out:319 type:b dur:2 cpbdur:2 q:21.13 aq:21.97 tex:4974 mv:203 misc:623 imb:2 pmb:84 smb:1954 d:s ref:0 ;
in:319 out:320 type:b dur:2 cpbdur:2 q:21.14 aq:22.34 tex:426315 mv:26404 misc:689 imb:418 pmb:1400 smb:222 d:- ref:0 ;
in:323 out:321 type:P dur:2 cpbdur:2 q:22.81 aq:21.76 tex:617193 mv:12448 misc:503 imb:1486 pmb:411 smb:143 d:s ref:0 ;
in:321 out:322 type:B dur:2 cpbdur:2 q:23.67 aq:24.19 tex:395954 mv:24195 misc:739 imb:649 pmb:1126 smb:265 d:s ref:0 ;
in:322 out:323 type:b dur:2 cpbdur:2 q:23.69 aq:24.36 tex:317035 mv:25474 misc:755 imb:524 pmb:1263 smb:253 d:- ref:0 ;
in:326 out:324 type:P dur:2 cpbdur:2 q:23.03 aq:21.78 tex:511856 mv:15031 misc:505 imb:1291 pmb:611 smb:138 d:s ref:0 ;
in:324 out:325 type:B dur:2 cpbdur:2 q:23.16 aq:23.44 tex:336270 mv:27292 misc:702 imb:400 pmb:1388 smb:252 d:s ref:0 ;
in:325 out:326 type:b dur:2 cpbdur:2 q:23.14 aq:23.88 tex:250689 mv:28504 misc:679 imb:238 pmb:1531 smb:271 d:- ref:0 ;
in:328 out:327 type:P dur:2 cpbdur:2 q:23.04 aq:21.44 tex:522927 mv:16709 misc:532 imb:1022 pmb:884 smb:134 d:s ref:0 ;
in:327 out:328 type:b dur:2 cpbdur:2 q:23.14 aq:23.82 tex:220758 mv:27768 misc:762 imb:271 pmb:1511 smb:258 d:s ref:0 ;
in:331 out:329 type:P dur:2 cpbdur:2 q:23.47 aq:18.26 tex:698040 mv:14264 misc:464 imb:1371 pmb:528 smb:141 d:s ref:0 ;
in:329 out:330 type:B dur:2 cpbdur:2 q:23.45 aq:23.67 tex:276357 mv:22697 misc:738 imb:153 pmb:1643 smb:244 d:s ref:0 ;
in:330 out:331 type:b dur:2 cpbdur:2 q:23.47 aq:24.26 tex:197531 mv:18899 misc:778 imb:90 pmb:1697 smb:253 d:- ref:0 ;
in:333 out:332 type:P dur:2 cpbdur:2 q:23.14 aq:18.34 tex:90130 mv:2587 misc:2011 imb:61 pmb:1076 smb:903 d:s ref:0 ;
in:332 out:333 type:b dur:2 cpbdur:2 q:23.62 aq:22.19 tex:1623 mv:376 misc:1001 imb:3 pmb:194 smb:1843 d:s ref:0 ;
in:335 out:334 type:P dur:2 cpbdur:2 q:25.16 aq:21.34 tex:11648 mv:254 misc:1010 imb:3 pmb:187 smb:1850 d:s ref:0 ;
in:334 out:335 type:b dur:2 cpbdur:2 q:25.13 aq:24.15 tex:295 mv:80 misc:345 imb:0 pmb:36 smb:2004 d:s ref:0 ;
in:336 out:336 type:P dur:2 cpbdur:2 q:25.31 aq:23.18 tex:6464 mv:212 misc:580 imb:3 pmb:89 smb:1948 d:s ref:0 ;
in:337 out:337 type:P dur:2 cpbdur:2 q:25.28 aq:23.36 tex:154107 mv:8747 misc:1314 imb:417 pmb:1065 smb:558 d:s ref:0 ;
in:338 out:338 type:P dur:2 cpbdur:2 q:25.57 aq:22.59 tex:441948 mv:12608 misc:620 imb:851 pmb:995 smb:194 d:s ref:0 ;
in:341 out:339 type:P dur:2 cpbdur:2 q:25.56 aq:21.73 tex:525700 mv:10358 misc:518 imb:507 pmb:1361 smb:172 d:s ref:0 ;
in:339 out:340 type:B dur:2 cpbdur:2 q:25.58 aq:25.88 tex:106249 mv:8516 misc:1635 imb:60 pmb:1388 smb:592 d:s ref:0 ;
in:340 out:341 type:b dur:2 cpbdur:2 q:25.58 aq:26.64 tex:57324 mv:6361 misc:1891 imb:26 pmb:989 smb:1025 d:- ref:0 ;
in:343 out:342 type:P dur:2 cpbdur:2 q:25.90 aq:21.89 tex:374322 mv:6760 misc:558 imb:99 pmb:1761 smb:180 d:s ref:0 ;
in:342 out:343 type:b dur:2 cpbdur:2 q:25.90 aq:27.63 tex:37693 mv:4338 misc:1969 imb:6 pmb:935 smb:1099 d:s ref:0 ;
in:345 out:344 type:P dur:2 cpbdur:2 q:23.19 aq:20.12 tex:191319 mv:987 misc:1254 imb:7 pmb:1678 smb:355 d:s ref:0 ;
in:344 out:345 type:b dur:2 cpbdur:2 q:25.87 aq:25.53 tex:223 mv:21 misc:236 imb:0 pmb:11 smb:2029 d:s ref:0 ;
in:349 out:346 type:P dur:2 cpbdur:2 q:23.18 aq:21.19 tex:538422 mv:11382 misc:644 imb:1506 pmb:237 smb:297 d:s ref:0 ;
in:347 out:347 type:B dur:2 cpbdur:2 q:23.28 aq:21.40 tex:5650 mv:224 misc:846 imb:5 pmb:146 smb:1889 d:s ref:0 ;
in:346 out:348 type:b dur:2 cpbdur:2 q:23.29 aq:21.98 tex:140 mv:36 misc:240 imb:0 pmb:13 smb:2027 d:s ref:0 ;
in:348 out:349 type:b dur:2 cpbdur:2 q:23.27 aq:23.85 tex:4237 mv:233 misc:682 imb:0 pmb:153 smb:1887 d:- ref:0 ;
in:351 out:350 type:P dur:2 cpbdur:2 q:21.84 aq:15.47 tex:330645 mv:9516 misc:863 imb:1346 pmb:298 smb:396 d:s ref:0 ;
in:350 out:351 type:b dur:2 cpbdur:2 q:23.18 aq:21.90 tex:200543 mv:14139 misc:870 imb:321 pmb:789 smb:930 d:s ref:0 ;
in:355 out:352 type:P dur:2 cpbdur:2 q:21.97 aq:18.56 tex:421583 mv:11310 misc:683 imb:1281 pmb:522 smb:237 d:s ref:0 ;
in:353 out:353 type:B dur:2 cpbdur:2 q:24.93 aq:25.89 tex:369611 mv:18119 misc:638 imb:808 pmb:905 smb:327 d:s ref:0 ;
in:352 out:354 type:b dur:2 cpbdur:2 q:24.92 aq:22.52 tex:39731 mv:6683 misc:1130 imb:128 pmb:698 smb:1214 d:s ref:0 ;
in:354 out:355 type:b dur:2 cpbdur:2 q:24.93 aq:25.79 tex:277786 mv:21512 misc:646 imb:769 pmb:907 smb:364 d:- ref:0 ;
in:357 out:356 type:P dur:2 cpbdur:2 q:22.01 aq:16.76 tex:263456 mv:10708 misc:1052 imb:903 pmb:456 smb:681 d:s ref:0 ;
in:356 out:357 type:b dur:2 cpbdur:2 q:22.01 aq:19.58 tex:128293 mv:14244 misc:935 imb:167 pmb:839 smb:1034 d:s ref:0 ;
in:359 out:358 type:P dur:2 cpbdur:2 q:22.06 aq:20.62 tex:551847 mv:12554 misc:551 imb:1128 pmb:747 smb:165 d:s ref:0 ;
in:358 out:359 type:b dur:2 cpbdur:2 q:22.05 aq:22.69 tex:11696 mv:483 misc:1509 imb:8 pmb:416 smb:1616 d:s ref:0 ;
in:361 out:360 type:P dur:2 cpbdur:2 q:22.40 aq:19.44 tex:556999 mv:16703 misc:250 imb:1298 pmb:740 smb:2 d:s ref:0 ;
in:360 out:361 type:b dur:2 cpbdur:2 q:22.41 aq:23.00 tex:231281 mv:6095 misc:704 imb:132 pmb:1657 smb:251 d:s ref:0 ;
in:362 out:362 type:P dur:2 cpbdur:2 q:22.00 aq:13.99 tex:362279 mv:10281 misc:976 imb:1109 pmb:451 smb:480 d:s ref:0 ;
in:366 out:363 type:P dur:2 cpbdur:2 q:22.37 aq:16.05 tex:947986 mv:13462 misc:664 imb:1032 pmb:829 smb:179 d:s ref:0 ;
in:364 out:364 type:B dur:2 cpbdur:2 q:22.36 aq:21.07 tex:12794 mv:443 misc:1363 imb:11 pmb:303 smb:1726 d:s ref:0 ;
in:363 out:365 type:b dur:2 cpbdur:2 q:22.36 aq:23.46 tex:26500 mv:662 misc:1750 imb:5 pmb:603 smb:1432 d:s ref:0 ;
in:365 out:366 type:b dur:2 cpbdur:2 q:22.37 aq:21.60 tex:1773 mv:185 misc:474 imb:3 pmb:58 smb:1979 d:- ref:0 ;
in:367 out:367 type:P dur:2 cpbdur:2 q:22.10 aq:15.80 tex:125114 mv:1339 misc:1939 imb:20 pmb:1301 smb:719 d:s ref:0 ;
in:369 out:368 type:P dur:2 cpbdur:2 q:22.11 aq:15.69 tex:224536 mv:1886 misc:1530 imb:31 pmb:1504 smb:505 d:s ref:0 ;
in:368 out:369 type:b dur:2 cpbdur:2 q:22.11 aq:21.31 tex:1891 mv:447 misc:1230 imb:5 pmb:262 smb:1773 d:s ref:0 ;
in:370 out:370 type:P dur:2 cpbdur:2 q:22.17 aq:15.78 tex:157660 mv:1239 misc:1653 imb:13 pmb:1409 smb:618 d:s ref:0 ;
in:371 out:371 type:P dur:2 cpbdur:2 q:22.13 aq:15.50 tex:244658 mv:1335 misc:1263 imb:22 pmb:1606 smb:412 d:s ref:0 ;
in:373 out:372 type:P dur:2 cpbdur:2 q:22.21 aq:15.62 tex:227082 mv:1491 misc:1467 imb:22 pmb:1530 smb:488 d:s ref:0 ;
in:372 out:373 type:b dur:2 cpbdur:2 q:22.21 aq:21.04 tex:638 mv:133 misc:629 imb:0 pmb:86 smb:1954 d:s ref:0 ;
in:374 out:374 type:P dur:2 cpbdur:2 q:22.26 aq:15.48 tex:230415 mv:1355 misc:1182 imb:34 pmb:1596 smb:410 d:s ref:0 ;
in:376 out:375 type:P dur:2 cpbdur:2 q:22.42 aq:15.59 tex:247032 mv:1523 misc:1157 imb:45 pmb:1631 smb:364 d:s ref:0 ;
in:375 out:376 type:b dur:2 cpbdur:2 q:22.42 aq:19.43 tex:1815 mv:269 misc:612 imb:8 pmb:85 smb:1947 d:s ref:0 ;
in:378 out:377 type:P dur:2 cpbdur:2 q:22.68 aq:15.18 tex:203924 mv:1791 misc:1149 imb:72 pmb:1578 smb:390 d:s ref:0 ;
in:377 out:378 type:b dur:2 cpbdur:2 q:22.76 aq:22.05 tex:480 mv:154 misc:502 imb:0 pmb:94 smb:1946 d:s ref:0 ;
in:382 out:379 type:P dur:2 cpbdur:2 q:22.61 aq:15.03 tex:441842 mv:4314 misc:1052 imb:237 pmb:1580 smb:223 d:s ref:0 ;
in:380 out:380 type:B dur:2 cpbdur:2 q:22.80 aq:21.12 tex:1393 mv:285 misc:1114 imb:1 pmb:212 smb:1827 d:s ref:0 ;
in:379 out:381 type:b dur:2 cpbdur:2 q:22.82 aq:22.42 tex:1271 mv:243 misc:750 imb:0 pmb:132 smb:1908 d:s ref:0 ;
in:381 out:382 type:b dur:2 cpbdur:2 q:22.79 aq:20.03 tex:115 mv:29 misc:232 imb:0 pmb:9 smb:2031 d:- ref:0 ;
in:384 out:383 type:P dur:2 cpbdur:2 q:22.16 aq:14.67 tex:238280 mv:1168 misc:1040 imb:25 pmb:1776 smb:239 d:s ref:0 ;
in:383 out:384 type:b dur:2 cpbdur:2 q:22.71 aq:17.40 tex:246 mv:113 misc:369 imb:0 pmb:35 smb:2005 d:t ref:0 ;
in:386 out:385 type:P dur:2 cpbdur:2 q:22.21 aq:14.52 tex:196257 mv:988 misc:1259 imb:21 pmb:1755 smb:264 d:s ref:0 ;
in:385 out:386 type:b dur:2 cpbdur:2 q:22.21 aq:19.12 tex:1345 mv:158 misc:425 imb:0 pmb:75 smb:1965 d:s ref:0 ;
in:389 out:387 type:P dur:2 cpbdur:2 q:22.42 aq:14.99 tex:164126 mv:942 misc:1484 imb:20 pmb:1611 smb:409 d:s ref:0 ;
in:387 out:388 type:B dur:2 cpbdur:2 q:22.52 aq:21.36 tex:824 mv:66 misc:430 imb:0 pmb:41 smb:1999 d:s ref:0 ;
in:388 out:389 type:b dur:2 cpbdur:2 q:22.53 aq:25.23 tex:943 mv:42 misc:239 imb:0 pmb:14 smb:2026 d:- ref:0 ;
in:391 out:390 type:P dur:2 cpbdur:2 q:22.06 aq:14.64 tex:190122 mv:813 misc:1257 imb:17 pmb:1722 smb:301 d:s ref:0 ;
in:390 out:391 type:b dur:2 cpbdur:2 q:22.49 aq:22.59 tex:871 mv:66 misc:271 imb:0 pmb:18 smb:2022 d:s ref:0 ;
in:393 out:392 type:P dur:2 cpbdur:2 q:21.81 aq:14.50 tex:178560 mv:750 misc:1258 imb:17 pmb:1702 smb:321 d:s ref:0 ;
in:392 out:393 type:b dur:2 cpbdur:2 q:22.13 aq:19.92 tex:690 mv:63 misc:303 imb:0 pmb:22 smb:2018 d:s ref:0 ;
in:397 out:394 type:P dur:2 cpbdur:2 q:21.55 aq:14.50 tex:173147 mv:843 misc:1258 imb:27 pmb:1694 smb:319 d:s ref:0 ;
in:395 out:395 type:B dur:2 cpbdur:2 q:21.95 aq:19.86 tex:793 mv:209 misc:774 imb:0 pmb:110 smb:1930 d:s ref:0 ;
in:394 out:396 type:b dur:2 cpbdur:2 q:22.02 aq:21.48 tex:153 mv:51 misc:300 imb:0 pmb:20 smb:2020 d:s ref:0 ;
in:396 out:397 type:b dur:2 cpbdur:2 q:22.02 aq:22.97 tex:1046 mv:44 misc:206 imb:0 pmb:9 smb:2031 d:- ref:0 ;
in:401 out:398 type:P dur:2 cpbdur:2 q:21.28 aq:14.52 tex:195276 mv:780 misc:1168 imb:23 pmb:1732 smb:285 d:s ref:0 ;
in:399 out:399 type:B dur:2 cpbdur:2 q:21.84 aq:19.84 tex:2321 mv:186 misc:757 imb:0 pmb:110 smb:1930 d:s ref:0 ;
in:398 out:400 type:b dur:2 cpbdur:2 q:21.96 aq:19.60 tex:858 mv:50 misc:244 imb:0 pmb:14 smb:2026 d:s ref:0 ;
in:400 out:401 type:b dur:2 cpbdur:2 q:21.95 aq:21.47 tex:1550 mv:33 misc:185 imb:0 pmb:6 smb:2034 d:- ref:0 ;
in:405 out:402 type:P dur:2 cpbdur:2 q:20.33 aq:13.84 tex:159919 mv:1044 misc:1317 imb:58 pmb:1680 smb:302 d:s ref:0 ;
in:403 out:403 type:B dur:2 cpbdur:2 q:21.51 aq:18.49 tex:1722 mv:155 misc:547 imb:0 pmb:64 smb:1976 d:t ref:0 ;
in:402 out:404 type:b dur:2 cpbdur:2 q:21.67 aq:21.08 tex:778 mv:49 misc:221 imb:0 pmb:10 smb:2030 d:s ref:0 ;
in:404 out:405 type:b dur:2 cpbdur:2 q:21.66 aq:12.36 tex:1395 mv:132 misc:441 imb:0 pmb:80 smb:1960 d:- ref:0 ;
in:409 out:406 type:P dur:2 cpbdur:2 q:18.97 aq:13.52 tex:150521 mv:756 misc:1411 imb:24 pmb:1644 smb:372 d:s ref:0 ;
in:407 out:407 type:B dur:2 cpbdur:2 q:20.67 aq:18.93 tex:542 mv:141 misc:533 imb:0 pmb:63 smb:1977 d:s ref:0 ;
in:406 out:408 type:b dur:2 cpbdur:2 q:20.97 aq:18.18 tex:152 mv:44 misc:260 imb:0 pmb:16 smb:2024 d:s ref:0 ;
in:408 out:409 type:b dur:2 cpbdur:2 q:20.96 aq:18.20 tex:74 mv:30 misc:240 imb:0 pmb:10 smb:2030 d:- ref:0 ;
in:413 out:410 type:P dur:2 cpbdur:2 q:17.65 aq:13.64 tex:135263 mv:563 misc:1630 imb:14 pmb:1572 smb:454 d:s ref:0 ;
in:411 out:411 type:B dur:2 cpbdur:2 q:19.28 aq:17.91 tex:2199 mv:347 misc:1086 imb:0 pmb:218 smb:1822 d:s ref:0 ;
in:410 out:412 type:b dur:2 cpbdur:2 q:19.61 aq:19.04 tex:361 mv:83 misc:420 imb:0 pmb:41 smb:1999 d:s ref:0 ;
in:412 out:413 type:b dur:2 cpbdur:2 q:19.59 aq:19.55 tex:1618 mv:82 misc:380 imb:0 pmb:37 smb:2003 d:- ref:0 ;
in:417 out:414 type:P dur:2 cpbdur:2 q:15.15 aq:14.59 tex:50612 mv:412 misc:1952 imb:8 pmb:740 smb:1292 d:s ref:0 ;
in:415 out:415 type:B dur:2 cpbdur:2 q:17.86 aq:17.07 tex:2274 mv:281 misc:1277 imb:0 pmb:257 smb:1783 d:t ref:0 ;
in:414 out:416 type:b dur:2 cpbdur:2 q:18.17 aq:19.44 tex:455 mv:123 misc:582 imb:0 pmb:72 smb:1968 d:s ref:0 ;
in:416 out:417 type:b dur:2 cpbdur:2 q:18.14 aq:19.00 tex:464 mv:78 misc:594 imb:0 pmb:76 smb:1964 d:- ref:0 ;
in:418 out:418 type:P dur:2 cpbdur:2 q:19.04 aq:18.86 tex:963600 mv:16125 misc:515 imb:1246 pmb:648 smb:146 d:s ref:0 ;
in:419 out:419 type:I dur:2 cpbdur:2 q:15.75 aq:13.76 tex:1197251 mv:70882 misc:219 imb:2040 pmb:0 smb:0 d:s ref:;
in:420 out:420 type:P dur:2 cpbdur:2 q:21.10 aq:18.66 tex:554211 mv:18885 misc:552 imb:429 pmb:1431 smb:180 d:s ref:0 ;
in:423 out:421 type:P dur:2 cpbdur:2 q:21.22 aq:16.43 tex:837012 mv:17520 misc:404 imb:873 pmb:1134 smb:33 d:s ref:0 ;
in:421 out:422 type:B dur:2 cpbdur:2 q:21.22 aq:22.34 tex:200461 mv:15747 misc:1048 imb:88 pmb:1668 smb:284 d:s ref:0 ;
in:422 out:423 type:b dur:2 cpbdur:2 q:21.22 aq:21.83 tex:24346 mv:1976 misc:1462 imb:23 pmb:478 smb:1539 d:- ref:0 ;
in:424 out:424 type:P dur:2 cpbdur:2 q:20.30 aq:16.89 tex:110052 mv:979 misc:1985 imb:12 pmb:1034 smb:994 d:s ref:0 ;
in:425 out:425 type:P dur:2 cpbdur:2 q:19.68 aq:16.61 tex:103997 mv:734 misc:1997 imb:17 pmb:768 smb:1255 d:s ref:0 ;
in:426 out:426 type:P dur:2 cpbdur:2 q:18.93 aq:16.51 tex:82995 mv:557 misc:1840 imb:14 pmb:704 smb:1322 d:s ref:0 ;
in:429 out:427 type:P dur:2 cpbdur:2 q:20.15 aq:19.06 tex:859422 mv:14268 misc:574 imb:1405 pmb:492 smb:143 d:s ref:0 ;
in:427 out:428 type:B dur:2 cpbdur:2 q:20.15 aq:19.66 tex:21498 mv:306 misc:1276 imb:2 pmb:348 smb:1690 d:s ref:0 ;
in:428 out:429 type:b dur:2 cpbdur:2 q:20.15 aq:21.49 tex:26419 mv:667 misc:1322 imb:8 pmb:357 smb:1675 d:- ref:0 ;
in:431 out:430 type:P dur:2 cpbdur:2 q:22.40 aq:17.34 tex:1025514 mv:15080 misc:558 imb:1342 pmb:541 smb:157 d:s ref:0 ;
in:430 out:431 type:b dur:2 cpbdur:2 q:22.34 aq:23.81 tex:145754 mv:6175 misc:1655 imb:64 pmb:1244 smb:732 d:s ref:0 ;
in:433 out:432 type:P dur:2 cpbdur:2 q:22.00 aq:17.02 tex:454764 mv:9321 misc:659 imb:202 pmb:1656 smb:182 d:s ref:0 ;
in:432 out:433 type:b dur:2 cpbdur:2 q:22.96 aq:24.71 tex:50402 mv:3955 misc:1795 imb:11 pmb:796 smb:1233 d:s ref:0 ;
in:434 out:434 type:P dur:2 cpbdur:2 q:22.59 aq:16.25 tex:528160 mv:10771 misc:485 imb:233 pmb:1638 smb:169 d:s ref:0 ;
in:436 out:435 type:P dur:2 cpbdur:2 q:22.62 aq:16.11 tex:494461 mv:9291 misc:624 imb:158 pmb:1692 smb:190 d:s ref:0 ;
in:435 out:436 type:b dur:2 cpbdur:2 q:22.68 aq:24.40 tex:50453 mv:3556 misc:1863 imb:5 pmb:788 smb:1247 d:s ref:0 ;
in:437 out:437 type:P dur:2 cpbdur:2 q:21.22 aq:14.93 tex:137250 mv:1110 misc:1672 imb:25 pmb:1477 smb:538 d:s ref:0 ;
in:438 out:438 type:P dur:2 cpbdur:2 q:20.97 aq:15.08 tex:83782 mv:603 misc:2015 imb:13 pmb:1105 smb:922 d:s ref:0 ;
in:439 out:439 type:P dur:2 cpbdur:2 q:21.30 aq:15.47 tex:95915 mv:670 misc:1911 imb:14 pmb:1308 smb:718 d:s ref:0 ;
in:441 out:440 type:P dur:2 cpbdur:2 q:21.26 aq:15.70 tex:107897 mv:811 misc:1860 imb:18 pmb:1344 smb:678 d:s ref:0 ;
in:440 out:441 type:b dur:2 cpbdur:2 q:21.30 aq:20.04 tex:1277 mv:128 misc:435 imb:2 pmb:42 smb:1996 d:s ref:0 ;
in:442 out:442 type:P dur:2 cpbdur:2 q:21.60 aq:16.12 tex:84513 mv:928 misc:1967 imb:25 pmb:1264 smb:751 d:s ref:0 ;
in:445 out:443 type:P dur:2 cpbdur:2 q:22.28 aq:17.25 tex:89343 mv:1011 misc:1894 imb:25 pmb:1340 smb:675 d:s ref:0 ;
in:443 out:444 type:B dur:2 cpbdur:2 q:22.27 aq:21.22 tex:1538 mv:99 misc:459 imb:0 pmb:50 smb:1990 d:s ref:0 ;
in:444 out:445 type:b dur:2 cpbdur:2 q:22.27 aq:22.54 tex:1104 mv:103 misc:329 imb:0 pmb:30 smb:2010 d:- ref:0 ;
in:446 out:446 type:P dur:2 cpbdur:2 q:21.88 aq:17.07 tex:57947 mv:693 misc:2112 imb:13 pmb:1052 smb:975 d:s ref:0 ;
in:447 out:447 type:P dur:2 cpbdur:2 q:22.30 aq:17.51 tex:23608 mv:354 misc:1934 imb:4 pmb:639 smb:1397 d:s ref:0 ;
in:448 out:448 type:P dur:2 cpbdur:2 q:22.35 aq:17.84 tex:29948 mv:437 misc:2023 imb:8 pmb:668 smb:1364 d:s ref:0 ;
in:452 out:449 type:P dur:2 cpbdur:2 q:21.56 aq:18.57 tex:48778 mv:940 misc:2138 imb:27 pmb:986 smb:1027 d:s ref:0 ;
in:450 out:450 type:B dur:2 cpbdur:2 q:22.34 aq:20.61 tex:2103 mv:174 misc:675 imb:1 pmb:92 smb:1947 d:s ref:0 ;
in:449 out:451 type:b dur:2 cpbdur:2 q:22.35 aq:22.58 tex:1225 mv:98 misc:333 imb:0 pmb:32 smb:2008 d:s ref:0 ;
in:451 out:452 type:b dur:2 cpbdur:2 q:22.34 aq:23.26 tex:1075 mv:33 misc:228 imb:0 pmb:11 smb:2029 d:- ref:0 ;
in:456 out:453 type:P dur:2 cpbdur:2 q:21.73 aq:21.50 tex:668952 mv:16416 misc:560 imb:1184 pmb:724 smb:132 d:s ref:0 ;
in:454 out:454 type:B dur:2 cpbdur:2 q:21.87 aq:19.98 tex:9527 mv:383 misc:1050 imb:1 pmb:242 smb:1797 d:s ref:0 ;
in:453 out:455 type:b dur:2 cpbdur:2 q:21.89 aq:21.63 tex:442 mv:69 misc:265 imb:0 pmb:23 smb:2017 d:s ref:0 ;
in:455 out:456 type:b dur:2 cpbdur:2 q:21.84 aq:23.08 tex:243887 mv:18407 misc:970 imb:191 pmb:1576 smb:273 d:- ref:0 ;
in:459 out:457 type:P dur:2 cpbdur:2 q:21.79 aq:20.88 tex:704218 mv:14517 misc:489 imb:1495 pmb:442 smb:103 d:s ref:0 ;
in:457 out:458 type:B dur:2 cpbdur:2 q:23.28 aq:23.67 tex:523613 mv:24482 misc:577 imb:952 pmb:911 smb:177 d:s ref:0 ;
in:458 out:459 type:b dur:2 cpbdur:2 q:23.26 aq:24.06 tex:377152 mv:27237 misc:667 imb:543 pmb:1279 smb:218 d:- ref:0 ;
in:463 out:460 type:P dur:2 cpbdur:2 q:21.54 aq:19.38 tex:612923 mv:12998 misc:495 imb:1572 pmb:361 smb:107 d:s ref:0 ;
in:461 out:461 type:B dur:2 cpbdur:2 q:21.77 aq:21.14 tex:489928 mv:25240 misc:632 imb:835 pmb:1025 smb:180 d:s ref:0 ;
in:460 out:462 type:b dur:2 cpbdur:2 q:21.78 aq:22.48 tex:405208 mv:26513 misc:631 imb:654 pmb:1182 smb:204 d:s ref:0 ;
in:462 out:463 type:b dur:2 cpbdur:2 q:21.75 aq:21.91 tex:297979 mv:28269 misc:728 imb:331 pmb:1498 smb:211 d:- ref:0 ;
in:465 out:464 type:P dur:2 cpbdur:2 q:21.49 aq:18.29 tex:575797 mv:17525 misc:622 imb:969 pmb:928 smb:143 d:s ref:0 ;
in:464 out:465 type:b dur:2 cpbdur:2 q:21.56 aq:21.80 tex:254166 mv:26617 misc:881 imb:291 pmb:1453 smb:296 d:s ref:0 ;
in:466 out:466 type:P dur:2 cpbdur:2 q:21.70 aq:17.52 tex:452586 mv:16228 misc:602 imb:420 pmb:1407 smb:213 d:s ref:0 ;
in:468 out:467 type:P dur:2 cpbdur:2 q:21.08 aq:16.10 tex:500096 mv:15400 misc:632 imb:417 pmb:1424 smb:199 d:s ref:0 ;
in:467 out:468 type:b dur:2 cpbdur:2 q:21.93 aq:20.99 tex:27267 mv:2789 misc:1808 imb:27 pmb:774 smb:1239 d:s ref:0 ;
in:471 out:469 type:P dur:2 cpbdur:2 q:22.94 aq:16.79 tex:547126 mv:11810 misc:880 imb:400 pmb:1322 smb:318 d:s ref:0 ;
in:469 out:470 type:B dur:2 cpbdur:2 q:22.90 aq:21.90 tex:18566 mv:1395 misc:1703 imb:12 pmb:559 smb:1469 d:s ref:0 ;
in:470 out:471 type:b dur:2 cpbdur:2 q:22.92 aq:23.07 tex:2480 mv:421 misc:819 imb:2 pmb:149 smb:1889 d:- ref:0 ;
in:472 out:472 type:P dur:2 cpbdur:2 q:24.65 aq:18.94 tex:61514 mv:845 misc:1697 imb:22 pmb:531 smb:1487 d:s ref:0 ;
in:474 out:473 type:P dur:2 cpbdur:2 q:24.71 aq:19.49 tex:124082 mv:1080 misc:1590 imb:32 pmb:522 smb:1486 d:s ref:0 ;
in:473 out:474 type:b dur:2 cpbdur:2 q:24.71 aq:26.00 tex:13077 mv:241 misc:922 imb:0 pmb:225 smb:1815 d:s ref:0 ;
in:475 out:475 type:P dur:2 cpbdur:2 q:24.70 aq:19.60 tex:64316 mv:623 misc:1725 imb:8 pmb:720 smb:1312 d:s ref:0 ;
in:476 out:476 type:P dur:2 cpbdur:2 q:24.69 aq:19.28 tex:91619 mv:935 misc:1694 imb:21 pmb:1060 smb:959 d:s ref:0 ;
in:477 out:477 type:P dur:2 cpbdur:2 q:24.62 aq:19.61 tex:62468 mv:720 misc:1892 imb:15 pmb:990 smb:1035 d:s ref:0 ;
in:478 out:478 type:P dur:2 cpbdur:2 q:24.41 aq:19.35 tex:62830 mv:583 misc:1771 imb:9 pmb:901 smb:1130 d:s ref:0 ;
in:479 out:479 type:P dur:2 cpbdur:2 q:24.47 aq:19.60 tex:101825 mv:1077 misc:1682 imb:20 pmb:1158 smb:862 d:s ref:0 ;
in:483 out:480 type:P dur:2 cpbdur:2 q:24.57 aq:18.29 tex:470967 mv:6220 misc:333 imb:370 pmb:1645 smb:25 d:s ref:0 ;
in:481 out:481 type:B dur:2 cpbdur:2 q:24.63 aq:22.15 tex:8193 mv:365 misc:1346 imb:3 pmb:289 smb:1748 d:s ref:0 ;
in:480 out:482 type:b dur:2 cpbdur:2 q:24.63 aq:25.65 tex:4284 mv:477 misc:1135 imb:3 pmb:283 smb:1754 d:s ref:0 ;
in:482 out:483 type:b dur:2 cpbdur:2 q:24.62 aq:21.25 tex:284 mv:65 misc:283 imb:1 pmb:16 smb:2023 d:- ref:0 ;
in:484 out:484 type:P dur:2 cpbdur:2 q:21.74 aq:16.02 tex:286452 mv:2278 misc:902 imb:107 pmb:1716 smb:217 d:s ref:0 ;
in:486 out:485 type:P dur:2 cpbdur:2 q:21.74 aq:16.95 tex:102104 mv:875 misc:1853 imb:29 pmb:1280 smb:731 d:s ref:0 ;
in:485 out:486 type:b dur:2 cpbdur:2 q:21.74 aq:19.94 tex:675 mv:118 misc:471 imb:0 pmb:58 smb:1982 d:s ref:0 ;
in:488 out:487 type:P dur:2 cpbdur:2 q:21.71 aq:17.30 tex:96238 mv:1165 misc:1789 imb:61 pmb:1231 smb:748 d:s ref:0 ;
in:487 out:488 type:b dur:2 cpbdur:2 q:21.88 aq:14.95 tex:787 mv:171 misc:514 imb:1 pmb:68 smb:1971 d:s ref:0 ;
in:491 out:489 type:P dur:2 cpbdur:2 q:21.42 aq:17.26 tex:158533 mv:2966 misc:1853 imb:252 pmb:1005 smb:783 d:s ref:0 ;
in:489 out:490 type:B dur:2 cpbdur:2 q:21.80 aq:19.65 tex:1417 mv:417 misc:1070 imb:1 pmb:225 smb:1814 d:s ref:0 ;
in:490 out:491 type:b dur:2 cpbdur:2 q:21.79 aq:18.78 tex:688 mv:182 misc:594 imb:1 pmb:97 smb:1942 d:- ref:0 ;
in:493 out:492 type:P dur:2 cpbdur:2 q:22.38 aq:19.13 tex:12538 mv:498 misc:1436 imb:19 pmb:301 smb:1720 d:s ref:0 ;
in:492 out:493 type:b dur:2 cpbdur:2 q:22.34 aq:18.88 tex:257 mv:82 misc:325 imb:0 pmb:28 smb:2012 d:s ref:0 ;
in:494 out:494 type:P dur:2 cpbdur:2 q:22.22 aq:20.75 tex:9177 mv:240 misc:1063 imb:7 pmb:195 smb:1838 d:s ref:0 ;
in:495 out:495 type:I dur:2 cpbdur:2 q:19.43 aq:16.65 tex:794208 mv:65839 misc:193 imb:2040 pmb:0 smb:0 d:s ref:;
in:498 out:496 type:P dur:2 cpbdur:2 q:23.23 aq:15.35 tex:415687 mv:9305 misc:408 imb:1409 pmb:163 smb:468 d:s ref:0 ;
in:496 out:497 type:B dur:2 cpbdur:2 q:23.23 aq:22.66 tex:268086 mv:14983 misc:827 imb:350 pmb:861 smb:829 d:s ref:0 ;
in:497 out:498 type:b dur:2 cpbdur:2 q:23.23 aq:24.15 tex:66112 mv:8916 misc:988 imb:41 pmb:891 smb:1108 d:- ref:0 ;
in:500 out:499 type:P dur:2 cpbdur:2 q:23.33 aq:17.94 tex:713151 mv:11540 misc:589 imb:1139 pmb:722 smb:179 d:s ref:0 ;
in:499 out:500 type:b dur:2 cpbdur:2 q:23.46 aq:24.07 tex:15864 mv:470 misc:1330 imb:7 pmb:380 smb:1653 d:s ref:0 ;
in:502 out:501 type:P dur:2 cpbdur:2 q:21.63 aq:17.02 tex:118845 mv:1398 misc:1733 imb:21 pmb:1413 smb:606 d:s ref:0 ;
in:501 out:502 type:b dur:2 cpbdur:2 q:23.33 aq:24.11 tex:1280 mv:147 misc:453 imb:0 pmb:52 smb:1988 d:s ref:0 ;
in:503 out:503 type:P dur:2 cpbdur:2 q:21.54 aq:17.35 tex:90691 mv:1008 misc:1909 imb:13 pmb:1250 smb:777 d:s ref:0 ;
in:505 out:504 type:P dur:2 cpbdur:2 q:21.23 aq:17.82 tex:101146 mv:1058 misc:1892 imb:17 pmb:1246 smb:777 d:s ref:0 ;
in:504 out:505 type:b dur:2 cpbdur:2 q:21.53 aq:20.67 tex:1923 mv:317 misc:1056 imb:2 pmb:192 smb:1846 d:s ref:0 ;
in:506 out:506 type:P dur:2 cpbdur:2 q:21.00 aq:17.88 tex:100329 mv:1227 misc:1764 imb:48 pmb:1366 smb:626 d:s ref:0 ;
in:509 out:507 type:P dur:2 cpbdur:2 q:21.32 aq:19.76 tex:558811 mv:15115 misc:554 imb:774 pmb:1084 smb:182 d:s ref:0 ;
in:507 out:508 type:B dur:2 cpbdur:2 q:21.33 aq:19.99 tex:57499 mv:2915 misc:1922 imb:6 pmb:1137 smb:897 d:s ref:0 ;
in:508 out:509 type:b dur:2 cpbdur:2 q:21.33 aq:21.26 tex:10695 mv:547 misc:1078 imb:8 pmb:237 smb:1795 d:- ref:0 ;
in:510 out:510 type:P dur:2 cpbdur:2 q:21.50 aq:19.78 tex:453096 mv:14908 misc:556 imb:530 pmb:1331 smb:179 d:s ref:0 ;
in:511 out:511 type:P dur:2 cpbdur:2 q:23.37 aq:21.70 tex:341363 mv:14453 misc:784 imb:492 pmb:1310 smb:238 d:s ref:0 ;
in:512 out:512 type:P dur:2 cpbdur:2 q:23.40 aq:21.73 tex:355914 mv:15047 misc:535 imb:484 pmb:1384 smb:172 d:s ref:0 ;
in:513 out:513 type:P dur:2 cpbdur:2 q:23.09 aq:21.30 tex:351045 mv:15479 misc:636 imb:430 pmb:1429 smb:181 d:s ref:0 ;
in:514 out:514 type:P dur:2 cpbdur:2 q:23.51 aq:21.45 tex:308150 mv:15678 misc:628 imb:416 pmb:1455 smb:169 d:s ref:0 ;
in:516 out:515 type:P dur:2 cpbdur:2 q:24.10 aq:21.56 tex:440411 mv:17231 misc:606 imb:810 pmb:1064 smb:166 d:s ref:0 ;
in:515 out:516 type:b dur:2 cpbdur:2 q:24.10 aq:24.41 tex:136456 mv:23886 misc:1114 imb:194 pmb:1459 smb:387 d:s ref:0 ;
in:517 out:517 type:P dur:2 cpbdur:2 q:23.52 aq:20.75 tex:326953 mv:14840 misc:767 imb:266 pmb:1567 smb:207 d:s ref:0 ;
in:518 out:518 type:P dur:2 cpbdur:2 q:22.15 aq:19.17 tex:416314 mv:14724 misc:490 imb:298 pmb:1573 smb:169 d:s ref:0 ;
in:519 out:519 type:P dur:2 cpbdur:2 q:22.34 aq:18.74 tex:376411 mv:13737 misc:660 imb:225 pmb:1611 smb:204 d:s ref:0 ;
in:521 out:520 type:P dur:2 cpbdur:2 q:22.25 aq:18.65 tex:384452 mv:14049 misc:515 imb:228 pmb:1656 smb:156 d:s ref:0 ;
in:520 out:521 type:b dur:2 cpbdur:2 q:22.34 aq:23.18 tex:94945 mv:15670 misc:1305 imb:32 pmb:1523 smb:485 d:s ref:0 ;
in:524 out:522 type:P dur:2 cpbdur:2 q:22.60 aq:19.00 tex:625327 mv:10060 misc:701 imb:374 pmb:1425 smb:241 d:s ref:0 ;
in:522 out:523 type:B dur:2 cpbdur:2 q:22.59 aq:22.36 tex:10503 mv:1560 misc:1577 imb:3 pmb:546 smb:1491 d:s ref:0 ;
in:523 out:524 type:b dur:2 cpbdur:2 q:22.60 aq:23.00 tex:14103 mv:1073 misc:1608 imb:4 pmb:488 smb:1548 d:- ref:0 ;
in:525 out:525 type:P dur:2 cpbdur:2 q:23.19 aq:20.15 tex:79212 mv:682 misc:1762 imb:8 pmb:652 smb:1380 d:s ref:0 ;
in:526 out:526 type:P dur:2 cpbdur:2 q:22.97 aq:21.24 tex:100564 mv:651 misc:1561 imb:10 pmb:567 smb:1463 d:s ref:0 ;
in:527 out:527 type:P dur:2 cpbdur:2 q:23.57 aq:22.77 tex:73315 mv:393 misc:1436 imb:7 pmb:488 smb:1545 d:s ref:0 ;
in:528 out:528 type:P dur:2 cpbdur:2 q:24.09 aq:23.94 tex:201707 mv:5334 misc:1487 imb:378 pmb:582 smb:1080 d:s ref:0 ;
in:529 out:529 type:P dur:2 cpbdur:2 q:24.28 aq:22.59 tex:599600 mv:13702 misc:546 imb:1488 pmb:365 smb:187 d:s ref:0 ;
in:530 out:530 type:P dur:2 cpbdur:2 q:24.44 aq:22.16 tex:586032 mv:15190 misc:706 imb:1176 pmb:636 smb:228 d:s ref:0 ;
in:531 out:531 type:P dur:2 cpbdur:2 q:24.84 aq:22.81 tex:441790 mv:14544 misc:746 imb:719 pmb:1068 smb:253 d:s ref:0 ;
in:532 out:532 type:P dur:2 cpbdur:2 q:24.89 aq:22.82 tex:330407 mv:11678 misc:683 imb:383 pmb:1458 smb:199 d:s ref:0 ;
in:533 out:533 type:P dur:2 cpbdur:2 q:23.72 aq:22.04 tex:341081 mv:9717 misc:642 imb:298 pmb:1557 smb:185 d:s ref:0 ;
in:534 out:534 type:P dur:2 cpbdur:2 q:24.42 aq:21.47 tex:362265 mv:12126 misc:721 imb:447 pmb:1368 smb:225 d:s ref:0 ;
in:535 out:535 type:P dur:2 cpbdur:2 q:23.98 aq:21.16 tex:221693 mv:8982 misc:973 imb:222 pmb:1548 smb:270 d:s ref:0 ;
in:536 out:536 type:P dur:2 cpbdur:2 q:23.77 aq:20.86 tex:241154 mv:9055 misc:847 imb:218 pmb:1553 smb:269 d:s ref:0 ;
in:538 out:537 type:P dur:2 cpbdur:2 q:24.81 aq:21.67 tex:645396 mv:15688 misc:588 imb:1285 pmb:572 smb:183 d:s ref:0 ;
in:537 out:538 type:b dur:2 cpbdur:2 q:24.92 aq:26.58 tex:54574 mv:8277 misc:1597 imb:47 pmb:740 smb:1253 d:s ref:0 ;
in:540 out:539 type:P dur:2 cpbdur:2 q:23.79 aq:21.74 tex:213005 mv:9529 misc:1298 imb:168 pmb:1438 smb:434 d:s ref:0 ;
in:539 out:540 type:b dur:2 cpbdur:2 q:24.91 aq:25.82 tex:48059 mv:7774 misc:1615 imb:27 pmb:758 smb:1255 d:s ref:0 ;
in:543 out:541 type:P dur:2 cpbdur:2 q:23.97 aq:20.05 tex:617097 mv:11771 misc:308 imb:473 pmb:1551 smb:16 d:s ref:0 ;
in:541 out:542 type:B dur:2 cpbdur:2 q:23.99 aq:23.36 tex:11911 mv:1393 misc:1328 imb:18 pmb:355 smb:1667 d:s ref:0 ;
in:542 out:543 type:b dur:2 cpbdur:2 q:24.00 aq:24.98 tex:801 mv:204 misc:579 imb:1 pmb:92 smb:1947 d:- ref:0 ;
in:545 out:544 type:P dur:2 cpbdur:2 q:24.75 aq:24.15 tex:56032 mv:489 misc:1471 imb:5 pmb:462 smb:1573 d:s ref:0 ;
in:544 out:545 type:b dur:2 cpbdur:2 q:24.71 aq:25.98 tex:8130 mv:323 misc:891 imb:0 pmb:169 smb:1871 d:s ref:0 ;
in:547 out:546 type:P dur:2 cpbdur:2 q:25.00 aq:22.42 tex:496317 mv:13227 misc:664 imb:705 pmb:1117 smb:218 d:s ref:0 ;
in:546 out:547 type:b dur:2 cpbdur:2 q:25.08 aq:26.04 tex:108682 mv:10226 misc:1628 imb:49 pmb:1379 smb:612 d:s ref:0 ;
in:548 out:548 type:P dur:2 cpbdur:2 q:24.48 aq:21.77 tex:250725 mv:9084 misc:775 imb:194 pmb:1629 smb:217 d:s ref:0 ;
in:549 out:549 type:P dur:2 cpbdur:2 q:26.04 aq:23.68 tex:135335 mv:7614 misc:1571 imb:140 pmb:1340 smb:560 d:s ref:0 ;
in:551 out:550 type:P dur:2 cpbdur:2 q:26.27 aq:23.03 tex:255834 mv:12128 misc:982 imb:384 pmb:1318 smb:338 d:s ref:0 ;
in:550 out:551 type:b dur:2 cpbdur:2 q:26.27 aq:27.69 tex:60893 mv:7173 misc:1678 imb:37 pmb:810 smb:1193 d:s ref:0 ;
in:553 out:552 type:P dur:2 cpbdur:2 q:24.10 aq:20.94 tex:256039 mv:8996 misc:789 imb:171 pmb:1593 smb:276 d:s ref:0 ;
in:552 out:553 type:b dur:2 cpbdur:2 q:26.24 aq:26.72 tex:37875 mv:6153 misc:1516 imb:35 pmb:627 smb:1378 d:s ref:0 ;
in:554 out:554 type:P dur:2 cpbdur:2 q:25.03 aq:21.59 tex:142537 mv:7902 misc:1289 imb:132 pmb:1480 smb:428 d:s ref:0 ;
in:556 out:555 type:P dur:2 cpbdur:2 q:24.90 aq:22.22 tex:150682 mv:8248 misc:1406 imb:140 pmb:1425 smb:475 d:s ref:0 ;
in:555 out:556 type:b dur:2 cpbdur:2 q:25.03 aq:26.12 tex:42057 mv:7128 misc:1767 imb:31 pmb:792 smb:1217 d:s ref:0 ;
in:560 out:557 type:P dur:2 cpbdur:2 q:24.62 aq:19.84 tex:371092 mv:12546 misc:538 imb:1659 pmb:249 smb:132 d:s ref:0 ;
in:558 out:558 type:B dur:2 cpbdur:2 q:24.87 aq:23.87 tex:102623 mv:6849 misc:1712 imb:37 pmb:1335 smb:668 d:s ref:0 ;
in:557 out:559 type:b dur:2 cpbdur:2 q:24.89 aq:26.03 tex:36368 mv:6073 misc:1783 imb:18 pmb:799 smb:1223 d:s ref:0 ;
in:559 out:560 type:b dur:2 cpbdur:2 q:25.27 aq:26.04 tex:359108 mv:24237 misc:663 imb:760 pmb:1003 smb:277 d:- ref:0 ;
in:562 out:561 type:P dur:2 cpbdur:2 q:22.45 aq:14.63 tex:392737 mv:12034 misc:989 imb:1038 pmb:533 smb:469 d:s ref:0 ;
in:561 out:562 type:b dur:2 cpbdur:2 q:24.63 aq:23.46 tex:82059 mv:13207 misc:934 imb:95 pmb:936 smb:1009 d:s ref:0 ;
in:563 out:563 type:P dur:2 cpbdur:2 q:23.28 aq:17.03 tex:758151 mv:12272 misc:553 imb:844 pmb:1034 smb:162 d:s ref:0 ;
in:565 out:564 type:P dur:2 cpbdur:2 q:22.50 aq:16.97 tex:141174 mv:1840 misc:1770 imb:33 pmb:1374 smb:633 d:s ref:0 ;
in:564 out:565 type:b dur:2 cpbdur:2 q:23.29 aq:23.23 tex:997 mv:290 misc:905 imb:0 pmb:179 smb:1861 d:s ref:0 ;
in:566 out:566 type:P dur:2 cpbdur:2 q:22.47 aq:17.07 tex:28357 mv:454 misc:1917 imb:6 pmb:622 smb:1412 d:s ref:0 ;
in:567 out:567 type:P dur:2 cpbdur:2 q:22.47 aq:17.08 tex:147268 mv:2441 misc:1947 imb:171 pmb:816 smb:1053 d:s ref:0 ;
in:568 out:568 type:P dur:2 cpbdur:2 q:22.44 aq:17.14 tex:59619 mv:647 misc:2070 imb:12 pmb:1051 smb:977 d:s ref:0 ;
in:569 out:569 type:P dur:2 cpbdur:2 q:22.50 aq:17.44 tex:58748 mv:652 misc:2008 imb:10 pmb:1026 smb:1004 d:s ref:0 ;
in:570 out:570 type:P dur:2 cpbdur:2 q:22.48 aq:17.74 tex:67784 mv:671 misc:2001 imb:9 pmb:1178 smb:853 d:s ref:0 ;
in:571 out:571 type:P dur:2 cpbdur:2 q:22.46 aq:17.90 tex:80289 mv:767 misc:1920 imb:12 pmb:1231 smb:797 d:s ref:0 ;
in:572 out:572 type:P dur:2 cpbdur:2 q:23.46 aq:19.15 tex:89508 mv:1020 misc:1848 imb:13 pmb:1305 smb:722 d:s ref:0 ;
in:573 out:573 type:P dur:2 cpbdur:2 q:23.50 aq:19.47 tex:64705 mv:645 misc:1994 imb:7 pmb:1107 smb:926 d:s ref:0 ;
in:574 out:574 type:P dur:2 cpbdur:2 q:22.97 aq:19.12 tex:80176 mv:833 misc:1847 imb:20 pmb:1132 smb:888 d:s ref:0 ;
in:576 out:575 type:P dur:2 cpbdur:2 q:24.47 aq:19.62 tex:460569 mv:7658 misc:645 imb:272 pmb:1579 smb:189 d:s ref:0 ;
in:575 out:576 type:b dur:2 cpbdur:2 q:24.44 aq:25.22 tex:83456 mv:3999 misc:1857 imb:63 pmb:970 smb:1007 d:s ref:0 ;
in:577 out:577 type:P dur:2 cpbdur:2 q:24.49 aq:17.70 tex:512158 mv:7551 misc:515 imb:197 pmb:1718 smb:125 d:s ref:0 ;
in:581 out:578 type:P dur:2 cpbdur:2 q:25.39 aq:18.80 tex:270530 mv:5030 misc:928 imb:104 pmb:1724 smb:212 d:s ref:0 ;
in:579 out:579 type:B dur:2 cpbdur:2 q:25.45 aq:18.81 tex:4140 mv:273 misc:467 imb:2 pmb:114 smb:1924 d:s ref:0 ;
in:578 out:580 type:b dur:2 cpbdur:2 q:25.45 aq:27.91 tex:14334 mv:6546 misc:1240 imb:5 pmb:1602 smb:433 d:s ref:0 ;
in:580 out:581 type:b dur:2 cpbdur:2 q:25.44 aq:23.73 tex:1528 mv:77 misc:195 imb:2 pmb:13 smb:2025 d:- ref:0 ;
in:584 out:582 type:P dur:2 cpbdur:2 q:22.71 aq:16.75 tex:192738 mv:971 misc:1243 imb:26 pmb:1682 smb:332 d:s ref:0 ;
in:582 out:583 type:B dur:2 cpbdur:2 q:25.36 aq:22.88 tex:1154 mv:83 misc:211 imb:0 pmb:7 smb:2033 d:s ref:0 ;
in:583 out:584 type:b dur:2 cpbdur:2 q:25.32 aq:22.58 tex:822 mv:47 misc:203 imb:0 pmb:8 smb:2032 d:- ref:0 ;
in:585 out:585 type:P dur:2 cpbdur:2 q:22.30 aq:16.58 tex:119974 mv:690 misc:1832 imb:15 pmb:1427 smb:598 d:s ref:0 ;
in:586 out:586 type:P dur:2 cpbdur:2 q:22.23 aq:16.47 tex:87716 mv:465 misc:1979 imb:7 pmb:1242 smb:791 d:s ref:0 ;
in:587 out:587 type:P dur:2 cpbdur:2 q:22.58 aq:16.96 tex:75755 mv:504 misc:2077 imb:15 pmb:1171 smb:854 d:s ref:0 ;
in:590 out:588 type:P dur:2 cpbdur:2 q:22.16 aq:17.05 tex:113554 mv:1225 misc:1757 imb:81 pmb:1361 smb:598 d:s ref:0 ;
in:588 out:589 type:B dur:2 cpbdur:2 q:22.71 aq:19.97 tex:1836 mv:164 misc:632 imb:0 pmb:121 smb:1919 d:s ref:0 ;
in:589 out:590 type:b dur:2 cpbdur:2 q:22.71 aq:20.03 tex:934 mv:76 misc:374 imb:0 pmb:39 smb:2001 d:- ref:0 ;
in:591 out:591 type:P dur:2 cpbdur:2 q:22.52 aq:17.74 tex:32760 mv:299 misc:2045 imb:3 pmb:756 smb:1281 d:s ref:0 ;
in:592 out:592 type:P dur:2 cpbdur:2 q:22.49 aq:17.72 tex:48835 mv:469 misc:2072 imb:11 pmb:933 smb:1096 d:s ref:0 ;
in:594 out:593 type:P dur:2 cpbdur:2 q:22.45 aq:18.43 tex:19951 mv:272 misc:1769 imb:7 pmb:474 smb:1559 d:s ref:0 ;
in:593 out:594 type:b dur:2 cpbdur:2 q:22.49 aq:20.62 tex:1413 mv:60 misc:295 imb:0 pmb:23 smb:2017 d:s ref:0 ;
in:597 out:595 type:P dur:2 cpbdur:2 q:22.41 aq:19.13 tex:7090 mv:163 misc:731 imb:5 pmb:126 smb:1909 d:s ref:0 ;
in:595 out:596 type:B dur:2 cpbdur:2 q:22.45 aq:18.23 tex:101 mv:16 misc:235 imb:0 pmb:7 smb:2033 d:s ref:0 ;
in:596 out:597 type:b dur:2 cpbdur:2 q:22.45 aq:21.56 tex:144 mv:41 misc:223 imb:1 pmb:7 smb:2032 d:- ref:0 ;
in:598 out:598 type:P dur:2 cpbdur:2 q:22.28 aq:21.53 tex:682106 mv:14689 misc:421 imb:1486 pmb:493 smb:61 d:s ref:0 ;
in:599 out:599 type:I dur:2 cpbdur:2 q:16.69 aq:14.68 tex:1076789 mv:82242 misc:217 imb:2040 pmb:0 smb:0 d:s ref:;
in:600 out:600 type:P dur:2 cpbdur:2 q:22.57 aq:20.22 tex:447538 mv:18273 misc:365 imb:352 pmb:1636 smb:52 d:s ref:0 ;
in:603 out:601 type:P dur:2 cpbdur:2 q:24.25 aq:20.28 tex:899672 mv:14776 misc:576 imb:1260 pmb:653 smb:127 d:s ref:0 ;
in:601 out:602 type:B dur:2 cpbdur:2 q:24.24 aq:24.88 tex:83875 mv:12563 misc:1258 imb:44 pmb:1630 smb:366 d:s ref:0 ;
in:602 out:603 type:b dur:2 cpbdur:2 q:24.25 aq:25.67 tex:26361 mv:782 misc:1473 imb:9 pmb:482 smb:1549 d:- ref:0 ;
in:604 out:604 type:P dur:2 cpbdur:2 q:22.00 aq:18.93 tex:189814 mv:683 misc:1727 imb:8 pmb:1362 smb:670 d:s ref:0 ;
in:605 out:605 type:P dur:2 cpbdur:2 q:21.29 aq:18.64 tex:148446 mv:726 misc:1908 imb:22 pmb:796 smb:1222 d:s ref:0 ;
in:606 out:606 type:P dur:2 cpbdur:2 q:19.93 aq:18.33 tex:146026 mv:509 misc:1897 imb:14 pmb:820 smb:1206 d:s ref:0 ;
in:610 out:607 type:P dur:2 cpbdur:2 q:19.99 aq:16.35 tex:1125634 mv:11360 misc:462 imb:1657 pmb:260 smb:123 d:s ref:0 ;
in:608 out:608 type:B dur:2 cpbdur:2 q:21.82 aq:22.77 tex:681521 mv:23534 misc:497 imb:1214 pmb:655 smb:171 d:s ref:0 ;
in:607 out:609 type:b dur:2 cpbdur:2 q:21.83 aq:24.32 tex:13616 mv:158 misc:1154 imb:1 pmb:315 smb:1724 d:s ref:0 ;
in:609 out:610 type:b dur:2 cpbdur:2 q:21.81 aq:22.89 tex:342432 mv:23393 misc:511 imb:192 pmb:1674 smb:174 d:- ref:0 ;
in:612 out:611 type:P dur:2 cpbdur:2 q:21.88 aq:15.54 tex:1016224 mv:14695 misc:521 imb:409 pmb:1476 smb:155 d:s ref:0 ;
in:611 out:612 type:b dur:2 cpbdur:2 q:21.79 aq:22.89 tex:24014 mv:288 misc:1778 imb:0 pmb:617 smb:1423 d:s ref:0 ;
in:613 out:613 type:P dur:2 cpbdur:2 q:25.37 aq:19.52 tex:35198 mv:271 misc:1699 imb:1 pmb:518 smb:1521 d:s ref:0 ;
in:614 out:614 type:P dur:2 cpbdur:2 q:25.88 aq:19.89 tex:18328 mv:171 misc:1437 imb:1 pmb:316 smb:1723 d:s ref:0 ;
in:615 out:615 type:P dur:2 cpbdur:2 q:25.41 aq:19.70 tex:31303 mv:249 misc:1720 imb:4 pmb:477 smb:1559 d:s ref:0 ;
in:617 out:616 type:P dur:2 cpbdur:2 q:23.51 aq:17.99 tex:48701 mv:283 misc:1960 imb:1 pmb:690 smb:1349 d:s ref:0 ;
in:616 out:617 type:b dur:2 cpbdur:2 q:25.38 aq:28.92 tex:178 mv:66 misc:308 imb:0 pmb:39 smb:2001 d:s ref:0 ;
in:618 out:618 type:P dur:2 cpbdur:2 q:22.28 aq:16.95 tex:209700 mv:679 misc:1165 imb:7 pmb:1701 smb:332 d:s ref:0 ;
in:619 out:619 type:P dur:2 cpbdur:2 q:22.40 aq:16.95 tex:314516 mv:913 misc:915 imb:7 pmb:1774 smb:259 d:s ref:0 ;
in:620 out:620 type:P dur:2 cpbdur:2 q:24.03 aq:18.74 tex:157642 mv:703 misc:2047 imb:17 pmb:975 smb:1048 d:s ref:0 ;
in:621 out:621 type:P dur:2 cpbdur:2 q:22.79 aq:17.44 tex:213440 mv:611 misc:2013 imb:4 pmb:1002 smb:1034 d:s ref:0 ;
in:623 out:622 type:P dur:2 cpbdur:2 q:23.25 aq:17.90 tex:288413 mv:542 misc:1277 imb:3 pmb:1682 smb:355 d:s ref:0 ;
in:622 out:623 type:b dur:2 cpbdur:2 q:23.24 aq:25.32 tex:12037 mv:485 misc:1438 imb:0 pmb:381 smb:1659 d:s ref:0 ;
in:624 out:624 type:P dur:2 cpbdur:2 q:23.09 aq:18.11 tex:64257 mv:357 misc:2106 imb:2 pmb:950 smb:1088 d:s ref:0 ;
in:626 out:625 type:P dur:2 cpbdur:2 q:22.55 aq:17.62 tex:272855 mv:1108 misc:901 imb:29 pmb:1754 smb:257 d:s ref:0 ;
in:625 out:626 type:b dur:2 cpbdur:2 q:23.09 aq:25.14 tex:5754 mv:214 misc:616 imb:1 pmb:108 smb:1931 d:s ref:0 ;
in:627 out:627 type:P dur:2 cpbdur:2 q:22.17 aq:17.25 tex:55574 mv:221 misc:1781 imb:0 pmb:704 smb:1336 d:s ref:0 ;
in:628 out:628 type:P dur:2 cpbdur:2 q:22.44 aq:17.84 tex:164151 mv:496 misc:1345 imb:1 pmb:1653 smb:386 d:s ref:0 ;
in:629 out:629 type:P dur:2 cpbdur:2 q:21.73 aq:17.29 tex:75830 mv:296 misc:2074 imb:0 pmb:1038 smb:1002 d:s ref:0 ;
in:630 out:630 type:P dur:2 cpbdur:2 q:22.60 aq:18.36 tex:158596 mv:499 misc:1313 imb:3 pmb:1676 smb:361 d:s ref:0 ;
in:631 out:631 type:P dur:2 cpbdur:2 q:22.35 aq:18.23 tex:56131 mv:314 misc:2107 imb:1 pmb:944 smb:1095 d:s ref:0 ;
in:633 out:632 type:P dur:2 cpbdur:2 q:22.62 aq:19.35 tex:136031 mv:395 misc:1574 imb:0 pmb:1547 smb:493 d:s ref:0 ;
in:632 out:633 type:b dur:2 cpbdur:2 q:22.72 aq:24.51 tex:804 mv:132 misc:760 imb:0 pmb:115 smb:1925 d:t ref:0 ;
in:634 out:634 type:P dur:2 cpbdur:2 q:22.46 aq:19.25 tex:22146 mv:180 misc:1682 imb:0 pmb:461 smb:1579 d:s ref:0 ;
in:636 out:635 type:P dur:2 cpbdur:2 q:22.42 aq:20.82 tex:81274 mv:360 misc:2038 imb:3 pmb:1209 smb:828 d:s ref:0 ;
in:635 out:636 type:b dur:2 cpbdur:2 q:22.46 aq:25.77 tex:496 mv:109 misc:787 imb:0 pmb:118 smb:1922 d:t ref:0 ;
in:637 out:637 type:P dur:2 cpbdur:2 q:22.41 aq:21.41 tex:7014 mv:96 misc:1090 imb:0 pmb:183 smb:1857 d:s ref:0 ;
in:638 out:638 type:P dur:2 cpbdur:2 q:22.37 aq:23.85 tex:15481 mv:155 misc:1556 imb:0 pmb:377 smb:1663 d:s ref:0 ;
in:639 out:639 type:I dur:2 cpbdur:2 q:18.68 aq:17.29 tex:1020085 mv:79797 misc:206 imb:2040 pmb:0 smb:0 d:s ref:;
in:643 out:640 type:P dur:2 cpbdur:2 q:22.67 aq:21.38 tex:863228 mv:11795 misc:481 imb:1560 pmb:322 smb:158 d:s ref:0 ;
in:641 out:641 type:B dur:2 cpbdur:2 q:22.67 aq:17.32 tex:387882 mv:15268 misc:530 imb:773 pmb:787 smb:480 d:s ref:0 ;
in:640 out:642 type:b dur:2 cpbdur:2 q:22.67 aq:21.85 tex:354065 mv:16313 misc:678 imb:189 pmb:1029 smb:822 d:s ref:0 ;
in:642 out:643 type:b dur:2 cpbdur:2 q:22.67 aq:20.10 tex:101105 mv:6445 misc:786 imb:97 pmb:900 smb:1043 d:- ref:0 ;
in:646 out:644 type:P dur:2 cpbdur:2 q:22.84 aq:16.77 tex:442364 mv:10901 misc:471 imb:1734 pmb:159 smb:147 d:s ref:0 ;
in:644 out:645 type:B dur:2 cpbdur:2 q:23.01 aq:24.41 tex:39387 mv:302 misc:1895 imb:2 pmb:706 smb:1332 d:s ref:0 ;
in:645 out:646 type:b dur:2 cpbdur:2 q:24.19 aq:24.68 tex:373602 mv:18013 misc:809 imb:916 pmb:716 smb:408 d:- ref:0 ;
in:649 out:647 type:P dur:2 cpbdur:2 q:22.99 aq:18.75 tex:672182 mv:13155 misc:487 imb:1138 pmb:747 smb:155 d:s ref:0 ;
in:647 out:648 type:B dur:2 cpbdur:2 q:23.14 aq:18.45 tex:172449 mv:15202 misc:949 imb:360 pmb:842 smb:838 d:s ref:0 ;
in:648 out:649 type:b dur:2 cpbdur:2 q:23.12 aq:19.17 tex:66479 mv:7648 misc:1113 imb:168 pmb:829 smb:1043 d:- ref:0 ;
in:650 out:650 type:P dur:2 cpbdur:2 q:21.64 aq:17.44 tex:217430 mv:3193 misc:1305 imb:40 pmb:1662 smb:338 d:s ref:0 ;
in:651 out:651 type:P dur:2 cpbdur:2 q:19.94 aq:16.03 tex:236596 mv:2706 misc:1506 imb:52 pmb:1542 smb:446 d:s ref:0 ;
in:652 out:652 type:P dur:2 cpbdur:2 q:21.04 aq:17.90 tex:44425 mv:734 misc:2041 imb:13 pmb:843 smb:1184 d:s ref:0 ;
in:653 out:653 type:P dur:2 cpbdur:2 q:22.33 aq:19.53 tex:60931 mv:1230 misc:2063 imb:22 pmb:1111 smb:907 d:s ref:0 ;
in:654 out:654 type:P dur:2 cpbdur:2 q:22.96 aq:20.74 tex:65114 mv:1445 misc:1881 imb:18 pmb:1231 smb:791 d:s ref:0 ;
in:658 out:655 type:P dur:2 cpbdur:2 q:22.97 aq:19.14 tex:804853 mv:12722 misc:465 imb:1539 pmb:344 smb:157 d:s ref:0 ;
in:656 out:656 type:B dur:2 cpbdur:2 q:23.00 aq:23.55 tex:335273 mv:15517 misc:530 imb:414 pmb:1452 smb:174 d:s ref:0 ;
in:655 out:657 type:b dur:2 cpbdur:2 q:23.00 aq:23.14 tex:10335 mv:549 misc:1308 imb:2 pmb:339 smb:1699 d:s ref:0 ;
in:657 out:658 type:b dur:2 cpbdur:2 q:23.00 aq:23.61 tex:311192 mv:18004 misc:564 imb:402 pmb:1453 smb:185 d:- ref:0 ;
in:660 out:659 type:P dur:2 cpbdur:2 q:24.23 aq:20.35 tex:335224 mv:9316 misc:748 imb:218 pmb:1601 smb:221 d:s ref:0 ;
in:659 out:660 type:b dur:2 cpbdur:2 q:24.21 aq:25.18 tex:53242 mv:6015 misc:1935 imb:18 pmb:1105 smb:917 d:s ref:0 ;
in:664 out:661 type:P dur:2 cpbdur:2 q:24.00 aq:20.35 tex:387280 mv:7056 misc:328 imb:221 pmb:1798 smb:21 d:s ref:0 ;
in:662 out:662 type:B dur:2 cpbdur:2 q:24.22 aq:21.75 tex:87401 mv:793 misc:1710 imb:5 pmb:1030 smb:1005 d:s ref:0 ;
in:661 out:663 type:b dur:2 cpbdur:2 q:24.23 aq:23.05 tex:590 mv:161 misc:473 imb:1 pmb:64 smb:1975 d:s ref:0 ;
in:663 out:664 type:b dur:2 cpbdur:2 q:24.22 aq:23.62 tex:1414 mv:197 misc:565 imb:0 pmb:82 smb:1958 d:- ref:0 ;
in:665 out:665 type:P dur:2 cpbdur:2 q:24.00 aq:19.05 tex:429543 mv:8942 misc:587 imb:276 pmb:1642 smb:122 d:s ref:0 ;
in:667 out:666 type:P dur:2 cpbdur:2 q:24.38 aq:18.61 tex:324775 mv:6171 misc:918 imb:240 pmb:1615 smb:185 d:s ref:0 ;
in:666 out:667 type:b dur:2 cpbdur:2 q:24.41 aq:23.95 tex:47107 mv:4470 misc:1391 imb:44 pmb:566 smb:1430 d:s ref:0 ;
in:668 out:668 type:P dur:2 cpbdur:2 q:22.80 aq:17.40 tex:179173 mv:1375 misc:1156 imb:43 pmb:1685 smb:312 d:s ref:0 ;
in:671 out:669 type:P dur:2 cpbdur:2 q:22.51 aq:17.31 tex:83456 mv:1501 misc:2011 imb:81 pmb:1229 smb:730 d:s ref:0 ;
in:669 out:670 type:B dur:2 cpbdur:2 q:22.80 aq:18.00 tex:641 mv:187 misc:636 imb:0 pmb:123 smb:1917 d:s ref:0 ;
in:670 out:671 type:b dur:2 cpbdur:2 q:22.80 aq:19.41 tex:1001 mv:91 misc:308 imb:0 pmb:31 smb:2009 d:- ref:0 ;
in:672 out:672 type:P dur:2 cpbdur:2 q:22.55 aq:17.81 tex:58923 mv:718 misc:2135 imb:22 pmb:1120 smb:898 d:s ref:0 ;
in:676 out:673 type:P dur:2 cpbdur:2 q:23.11 aq:21.02 tex:182893 mv:6005 misc:1262 imb:70 pmb:1628 smb:342 d:s ref:0 ;
in:674 out:674 type:B dur:2 cpbdur:2 q:23.11 aq:20.37 tex:19614 mv:1633 misc:2057 imb:2 pmb:788 smb:1250 d:s ref:0 ;
in:673 out:675 type:b dur:2 cpbdur:2 q:23.10 aq:18.56 tex:222 mv:78 misc:332 imb:0 pmb:32 smb:2008 d:s ref:0 ;
in:675 out:676 type:b dur:2 cpbdur:2 q:23.11 aq:18.72 tex:535 mv:285 misc:932 imb:1 pmb:288 smb:1751 d:- ref:0 ;
in:677 out:677 type:P dur:2 cpbdur:2 q:23.43 aq:21.10 tex:260767 mv:8331 misc:1014 imb:248 pmb:1537 smb:255 d:s ref:0 ;
in:678 out:678 type:P dur:2 cpbdur:2 q:23.45 aq:21.54 tex:241952 mv:6936 misc:1168 imb:183 pmb:1549 smb:308 d:s ref:0 ;
in:679 out:679 type:P dur:2 cpbdur:2 q:23.73 aq:21.88 tex:227264 mv:8607 misc:1121 imb:189 pmb:1573 smb:278 d:s ref:0 ;
in:680 out:680 type:P dur:2 cpbdur:2 q:22.57 aq:21.59 tex:175831 mv:4726 misc:1619 imb:188 pmb:1314 smb:538 d:s ref:0 ;
in:684 out:681 type:P dur:2 cpbdur:2 q:25.43 aq:20.18 tex:652468 mv:12330 misc:658 imb:1095 pmb:817 smb:128 d:s ref:0 ;
in:682 out:682 type:B dur:2 cpbdur:2 q:25.52 aq:24.79 tex:102420 mv:5787 misc:1705 imb:115 pmb:765 smb:1160 d:s ref:0 ;
in:681 out:683 type:b dur:2 cpbdur:2 q:28.24 aq:29.64 tex:96439 mv:6028 misc:1205 imb:182 pmb:448 smb:1410 d:s ref:0 ;
in:683 out:684 type:b dur:2 cpbdur:2 q:25.51 aq:27.61 tex:25206 mv:2643 misc:1487 imb:1 pmb:547 smb:1492 d:- ref:0 ;
in:688 out:685 type:P dur:2 cpbdur:2 q:21.38 aq:18.28 tex:109439 mv:961 misc:1848 imb:31 pmb:1111 smb:898 d:s ref:0 ;
in:686 out:686 type:B dur:2 cpbdur:2 q:25.40 aq:20.40 tex:176 mv:80 misc:304 imb:1 pmb:21 smb:2018 d:s ref:0 ;
in:685 out:687 type:b dur:2 cpbdur:2 q:25.42 aq:22.44 tex:773 mv:47 misc:220 imb:0 pmb:14 smb:2026 d:s ref:0 ;
in:687 out:688 type:b dur:2 cpbdur:2 q:25.39 aq:21.81 tex:21 mv:5 misc:166 imb:0 pmb:1 smb:2039 d:- ref:0 ;
in:690 out:689 type:P dur:2 cpbdur:2 q:20.11 aq:15.57 tex:7487 mv:264 misc:833 imb:13 pmb:126 smb:1901 d:s ref:0 ;
in:689 out:690 type:b dur:2 cpbdur:2 q:22.12 aq:19.44 tex:136 mv:23 misc:233 imb:0 pmb:9 smb:2031 d:s ref:0 ;
in:691 out:691 type:I dur:2 cpbdur:2 q:18.80 aq:15.80 tex:807659 mv:69595 misc:194 imb:2040 pmb:0 smb:0 d:s ref:;
in:693 out:692 type:P dur:2 cpbdur:2 q:22.30 aq:14.09 tex:496628 mv:10204 misc:560 imb:1354 pmb:190 smb:496 d:s ref:0 ;
in:692 out:693 type:b dur:2 cpbdur:2 q:22.30 aq:23.70 tex:211845 mv:15913 misc:746 imb:126 pmb:1056 smb:858 d:s ref:0 ;
in:696 out:694 type:P dur:2 cpbdur:2 q:22.83 aq:17.40 tex:889050 mv:12986 misc:508 imb:1236 pmb:647 smb:157 d:s ref:0 ;
in:694 out:695 type:B dur:2 cpbdur:2 q:22.81 aq:22.76 tex:35794 mv:5888 misc:894 imb:43 pmb:777 smb:1220 d:s ref:0 ;
in:695 out:696 type:b dur:2 cpbdur:2 q:22.83 aq:23.86 tex:19247 mv:339 misc:1470 imb:6 pmb:436 smb:1598 d:- ref:0 ;
in:697 out:697 type:P dur:2 cpbdur:2 q:22.44 aq:17.51 tex:55992 mv:783 misc:2129 imb:10 pmb:901 smb:1129 d:s ref:0 ;
in:698 out:698 type:P dur:2 cpbdur:2 q:22.32 aq:17.76 tex:51361 mv:653 misc:2034 imb:10 pmb:807 smb:1223 d:s ref:0 ;
in:699 out:699 type:P dur:2 cpbdur:2 q:22.52 aq:18.09 tex:65625 mv:814 misc:2057 imb:21 pmb:1017 smb:1002 d:s ref:0 ;
in:701 out:700 type:P dur:2 cpbdur:2 q:22.40 aq:18.56 tex:78285 mv:914 misc:2001 imb:25 pmb:1126 smb:889 d:s ref:0 ;
in:700 out:701 type:b dur:2 cpbdur:2 q:22.52 aq:21.41 tex:439 mv:102 misc:451 imb:0 pmb:46 smb:1994 d:s ref:0 ;
in:702 out:702 type:P dur:2 cpbdur:2 q:21.92 aq:17.95 tex:92750 mv:1084 misc:1998 imb:31 pmb:1130 smb:879 d:s ref:0 ;
in:704 out:703 type:P dur:2 cpbdur:2 q:21.38 aq:18.16 tex:94320 mv:1187 misc:1901 imb:47 pmb:1248 smb:745 d:s ref:0 ;
in:703 out:704 type:b dur:2 cpbdur:2 q:22.00 aq:20.03 tex:1168 mv:212 misc:756 imb:0 pmb:129 smb:1911 d:s ref:0 ;
in:706 out:705 type:P dur:2 cpbdur:2 q:21.36 aq:19.80 tex:36583 mv:649 misc:2024 imb:20 pmb:776 smb:1244 d:s ref:0 ;
in:705 out:706 type:b dur:2 cpbdur:2 q:21.98 aq:20.74 tex:439 mv:120 misc:561 imb:0 pmb:67 smb:1973 d:s ref:0 ;
in:710 out:707 type:P dur:2 cpbdur:2 q:21.45 aq:13.79 tex:567975 mv:12684 misc:493 imb:1600 pmb:285 smb:155 d:s ref:0 ;
in:708 out:708 type:B dur:2 cpbdur:2 q:22.56 aq:23.30 tex:489472 mv:25041 misc:631 imb:660 pmb:1156 smb:224 d:s ref:0 ;
in:707 out:709 type:b dur:2 cpbdur:2 q:22.56 aq:23.10 tex:5088 mv:320 misc:928 imb:11 pmb:212 smb:1817 d:s ref:0 ;
in:709 out:710 type:b dur:2 cpbdur:2 q:22.57 aq:21.89 tex:295805 mv:20750 misc:813 imb:398 pmb:999 smb:643 d:- ref:0 ;
in:714 out:711 type:P dur:2 cpbdur:2 q:22.16 aq:18.20 tex:887108 mv:14146 misc:530 imb:1131 pmb:757 smb:152 d:s ref:0 ;
in:712 out:712 type:B dur:2 cpbdur:2 q:22.41 aq:22.81 tex:56707 mv:568 misc:1701 imb:4 pmb:619 smb:1417 d:s ref:0 ;
in:711 out:713 type:b dur:2 cpbdur:2 q:22.43 aq:19.78 tex:70062 mv:9545 misc:577 imb:124 pmb:898 smb:1018 d:s ref:0 ;
in:713 out:714 type:b dur:2 cpbdur:2 q:22.38 aq:23.93 tex:7413 mv:435 misc:1128 imb:2 pmb:257 smb:1781 d:- ref:0 ;
in:716 out:715 type:P dur:2 cpbdur:2 q:21.02 aq:18.58 tex:62793 mv:868 misc:2011 imb:16 pmb:943 smb:1081 d:s ref:0 ;
in:715 out:716 type:b dur:2 cpbdur:2 q:22.27 aq:21.47 tex:407 mv:93 misc:380 imb:0 pmb:34 smb:2006 d:s ref:0 ;
in:717 out:717 type:P dur:2 cpbdur:2 q:19.97 aq:18.40 tex:50921 mv:806 misc:1809 imb:9 pmb:631 smb:1400 d:s ref:0 ;
in:718 out:718 type:P dur:2 cpbdur:2 q:18.75 aq:18.38 tex:59139 mv:886 misc:2103 imb:25 pmb:886 smb:1129 d:s ref:0 ;
in:722 out:719 type:P dur:2 cpbdur:2 q:20.62 aq:16.72 tex:1179147 mv:14966 misc:271 imb:1422 pmb:618 smb:0 d:s ref:0 ;
in:720 out:720 type:B dur:2 cpbdur:2 q:20.67 aq:21.27 tex:384995 mv:10867 misc:434 imb:136 pmb:1781 smb:123 d:s ref:0 ;
in:719 out:721 type:b dur:2 cpbdur:2 q:27.29 aq:28.37 tex:399061 mv:22787 misc:496 imb:1137 pmb:719 smb:184 d:s ref:0 ;
in:721 out:722 type:b dur:2 cpbdur:2 q:20.68 aq:22.40 tex:103308 mv:6396 misc:1864 imb:12 pmb:1326 smb:702 d:- ref:0 ;
in:726 out:723 type:P dur:2 cpbdur:2 q:22.05 aq:22.53 tex:114751 mv:4517 misc:1892 imb:30 pmb:1250 smb:760 d:s ref:0 ;
in:724 out:724 type:B dur:2 cpbdur:2 q:21.99 aq:22.07 tex:86525 mv:4403 misc:1984 imb:6 pmb:1141 smb:893 d:s ref:0 ;
in:723 out:725 type:b dur:2 cpbdur:2 q:21.96 aq:24.04 tex:60765 mv:3790 misc:1957 imb:1 pmb:951 smb:1088 d:s ref:0 ;
in:725 out:726 type:b dur:2 cpbdur:2 q:22.02 aq:23.57 tex:54010 mv:3479 misc:1911 imb:1 pmb:824 smb:1215 d:- ref:0 ;
in:728 out:727 type:P dur:2 cpbdur:2 q:21.87 aq:14.42 tex:607788 mv:12418 misc:474 imb:1646 pmb:283 smb:111 d:s ref:0 ;
in:727 out:728 type:b dur:2 cpbdur:2 q:23.45 aq:23.46 tex:422820 mv:21921 misc:499 imb:702 pmb:929 smb:409 d:s ref:0 ;
in:732 out:729 type:P dur:2 cpbdur:2 q:21.13 aq:12.96 tex:1056634 mv:17853 misc:489 imb:1056 pmb:888 smb:96 d:s ref:0 ;
in:730 out:730 type:B dur:2 cpbdur:2 q:21.90 aq:15.81 tex:165672 mv:14456 misc:920 imb:380 pmb:897 smb:763 d:s ref:0 ;
in:729 out:731 type:b dur:2 cpbdur:2 q:22.06 aq:19.98 tex:77347 mv:11533 misc:920 imb:48 pmb:989 smb:1003 d:s ref:0 ;
in:731 out:732 type:b dur:2 cpbdur:2 q:21.94 aq:22.84 tex:73447 mv:2176 misc:1353 imb:59 pmb:733 smb:1248 d:- ref:0 ;
in:734 out:733 type:P dur:2 cpbdur:2 q:22.07 aq:16.05 tex:88833 mv:801 misc:1622 imb:32 pmb:971 smb:1037 d:s ref:0 ;
in:733 out:734 type:b dur:2 cpbdur:2 q:22.35 aq:19.22 tex:369 mv:111 misc:448 imb:0 pmb:50 smb:1990 d:s ref:0 ;
in:735 out:735 type:P dur:2 cpbdur:2 q:22.39 aq:16.68 tex:54128 mv:784 misc:1936 imb:43 pmb:800 smb:1197 d:s ref:0 ;
in:736 out:736 type:P dur:2 cpbdur:2 q:22.37 aq:16.70 tex:174676 mv:1990 misc:1838 imb:160 pmb:841 smb:1039 d:s ref:0 ;
in:737 out:737 type:P dur:2 cpbdur:2 q:22.51 aq:16.24 tex:453818 mv:5550 misc:1456 imb:311 pmb:1253 smb:476 d:s ref:0 ;
in:738 out:738 type:P dur:2 cpbdur:2 q:22.28 aq:15.95 tex:148472 mv:1376 misc:1680 imb:21 pmb:1473 smb:546 d:s ref:0 ;
in:739 out:739 type:P dur:2 cpbdur:2 q:22.56 aq:16.17 tex:99435 mv:720 misc:2045 imb:10 pmb:1192 smb:838 d:s ref:0 ;
in:740 out:740 type:P dur:2 cpbdur:2 q:22.44 aq:16.16 tex:172810 mv:983 misc:1463 imb:20 pmb:1573 smb:447 d:s ref:0 ;
in:741 out:741 type:P dur:2 cpbdur:2 q:22.57 aq:16.25 tex:122224 mv:633 misc:1591 imb:3 pmb:1534 smb:503 d:s ref:0 ;
in:742 out:742 type:P dur:2 cpbdur:2 q:22.56 aq:16.48 tex:155700 mv:923 misc:1625 imb:9 pmb:1506 smb:525 d:s ref:0 ;
in:743 out:743 type:P dur:2 cpbdur:2 q:22.93 aq:16.74 tex:170984 mv:1091 misc:1613 imb:6 pmb:1520 smb:514 d:s ref:0 ;
in:745 out:744 type:P dur:2 cpbdur:2 q:22.50 aq:15.91 tex:370686 mv:2632 misc:818 imb:124 pmb:1705 smb:211 d:s ref:0 ;
in:744 out:745 type:b dur:2 cpbdur:2 q:22.92 aq:24.00 tex:8571 mv:205 misc:808 imb:2 pmb:158 smb:1880 d:s ref:0 ;
in:746 out:746 type:P dur:2 cpbdur:2 q:22.26 aq:15.57 tex:107270 mv:1001 misc:2057 imb:21 pmb:1091 smb:928 d:s ref:0 ;
in:747 out:747 type:P dur:2 cpbdur:2 q:22.51 aq:15.96 tex:124130 mv:743 misc:1767 imb:8 pmb:1484 smb:548 d:s ref:0 ;
in:748 out:748 type:P dur:2 cpbdur:2 q:22.36 aq:15.76 tex:114561 mv:651 misc:1628 imb:8 pmb:1559 smb:473 d:s ref:0 ;
in:749 out:749 type:P dur:2 cpbdur:2 q:22.33 aq:15.66 tex:153523 mv:554 misc:1483 imb:2 pmb:1597 smb:441 d:s ref:0 ;
in:750 out:750 type:P dur:2 cpbdur:2 q:22.36 aq:15.72 tex:108277 mv:629 misc:1670 imb:17 pmb:1544 smb:479 d:s ref:0 ;
in:751 out:751 type:P dur:2 cpbdur:2 q:22.31 aq:15.66 tex:140768 mv:703 misc:1553 imb:13 pmb:1589 smb:438 d:s ref:0 ;
in:752 out:752 type:P dur:2 cpbdur:2 q:22.42 aq:15.80 tex:112283 mv:494 misc:1615 imb:5 pmb:1547 smb:488 d:s ref:0 ;
in:753 out:753 type:P dur:2 cpbdur:2 q:22.52 aq:15.95 tex:152399 mv:623 misc:1378 imb:3 pmb:1661 smb:376 d:s ref:0 ;
in:754 out:754 type:P dur:2 cpbdur:2 q:22.58 aq:15.94 tex:105159 mv:543 misc:1698 imb:6 pmb:1489 smb:545 d:s ref:0 ;
in:756 out:755 type:P dur:2 cpbdur:2 q:22.34 aq:15.73 tex:144396 mv:552 misc:1460 imb:10 pmb:1665 smb:365 d:s ref:0 ;
in:755 out:756 type:b dur:2 cpbdur:2 q:22.63 aq:19.22 tex:1431 mv:79 misc:330 imb:0 pmb:57 smb:1983 d:s ref:0 ;
in:757 out:757 type:P dur:2 cpbdur:2 q:22.47 aq:15.87 tex:94572 mv:517 misc:1775 imb:9 pmb:1444 smb:587 d:s ref:0 ;
in:760 out:758 type:P dur:2 cpbdur:2 q:22.24 aq:16.08 tex:155499 mv:546 misc:1347 imb:5 pmb:1665 smb:370 d:s ref:0 ;
in:758 out:759 type:B dur:2 cpbdur:2 q:22.68 aq:20.36 tex:1362 mv:55 misc:311 imb:0 pmb:21 smb:2019 d:s ref:0 ;
in:759 out:760 type:b dur:2 cpbdur:2 q:22.68 aq:16.63 tex:652 mv:47 misc:237 imb:0 pmb:13 smb:2027 d:- ref:0 ;
in:762 out:761 type:P dur:2 cpbdur:2 q:22.24 aq:16.33 tex:148576 mv:657 misc:1399 imb:16 pmb:1648 smb:376 d:s ref:0 ;
in:761 out:762 type:b dur:2 cpbdur:2 q:22.34 aq:19.18 tex:1438 mv:75 misc:359 imb:0 pmb:33 smb:2007 d:s ref:0 ;
in:763 out:763 type:P dur:2 cpbdur:2 q:21.78 aq:15.50 tex:68820 mv:398 misc:2046 imb:6 pmb:1045 smb:989 d:s ref:0 ;
in:766 out:764 type:P dur:2 cpbdur:2 q:22.01 aq:16.68 tex:232457 mv:1405 misc:1082 imb:59 pmb:1707 smb:274 d:s ref:0 ;
in:764 out:765 type:B dur:2 cpbdur:2 q:22.15 aq:20.85 tex:4913 mv:168 misc:503 imb:0 pmb:82 smb:1958 d:s ref:0 ;
in:765 out:766 type:b dur:2 cpbdur:2 q:22.27 aq:22.59 tex:8742 mv:459 misc:943 imb:7 pmb:208 smb:1825 d:- ref:0 ;
in:769 out:767 type:P dur:2 cpbdur:2 q:21.67 aq:16.72 tex:49603 mv:438 misc:2063 imb:10 pmb:858 smb:1172 d:s ref:0 ;
in:767 out:768 type:B dur:2 cpbdur:2 q:22.16 aq:20.56 tex:569 mv:98 misc:557 imb:0 pmb:71 smb:1969 d:s ref:0 ;
in:768 out:769 type:b dur:2 cpbdur:2 q:22.28 aq:20.70 tex:247 mv:52 misc:365 imb:0 pmb:31 smb:2009 d:- ref:0 ;
in:773 out:770 type:P dur:2 cpbdur:2 q:21.28 aq:17.84 tex:79940 mv:458 misc:1978 imb:10 pmb:1335 smb:695 d:s ref:0 ;
in:771 out:771 type:B dur:2 cpbdur:2 q:22.02 aq:20.15 tex:2274 mv:194 misc:988 imb:0 pmb:166 smb:1874 d:s ref:0 ;
in:770 out:772 type:b dur:2 cpbdur:2 q:22.24 aq:21.27 tex:1025 mv:79 misc:368 imb:0 pmb:35 smb:2005 d:s ref:0 ;
in:772 out:773 type:b dur:2 cpbdur:2 q:22.24 aq:19.51 tex:1171 mv:76 misc:393 imb:0 pmb:37 smb:2003 d:- ref:0 ;
in:775 out:774 type:P dur:2 cpbdur:2 q:20.60 aq:17.06 tex:12258 mv:210 misc:1604 imb:5 pmb:378 smb:1657 d:s ref:0 ;
in:774 out:775 type:b dur:2 cpbdur:2 q:21.61 aq:20.17 tex:336 mv:69 misc:459 imb:0 pmb:47 smb:1993 d:s ref:0 ;
in:777 out:776 type:P dur:2 cpbdur:2 q:16.96 aq:16.50 tex:79487 mv:544 misc:2049 imb:21 pmb:1188 smb:831 d:s ref:0 ;
in:776 out:777 type:b dur:2 cpbdur:2 q:20.54 aq:20.29 tex:380 mv:133 misc:543 imb:0 pmb:66 smb:1974 d:s ref:0 ;
in:778 out:778 type:P dur:2 cpbdur:2 q:20.05 aq:20.49 tex:936277 mv:14685 misc:542 imb:1317 pmb:565 smb:158 d:s ref:0 ;
in:779 out:779 type:I dur:2 cpbdur:2 q:16.40 aq:15.03 tex:1228487 mv:80410 misc:223 imb:2040 pmb:0 smb:0 d:s ref:;
in:780 out:780 type:P dur:2 cpbdur:2 q:21.86 aq:19.66 tex:579283 mv:19079 misc:358 imb:291 pmb:1713 smb:36 d:s ref:0 ;
in:784 out:781 type:P dur:2 cpbdur:2 q:22.15 aq:20.95 tex:741807 mv:16209 misc:536 imb:1341 pmb:581 smb:118 d:s ref:0 ;
in:782 out:782 type:B dur:2 cpbdur:2 q:22.17 aq:21.22 tex:326219 mv:14694 misc:735 imb:92 pmb:1738 smb:210 d:s ref:0 ;
in:781 out:783 type:b dur:2 cpbdur:2 q:22.17 aq:20.83 tex:1650 mv:361 misc:789 imb:7 pmb:181 smb:1852 d:s ref:0 ;
in:783 out:784 type:b dur:2 cpbdur:2 q:22.17 aq:23.08 tex:437300 mv:20670 misc:918 imb:341 pmb:1440 smb:259 d:- ref:0 ;
in:788 out:785 type:P dur:2 cpbdur:2 q:22.45 aq:17.36 tex:940821 mv:16528 misc:547 imb:1246 pmb:696 smb:98 d:s ref:0 ;
in:786 out:786 type:B dur:2 cpbdur:2 q:22.50 aq:22.48 tex:417273 mv:24481 misc:726 imb:446 pmb:1381 smb:213 d:s ref:0 ;
in:785 out:787 type:b dur:2 cpbdur:2 q:22.51 aq:23.37 tex:260942 mv:24363 misc:807 imb:212 pmb:1598 smb:230 d:s ref:0 ;
in:787 out:788 type:b dur:2 cpbdur:2 q:22.50 aq:22.84 tex:19058 mv:1233 misc:1821 imb:10 pmb:612 smb:1418 d:- ref:0 ;
in:789 out:789 type:P dur:2 cpbdur:2 q:21.79 aq:16.90 tex:79769 mv:1430 misc:2137 imb:38 pmb:918 smb:1084 d:s ref:0 ;
in:790 out:790 type:P dur:2 cpbdur:2 q:21.70 aq:17.29 tex:70495 mv:1017 misc:1728 imb:32 pmb:519 smb:1489 d:s ref:0 ;
in:792 out:791 type:P dur:2 cpbdur:2 q:21.79 aq:18.73 tex:115302 mv:1305 misc:2089 imb:27 pmb:1012 smb:1001 d:s ref:0 ;
in:791 out:792 type:b dur:2 cpbdur:2 q:21.79 aq:22.72 tex:10286 mv:560 misc:1314 imb:4 pmb:299 smb:1737 d:s ref:0 ;
in:794 out:793 type:P dur:2 cpbdur:2 q:21.96 aq:20.08 tex:64839 mv:1134 misc:2075 imb:20 pmb:1034 smb:986 d:s ref:0 ;
in:793 out:794 type:b dur:2 cpbdur:2 q:21.96 aq:20.93 tex:1835 mv:371 misc:1018 imb:4 pmb:180 smb:1856 d:s ref:0 ;
in:795 out:795 type:P dur:2 cpbdur:2 q:21.95 aq:20.77 tex:47649 mv:964 misc:2067 imb:18 pmb:871 smb:1151 d:s ref:0 ;
in:798 out:796 type:P dur:2 cpbdur:2 q:22.00 aq:19.13 tex:710836 mv:14818 misc:490 imb:1439 pmb:441 smb:160 d:s ref:0 ;
in:796 out:797 type:B dur:2 cpbdur:2 q:22.00 aq:22.87 tex:29017 mv:522 misc:1989 imb:3 pmb:750 smb:1287 d:s ref:0 ;
in:797 out:798 type:b dur:2 cpbdur:2 q:22.00 aq:22.59 tex:482358 mv:25165 misc:685 imb:777 pmb:1056 smb:207 d:- ref:0 ;
in:801 out:799 type:P dur:2 cpbdur:2 q:22.20 aq:16.57 tex:916125 mv:15955 misc:536 imb:1145 pmb:748 smb:147 d:s ref:0 ;
in:799 out:800 type:B dur:2 cpbdur:2 q:22.20 aq:21.38 tex:255177 mv:21096 misc:991 imb:246 pmb:1516 smb:278 d:s ref:0 ;
in:800 out:801 type:b dur:2 cpbdur:2 q:22.20 aq:23.37 tex:120025 mv:11605 misc:1442 imb:100 pmb:1447 smb:493 d:- ref:0 ;
in:802 out:802 type:P dur:2 cpbdur:2 q:22.23 aq:17.29 tex:42480 mv:634 misc:2078 imb:8 pmb:802 smb:1230 d:s ref:0 ;
in:803 out:803 type:P dur:2 cpbdur:2 q:21.61 aq:16.85 tex:37772 mv:784 misc:1956 imb:37 pmb:656 smb:1347 d:s ref:0 ;
in:804 out:804 type:P dur:2 cpbdur:2 q:21.74 aq:17.44 tex:88761 mv:1143 misc:1976 imb:23 pmb:756 smb:1261 d:s ref:0 ;
in:805 out:805 type:P dur:2 cpbdur:2 q:21.47 aq:18.01 tex:61312 mv:627 misc:1709 imb:15 pmb:599 smb:1426 d:s ref:0 ;
in:806 out:806 type:P dur:2 cpbdur:2 q:21.44 aq:17.72 tex:106229 mv:1108 misc:2015 imb:37 pmb:910 smb:1093 d:s ref:0 ;
in:807 out:807 type:P dur:2 cpbdur:2 q:21.07 aq:17.59 tex:103601 mv:872 misc:1967 imb:21 pmb:1104 smb:915 d:s ref:0 ;
in:808 out:808 type:P dur:2 cpbdur:2 q:20.64 aq:17.83 tex:42852 mv:505 misc:1851 imb:13 pmb:658 smb:1369 d:s ref:0 ;
in:809 out:809 type:P dur:2 cpbdur:2 q:22.04 aq:19.33 tex:35826 mv:652 misc:2034 imb:26 pmb:777 smb:1237 d:s ref:0 ;
in:811 out:810 type:P dur:2 cpbdur:2 q:22.09 aq:21.01 tex:436838 mv:17098 misc:488 imb:397 pmb:1470 smb:173 d:s ref:0 ;
in:810 out:811 type:b dur:2 cpbdur:2 q:22.09 aq:22.77 tex:42746 mv:2968 misc:1798 imb:8 pmb:768 smb:1264 d:s ref:0 ;
in:812 out:812 type:P dur:2 cpbdur:2 q:22.49 aq:21.34 tex:382535 mv:16806 misc:523 imb:390 pmb:1474 smb:176 d:s ref:0 ;
in:813 out:813 type:P dur:2 cpbdur:2 q:22.22 aq:20.69 tex:370745 mv:16684 misc:563 imb:371 pmb:1500 smb:169 d:s ref:0 ;
in:815 out:814 type:P dur:2 cpbdur:2 q:22.19 aq:20.14 tex:462829 mv:19360 misc:579 imb:596 pmb:1268 smb:176 d:s ref:0 ;
in:814 out:815 type:b dur:2 cpbdur:2 q:22.22 aq:22.95 tex:165538 mv:21336 misc:950 imb:134 pmb:1601 smb:305 d:s ref:0 ;
in:816 out:816 type:P dur:2 cpbdur:2 q:22.34 aq:19.91 tex:324902 mv:16114 misc:680 imb:375 pmb:1444 smb:221 d:s ref:0 ;
in:817 out:817 type:P dur:2 cpbdur:2 q:22.69 aq:19.96 tex:323936 mv:16211 misc:621 imb:374 pmb:1462 smb:204 d:s ref:0 ;
in:818 out:818 type:P dur:2 cpbdur:2 q:22.82 aq:19.77 tex:342718 mv:15629 misc:685 imb:325 pmb:1488 smb:227 d:s ref:0 ;
in:819 out:819 type:P dur:2 cpbdur:2 q:22.91 aq:19.39 tex:328997 mv:14813 misc:694 imb:276 pmb:1521 smb:243 d:s ref:0 ;
in:823 out:820 type:P dur:2 cpbdur:2 q:22.93 aq:16.54 tex:789351 mv:16890 misc:663 imb:1012 pmb:815 smb:213 d:s ref:0 ;
in:821 out:821 type:B dur:2 cpbdur:2 q:23.07 aq:22.00 tex:242511 mv:24176 misc:841 imb:190 pmb:1527 smb:323 d:s ref:0 ;
in:820 out:822 type:b dur:2 cpbdur:2 q:23.07 aq:23.62 tex:113427 mv:21100 misc:1161 imb:105 pmb:1474 smb:461 d:s ref:0 ;
in:822 out:823 type:b dur:2 cpbdur:2 q:23.06 aq:23.81 tex:111798 mv:14808 misc:1178 imb:80 pmb:1480 smb:480 d:- ref:0 ;
in:824 out:824 type:P dur:2 cpbdur:2 q:22.07 aq:15.70 tex:154803 mv:1599 misc:1678 imb:47 pmb:1311 smb:682 d:s ref:0 ;
in:825 out:825 type:P dur:2 cpbdur:2 q:22.10 aq:15.78 tex:211039 mv:2412 misc:1725 imb:131 pmb:1075 smb:834 d:s ref:0 ;
in:826 out:826 type:P dur:2 cpbdur:2 q:22.15 aq:15.85 tex:57759 mv:553 misc:1904 imb:10 pmb:750 smb:1280 d:s ref:0 ;
in:827 out:827 type:P dur:2 cpbdur:2 q:22.15 aq:16.48 tex:29917 mv:505 misc:1770 imb:18 pmb:509 smb:1513 d:s ref:0 ;
in:828 out:828 type:P dur:2 cpbdur:2 q:22.17 aq:16.27 tex:180865 mv:1082 misc:1637 imb:23 pmb:1290 smb:727 d:s ref:0 ;
in:829 out:829 type:P dur:2 cpbdur:2 q:22.20 aq:15.88 tex:296091 mv:1660 misc:1313 imb:42 pmb:1473 smb:525 d:s ref:0 ;
in:830 out:830 type:P dur:2 cpbdur:2 q:22.23 aq:15.87 tex:191163 mv:1089 misc:1916 imb:33 pmb:1043 smb:964 d:s ref:0 ;
in:831 out:831 type:P dur:2 cpbdur:2 q:22.26 aq:15.96 tex:169909 mv:759 misc:1932 imb:25 pmb:848 smb:1167 d:s ref:0 ;
in:832 out:832 type:P dur:2 cpbdur:2 q:22.38 aq:15.74 tex:211850 mv:901 misc:1457 imb:18 pmb:1414 smb:608 d:s ref:0 ;
in:833 out:833 type:P dur:2 cpbdur:2 q:22.39 aq:15.99 tex:93845 mv:654 misc:1917 imb:22 pmb:1044 smb:974 d:s ref:0 ;
in:835 out:834 type:P dur:2 cpbdur:2 q:22.38 aq:15.81 tex:217456 mv:1452 misc:1292 imb:76 pmb:1516 smb:448 d:s ref:0 ;
in:834 out:835 type:b dur:2 cpbdur:2 q:22.39 aq:22.24 tex:2016 mv:301 misc:795 imb:3 pmb:127 smb:1910 d:s ref:0 ;
in:836 out:836 type:P dur:2 cpbdur:2 q:22.36 aq:15.64 tex:207374 mv:1202 misc:1376 imb:61 pmb:1505 smb:474 d:s ref:0 ;
in:838 out:837 type:P dur:2 cpbdur:2 q:22.36 aq:15.45 tex:242709 mv:1858 misc:1121 imb:125 pmb:1555 smb:360 d:s ref:0 ;
in:837 out:838 type:b dur:2 cpbdur:2 q:22.36 aq:19.67 tex:860 mv:218 misc:810 imb:2 pmb:145 smb:1893 d:s ref:0 ;
in:839 out:839 type:P dur:2 cpbdur:2 q:22.41 aq:15.52 tex:197206 mv:906 misc:1336 imb:34 pmb:1523 smb:483 d:s ref:0 ;
in:843 out:840 type:P dur:2 cpbdur:2 q:22.74 aq:14.95 tex:583559 mv:3369 misc:408 imb:218 pmb:1769 smb:53 d:s ref:0 ;
in:841 out:841 type:B dur:2 cpbdur:2 q:22.73 aq:20.17 tex:3275 mv:383 misc:838 imb:0 pmb:179 smb:1861 d:s ref:0 ;
in:840 out:842 type:b dur:2 cpbdur:2 q:22.72 aq:20.39 tex:2739 mv:504 misc:1413 imb:5 pmb:365 smb:1670 d:s ref:0 ;
in:842 out:843 type:b dur:2 cpbdur:2 q:22.74 aq:22.40 tex:1067 mv:44 misc:241 imb:0 pmb:14 smb:2026 d:- ref:0 ;
in:844 out:844 type:P dur:2 cpbdur:2 q:22.56 aq:15.74 tex:86282 mv:469 misc:1937 imb:3 pmb:1157 smb:880 d:s ref:0 ;
in:845 out:845 type:P dur:2 cpbdur:2 q:22.05 aq:15.29 tex:92573 mv:509 misc:1886 imb:7 pmb:1128 smb:905 d:s ref:0 ;
in:846 out:846 type:P dur:2 cpbdur:2 q:22.15 aq:15.38 tex:80876 mv:463 misc:1957 imb:7 pmb:1082 smb:951 d:s ref:0 ;
in:848 out:847 type:P dur:2 cpbdur:2 q:21.98 aq:15.29 tex:123560 mv:756 misc:1596 imb:23 pmb:1396 smb:621 d:s ref:0 ;
in:847 out:848 type:b dur:2 cpbdur:2 q:22.36 aq:23.70 tex:36 mv:11 misc:185 imb:0 pmb:3 smb:2037 d:s ref:0 ;
in:852 out:849 type:P dur:2 cpbdur:2 q:22.07 aq:15.82 tex:90786 mv:745 misc:1869 imb:16 pmb:1185 smb:839 d:s ref:0 ;
in:850 out:850 type:B dur:2 cpbdur:2 q:22.35 aq:21.20 tex:13469 mv:316 misc:519 imb:19 pmb:55 smb:1966 d:s ref:0 ;
in:849 out:851 type:b dur:2 cpbdur:2 q:22.39 aq:23.87 tex:4197 mv:76 misc:247 imb:0 pmb:32 smb:2008 d:s ref:0 ;
in:851 out:852 type:b dur:2 cpbdur:2 q:22.40 aq:22.48 tex:1850 mv:60 misc:234 imb:0 pmb:31 smb:2009 d:- ref:0 ;
in:856 out:853 type:P dur:2 cpbdur:2 q:22.26 aq:16.68 tex:48242 mv:395 misc:2027 imb:11 pmb:904 smb:1125 d:s ref:0 ;
in:854 out:854 type:B dur:2 cpbdur:2 q:22.43 aq:22.12 tex:775 mv:67 misc:318 imb:0 pmb:24 smb:2016 d:s ref:0 ;
in:853 out:855 type:b dur:2 cpbdur:2 q:22.42 aq:23.74 tex:882 mv:51 misc:275 imb:0 pmb:20 smb:2020 d:s ref:0 ;
in:855 out:856 type:b dur:2 cpbdur:2 q:22.44 aq:23.74 tex:900 mv:58 misc:242 imb:1 pmb:12 smb:2027 d:- ref:0 ;
in:860 out:857 type:P dur:2 cpbdur:2 q:20.00 aq:14.35 tex:127629 mv:1142 misc:1525 imb:59 pmb:1435 smb:546 d:s ref:0 ;
in:858 out:858 type:B dur:2 cpbdur:2 q:22.20 aq:19.44 tex:2802 mv:184 misc:646 imb:0 pmb:95 smb:1945 d:s ref:0 ;
in:857 out:859 type:b dur:2 cpbdur:2 q:22.23 aq:23.40 tex:1270 mv:44 misc:246 imb:0 pmb:16 smb:2024 d:s ref:0 ;
in:859 out:860 type:b dur:2 cpbdur:2 q:22.17 aq:20.42 tex:766 mv:63 misc:243 imb:0 pmb:14 smb:2026 d:- ref:0 ;
in:864 out:861 type:P dur:2 cpbdur:2 q:18.28 aq:14.96 tex:125108 mv:902 misc:1766 imb:31 pmb:1322 smb:687 d:s ref:0 ;
in:862 out:862 type:B dur:2 cpbdur:2 q:20.29 aq:19.23 tex:2079 mv:247 misc:946 imb:0 pmb:159 smb:1881 d:s ref:0 ;
in:861 out:863 type:b dur:2 cpbdur:2 q:20.74 aq:20.48 tex:1044 mv:112 misc:412 imb:0 pmb:42 smb:1998 d:s ref:0 ;
in:863 out:864 type:b dur:2 cpbdur:2 q:20.71 aq:20.68 tex:168 mv:50 misc:302 imb:0 pmb:20 smb:2020 d:- ref:0 ;
in:868 out:865 type:P dur:2 cpbdur:2 q:20.09 aq:17.50 tex:902705 mv:12764 misc:515 imb:1522 pmb:402 smb:116 d:s ref:0 ;
in:866 out:866 type:B dur:2 cpbdur:2 q:20.28 aq:19.22 tex:6849 mv:265 misc:902 imb:0 pmb:221 smb:1819 d:s ref:0 ;
in:865 out:867 type:b dur:2 cpbdur:2 q:20.30 aq:20.90 tex:4282 mv:45 misc:465 imb:0 pmb:58 smb:1982 d:s ref:0 ;
in:867 out:868 type:b dur:2 cpbdur:2 q:20.27 aq:19.17 tex:26291 mv:1137 misc:516 imb:4 pmb:184 smb:1852 d:- ref:0 ;
in:869 out:869 type:P dur:2 cpbdur:2 q:18.80 aq:16.07 tex:556554 mv:10437 misc:593 imb:450 pmb:1421 smb:169 d:s ref:0 ;
in:870 out:870 type:P dur:2 cpbdur:2 q:18.63 aq:15.40 tex:563182 mv:9599 misc:611 imb:367 pmb:1472 smb:201 d:s ref:0 ;
in:872 out:871 type:P dur:2 cpbdur:2 q:21.80 aq:18.38 tex:792194 mv:13576 misc:606 imb:1463 pmb:369 smb:208 d:s ref:0 ;
in:871 out:872 type:b dur:2 cpbdur:2 q:21.79 aq:22.57 tex:134783 mv:8169 misc:1624 imb:65 pmb:1133 smb:842 d:s ref:0 ;
in:873 out:873 type:P dur:2 cpbdur:2 q:19.05 aq:15.51 tex:462843 mv:8197 misc:672 imb:210 pmb:1571 smb:259 d:s ref:0 ;
in:874 out:874 type:P dur:2 cpbdur:2 q:18.31 aq:14.50 tex:504996 mv:9020 misc:560 imb:245 pmb:1590 smb:205 d:s ref:0 ;
in:875 out:875 type:P dur:2 cpbdur:2 q:18.44 aq:14.36 tex:493944 mv:9080 misc:632 imb:256 pmb:1558 smb:226 d:s ref:0 ;
in:876 out:876 type:P dur:2 cpbdur:2 q:18.58 aq:13.95 tex:474602 mv:9199 misc:639 imb:252 pmb:1570 smb:218 d:s ref:0 ;
in:877 out:877 type:P dur:2 cpbdur:2 q:18.91 aq:14.18 tex:487721 mv:9121 misc:678 imb:216 pmb:1589 smb:235 d:s ref:0 ;
in:879 out:878 type:P dur:2 cpbdur:2 q:20.57 aq:15.60 tex:441871 mv:8751 misc:962 imb:208 pmb:1516 smb:316 d:s ref:0 ;
in:878 out:879 type:b dur:2 cpbdur:2 q:20.91 aq:22.12 tex:90648 mv:8150 misc:1850 imb:68 pmb:1012 smb:960 d:s ref:0 ;
in:883 out:880 type:P dur:2 cpbdur:2 q:21.13 aq:14.15 tex:1006938 mv:8448 misc:726 imb:301 pmb:1471 smb:268 d:s ref:0 ;
in:881 out:881 type:B dur:2 cpbdur:2 q:21.16 aq:19.67 tex:10858 mv:325 misc:1377 imb:0 pmb:353 smb:1687 d:s ref:0 ;
in:880 out:882 type:b dur:2 cpbdur:2 q:21.16 aq:22.12 tex:4149 mv:215 misc:908 imb:0 pmb:204 smb:1836 d:s ref:0 ;
in:882 out:883 type:b dur:2 cpbdur:2 q:21.16 aq:21.40 tex:1292 mv:173 misc:503 imb:0 pmb:65 smb:1975 d:- ref:0 ;
in:884 out:884 type:P dur:2 cpbdur:2 q:21.70 aq:14.94 tex:143927 mv:732 misc:1973 imb:14 pmb:994 smb:1032 d:s ref:0 ;
in:885 out:885 type:P dur:2 cpbdur:2 q:21.73 aq:14.97 tex:192138 mv:851 misc:1931 imb:11 pmb:1037 smb:992 d:s ref:0 ;
in:886 out:886 type:P dur:2 cpbdur:2 q:21.75 aq:15.16 tex:181826 mv:658 misc:1748 imb:12 pmb:713 smb:1315 d:s ref:0 ;
in:887 out:887 type:P dur:2 cpbdur:2 q:21.78 aq:15.14 tex:179046 mv:395 misc:1743 imb:3 pmb:704 smb:1333 d:s ref:0 ;
in:888 out:888 type:P dur:2 cpbdur:2 q:21.71 aq:14.82 tex:175967 mv:547 misc:1686 imb:4 pmb:1265 smb:771 d:s ref:0 ;
in:889 out:889 type:P dur:2 cpbdur:2 q:21.74 aq:15.01 tex:57126 mv:280 misc:1858 imb:0 pmb:683 smb:1357 d:s ref:0 ;
in:890 out:890 type:P dur:2 cpbdur:2 q:21.87 aq:15.05 tex:170821 mv:332 misc:1455 imb:0 pmb:1378 smb:662 d:s ref:0 ;
in:891 out:891 type:P dur:2 cpbdur:2 q:21.99 aq:14.97 tex:242801 mv:761 misc:1094 imb:19 pmb:1521 smb:500 d:s ref:0 ;
in:892 out:892 type:P dur:2 cpbdur:2 q:21.96 aq:14.99 tex:71441 mv:244 misc:1947 imb:0 pmb:879 smb:1161 d:s ref:0 ;
in:893 out:893 type:P dur:2 cpbdur:2 q:21.93 aq:15.20 tex:58922 mv:221 misc:1905 imb:0 pmb:764 smb:1276 d:s ref:0 ;
in:895 out:894 type:P dur:2 cpbdur:2 q:22.16 aq:15.28 tex:221952 mv:541 misc:1195 imb:4 pmb:1514 smb:522 d:s ref:0 ;
in:894 out:895 type:b dur:2 cpbdur:2 q:22.19 aq:24.65 tex:496 mv:88 misc:504 imb:0 pmb:62 smb:1978 d:s ref:0 ;
in:897 out:896 type:P dur:2 cpbdur:2 q:21.60 aq:14.58 tex:264489 mv:475 misc:1036 imb:3 pmb:1561 smb:476 d:s ref:0 ;
in:896 out:897 type:b dur:2 cpbdur:2 q:22.16 aq:24.87 tex:308 mv:69 misc:407 imb:0 pmb:40 smb:2000 d:s ref:0 ;
in:899 out:898 type:P dur:2 cpbdur:2 q:21.38 aq:14.35 tex:264247 mv:526 misc:1059 imb:10 pmb:1589 smb:441 d:s ref:0 ;
in:898 out:899 type:b dur:2 cpbdur:2 q:21.69 aq:22.93 tex:198 mv:74 misc:432 imb:0 pmb:48 smb:1992 d:s ref:0 ;
in:903 out:900 type:P dur:2 cpbdur:2 q:22.12 aq:14.78 tex:642695 mv:1646 misc:507 imb:89 pmb:1865 smb:86 d:s ref:0 ;
in:901 out:901 type:B dur:2 cpbdur:2 q:22.15 aq:19.81 tex:2182 mv:219 misc:887 imb:0 pmb:181 smb:1859 d:s ref:0 ;
in:900 out:902 type:b dur:2 cpbdur:2 q:22.15 aq:20.79 tex:1499 mv:260 misc:1113 imb:0 pmb:233 smb:1807 d:s ref:0 ;
in:902 out:903 type:b dur:2 cpbdur:2 q:22.14 aq:18.85 tex:50 mv:11 misc:187 imb:0 pmb:3 smb:2037 d:- ref:0 ;
in:904 out:904 type:P dur:2 cpbdur:2 q:20.17 aq:13.06 tex:298646 mv:648 misc:1058 imb:22 pmb:1738 smb:280 d:s ref:0 ;
in:905 out:905 type:P dur:2 cpbdur:2 q:19.10 aq:12.03 tex:240205 mv:597 misc:1038 imb:15 pmb:1721 smb:304 d:s ref:0 ;
in:906 out:906 type:P dur:2 cpbdur:2 q:17.75 aq:10.83 tex:303462 mv:623 misc:947 imb:19 pmb:1719 smb:302 d:s ref:0 ;
in:908 out:907 type:P dur:2 cpbdur:2 q:17.27 aq:10.52 tex:191042 mv:460 misc:1410 imb:4 pmb:1526 smb:510 d:s ref:0 ;
in:907 out:908 type:b dur:2 cpbdur:2 q:17.79 aq:17.81 tex:4726 mv:85 misc:253 imb:1 pmb:23 smb:2016 d:s ref:0 ;
in:911 out:909 type:P dur:2 cpbdur:2 q:17.93 aq:11.23 tex:256535 mv:1916 misc:1333 imb:92 pmb:1542 smb:406 d:s ref:0 ;
in:909 out:910 type:B dur:2 cpbdur:2 q:18.21 aq:19.40 tex:7698 mv:118 misc:368 imb:1 pmb:96 smb:1943 d:s ref:0 ;
in:910 out:911 type:b dur:2 cpbdur:2 q:18.22 aq:18.55 tex:4274 mv:114 misc:324 imb:2 pmb:73 smb:1965 d:- ref:0 ;
in:912 out:912 type:P dur:2 cpbdur:2 q:20.38 aq:13.99 tex:12079 mv:129 misc:864 imb:0 pmb:169 smb:1871 d:s ref:0 ;
in:913 out:913 type:P dur:2 cpbdur:2 q:20.25 aq:13.77 tex:19809 mv:222 misc:817 imb:1 pmb:181 smb:1858 d:s ref:0 ;
in:915 out:914 type:P dur:2 cpbdur:2 q:20.04 aq:13.56 tex:37329 mv:387 misc:1668 imb:1 pmb:462 smb:1577 d:s ref:0 ;
in:914 out:915 type:b dur:2 cpbdur:2 q:20.24 aq:20.17 tex:49 mv:14 misc:193 imb:0 pmb:4 smb:2036 d:s ref:0 ;
in:917 out:916 type:P dur:2 cpbdur:2 q:21.13 aq:15.53 tex:47602 mv:441 misc:1805 imb:17 pmb:567 smb:1456 d:s ref:0 ;
in:916 out:917 type:b dur:2 cpbdur:2 q:21.11 aq:24.01 tex:1860 mv:43 misc:209 imb:0 pmb:21 smb:2019 d:s ref:0 ;
in:921 out:918 type:P dur:2 cpbdur:2 q:19.05 aq:13.34 tex:119763 mv:1073 misc:1876 imb:50 pmb:1326 smb:664 d:s ref:0 ;
in:919 out:919 type:B dur:2 cpbdur:2 q:21.10 aq:19.97 tex:1927 mv:111 misc:410 imb:0 pmb:69 smb:1971 d:s ref:0 ;
in:918 out:920 type:b dur:2 cpbdur:2 q:21.11 aq:21.49 tex:1455 mv:93 misc:236 imb:2 pmb:26 smb:2012 d:s ref:0 ;
in:920 out:921 type:b dur:2 cpbdur:2 q:21.08 aq:17.37 tex:1341 mv:72 misc:251 imb:0 pmb:43 smb:1997 d:- ref:0 ;
in:925 out:922 type:P dur:2 cpbdur:2 q:16.52 aq:12.29 tex:184624 mv:590 misc:1458 imb:20 pmb:1546 smb:474 d:s ref:0 ;
in:923 out:923 type:B dur:2 cpbdur:2 q:19.01 aq:18.42 tex:5157 mv:277 misc:942 imb:0 pmb:170 smb:1870 d:s ref:0 ;
in:922 out:924 type:b dur:2 cpbdur:2 q:19.03 aq:20.61 tex:1729 mv:87 misc:328 imb:0 pmb:26 smb:2014 d:s ref:0 ;
in:924 out:925 type:b dur:2 cpbdur:2 q:18.98 aq:20.87 tex:1394 mv:67 misc:355 imb:0 pmb:30 smb:2010 d:- ref:0 ;
in:929 out:926 type:P dur:2 cpbdur:2 q:19.09 aq:14.60 tex:907496 mv:7807 misc:769 imb:599 pmb:1192 smb:249 d:s ref:0 ;
in:927 out:927 type:B dur:2 cpbdur:2 q:19.30 aq:18.18 tex:11313 mv:390 misc:1249 imb:0 pmb:339 smb:1701 d:s ref:0 ;
in:926 out:928 type:b dur:2 cpbdur:2 q:19.33 aq:19.83 tex:206 mv:58 misc:336 imb:0 pmb:27 smb:2013 d:s ref:0 ;
in:928 out:929 type:b dur:2 cpbdur:2 q:19.30 aq:19.74 tex:8180 mv:414 misc:1046 imb:1 pmb:286 smb:1753 d:- ref:0 ;
in:933 out:930 type:P dur:2 cpbdur:2 q:18.94 aq:13.81 tex:676785 mv:8856 misc:727 imb:390 pmb:1426 smb:224 d:s ref:0 ;
in:931 out:931 type:B dur:2 cpbdur:2 q:19.15 aq:19.23 tex:134691 mv:4569 misc:1772 imb:33 pmb:1179 smb:828 d:s ref:0 ;
in:930 out:932 type:b dur:2 cpbdur:2 q:19.17 aq:21.18 tex:15031 mv:212 misc:941 imb:3 pmb:254 smb:1783 d:s ref:0 ;
in:932 out:933 type:b dur:2 cpbdur:2 q:19.14 aq:20.63 tex:31334 mv:2442 misc:1856 imb:1 pmb:782 smb:1257 d:- ref:0 ;
in:934 out:934 type:P dur:2 cpbdur:2 q:16.20 aq:11.21 tex:401542 mv:1854 misc:940 imb:72 pmb:1680 smb:288 d:s ref:0 ;
in:935 out:935 type:P dur:2 cpbdur:2 q:15.73 aq:11.19 tex:197317 mv:1082 misc:1481 imb:10 pmb:1505 smb:525 d:s ref:0 ;
in:936 out:936 type:P dur:2 cpbdur:2 q:15.67 aq:11.19 tex:218143 mv:1815 misc:1354 imb:21 pmb:1536 smb:483 d:s ref:0 ;
in:939 out:937 type:P dur:2 cpbdur:2 q:13.84 aq:8.37 tex:1130540 mv:9548 misc:440 imb:658 pmb:1266 smb:116 d:s ref:0 ;
in:937 out:938 type:B dur:2 cpbdur:2 q:15.68 aq:15.22 tex:66555 mv:2966 misc:1879 imb:6 pmb:1178 smb:856 d:s ref:0 ;
in:938 out:939 type:b dur:2 cpbdur:2 q:15.68 aq:16.86 tex:94114 mv:3520 misc:1838 imb:60 pmb:1000 smb:980 d:- ref:0 ;
in:943 out:940 type:P dur:2 cpbdur:2 q:15.55 aq:8.33 tex:1290604 mv:6418 misc:954 imb:330 pmb:1329 smb:381 d:s ref:0 ;
in:941 out:941 type:B dur:2 cpbdur:2 q:15.95 aq:16.31 tex:60623 mv:1330 misc:1159 imb:43 pmb:372 smb:1625 d:s ref:0 ;
in:940 out:942 type:b dur:2 cpbdur:2 q:15.93 aq:17.34 tex:23670 mv:744 misc:938 imb:18 pmb:314 smb:1708 d:s ref:0 ;
in:942 out:943 type:b dur:2 cpbdur:2 q:15.97 aq:18.52 tex:3778 mv:233 misc:557 imb:1 pmb:111 smb:1928 d:- ref:0 ;
in:944 out:944 type:P dur:2 cpbdur:2 q:16.56 aq:9.35 tex:73890 mv:334 misc:1760 imb:6 pmb:847 smb:1187 d:s ref:0 ;
in:945 out:945 type:P dur:2 cpbdur:2 q:16.77 aq:9.66 tex:161664 mv:495 misc:1689 imb:17 pmb:810 smb:1213 d:s ref:0 ;
in:946 out:946 type:P dur:2 cpbdur:2 q:18.19 aq:11.06 tex:155522 mv:481 misc:1549 imb:8 pmb:639 smb:1393 d:s ref:0 ;
in:947 out:947 type:P dur:2 cpbdur:2 q:17.94 aq:11.00 tex:167661 mv:473 misc:1410 imb:10 pmb:566 smb:1464 d:s ref:0 ;
in:948 out:948 type:P dur:2 cpbdur:2 q:17.49 aq:10.45 tex:221947 mv:635 misc:1578 imb:31 pmb:785 smb:1224 d:s ref:0 ;
in:949 out:949 type:P dur:2 cpbdur:2 q:17.52 aq:10.25 tex:133500 mv:477 misc:1647 imb:12 pmb:865 smb:1163 d:s ref:0 ;
in:950 out:950 type:P dur:2 cpbdur:2 q:16.30 aq:9.19 tex:127114 mv:471 misc:1639 imb:15 pmb:883 smb:1142 d:s ref:0 ;
in:951 out:951 type:P dur:2 cpbdur:2 q:15.56 aq:8.43 tex:207221 mv:488 misc:1419 imb:14 pmb:1163 smb:863 d:s ref:0 ;
in:952 out:952 type:P dur:2 cpbdur:2 q:15.21 aq:8.22 tex:327360 mv:738 misc:1262 imb:29 pmb:1397 smb:614 d:s ref:0 ;
in:953 out:953 type:P dur:2 cpbdur:2 q:15.46 aq:8.57 tex:189281 mv:535 misc:1424 imb:16 pmb:1333 smb:691 d:s ref:0 ;
in:954 out:954 type:P dur:2 cpbdur:2 q:15.08 aq:8.26 tex:344314 mv:879 misc:1215 imb:36 pmb:1492 smb:512 d:s ref:0 ;
in:955 out:955 type:P dur:2 cpbdur:2 q:14.16 aq:7.30 tex:316348 mv:787 misc:1081 imb:31 pmb:1559 smb:450 d:s ref:0 ;
in:956 out:956 type:P dur:2 cpbdur:2 q:13.83 aq:6.98 tex:179526 mv:446 misc:1516 imb:8 pmb:1295 smb:737 d:s ref:0 ;
in:958 out:957 type:P dur:2 cpbdur:2 q:13.75 aq:7.14 tex:465813 mv:787 misc:992 imb:10 pmb:1633 smb:397 d:s ref:0 ;
in:957 out:958 type:b dur:2 cpbdur:2 q:14.08 aq:15.95 tex:1663 mv:179 misc:846 imb:0 pmb:145 smb:1895 d:s ref:0 ;
in:960 out:959 type:P dur:2 cpbdur:2 q:14.22 aq:7.01 tex:1040742 mv:2046 misc:420 imb:168 pmb:1801 smb:71 d:s ref:0 ;
in:959 out:960 type:b dur:2 cpbdur:2 q:14.21 aq:12.29 tex:4145 mv:386 misc:1205 imb:0 pmb:292 smb:1748 d:s ref:0 ;
in:963 out:961 type:P dur:2 cpbdur:2 q:14.22 aq:7.26 tex:365522 mv:2612 misc:1154 imb:132 pmb:1561 smb:347 d:s ref:0 ;
in:961 out:962 type:B dur:2 cpbdur:2 q:14.33 aq:14.53 tex:52152 mv:1890 misc:846 imb:21 pmb:392 smb:1627 d:s ref:0 ;
in:962 out:963 type:b dur:2 cpbdur:2 q:14.36 aq:16.21 tex:60230 mv:2118 misc:620 imb:11 pmb:400 smb:1629 d:- ref:0 ;
in:964 out:964 type:P dur:2 cpbdur:2 q:14.74 aq:7.97 tex:238848 mv:1932 misc:1756 imb:80 pmb:1142 smb:818 d:s ref:0 ;
in:967 out:965 type:P dur:2 cpbdur:2 q:14.69 aq:8.27 tex:279273 mv:2003 misc:1228 imb:79 pmb:1525 smb:436 d:s ref:0 ;
in:965 out:966 type:B dur:2 cpbdur:2 q:14.75 aq:14.82 tex:61100 mv:1569 misc:675 imb:19 pmb:394 smb:1627 d:s ref:0 ;
in:966 out:967 type:b dur:2 cpbdur:2 q:14.75 aq:16.34 tex:50814 mv:1785 misc:505 imb:11 pmb:372 smb:1657 d:- ref:0 ;
in:969 out:968 type:P dur:2 cpbdur:2 q:15.50 aq:8.86 tex:277045 mv:2440 misc:1819 imb:92 pmb:1037 smb:911 d:s ref:0 ;
in:968 out:969 type:b dur:2 cpbdur:2 q:15.49 aq:18.45 tex:28829 mv:1345 misc:698 imb:9 pmb:281 smb:1750 d:s ref:0 ;
in:972 out:970 type:P dur:2 cpbdur:2 q:15.71 aq:9.74 tex:120103 mv:966 misc:1451 imb:42 pmb:628 smb:1370 d:s ref:0 ;
in:970 out:971 type:B dur:2 cpbdur:2 q:15.71 aq:16.45 tex:31645 mv:836 misc:687 imb:11 pmb:329 smb:1700 d:s ref:0 ;
in:971 out:972 type:b dur:2 cpbdur:2 q:15.71 aq:17.67 tex:2462 mv:204 misc:558 imb:1 pmb:117 smb:1922 d:- ref:0 ;
in:974 out:973 type:P dur:2 cpbdur:2 q:16.01 aq:10.09 tex:154560 mv:1174 misc:1898 imb:45 pmb:1202 smb:793 d:s ref:0 ;
in:973 out:974 type:b dur:2 cpbdur:2 q:16.02 aq:17.57 tex:40602 mv:1120 misc:566 imb:13 pmb:339 smb:1688 d:s ref:0 ;
in:978 out:975 type:P dur:2 cpbdur:2 q:16.46 aq:10.87 tex:209086 mv:1868 misc:1606 imb:89 pmb:768 smb:1183 d:s ref:0 ;
in:976 out:976 type:B dur:2 cpbdur:2 q:16.45 aq:16.37 tex:12781 mv:332 misc:631 imb:0 pmb:180 smb:1860 d:s ref:0 ;
in:975 out:977 type:b dur:2 cpbdur:2 q:16.45 aq:17.82 tex:3219 mv:230 misc:599 imb:1 pmb:132 smb:1907 d:s ref:0 ;
in:977 out:978 type:b dur:2 cpbdur:2 q:16.46 aq:19.00 tex:4525 mv:152 misc:355 imb:4 pmb:49 smb:1987 d:- ref:0 ;
in:982 out:979 type:P dur:2 cpbdur:2 q:15.50 aq:11.43 tex:116432 mv:836 misc:1852 imb:27 pmb:908 smb:1105 d:s ref:0 ;
in:980 out:980 type:B dur:2 cpbdur:2 q:16.50 aq:15.71 tex:4895 mv:209 misc:512 imb:0 pmb:108 smb:1932 d:s ref:0 ;
in:979 out:981 type:b dur:2 cpbdur:2 q:16.51 aq:18.15 tex:2081 mv:110 misc:361 imb:0 pmb:60 smb:1980 d:s ref:0 ;
in:981 out:982 type:b dur:2 cpbdur:2 q:16.48 aq:19.40 tex:849 mv:63 misc:312 imb:0 pmb:28 smb:2012 d:- ref:0 ;
in:985 out:983 type:P dur:2 cpbdur:2 q:14.53 aq:11.71 tex:59608 mv:363 misc:1557 imb:3 pmb:471 smb:1566 d:s ref:0 ;
in:983 out:984 type:B dur:2 cpbdur:2 q:15.67 aq:17.19 tex:417 mv:103 misc:440 imb:0 pmb:44 smb:1996 d:s ref:0 ;
in:984 out:985 type:b dur:2 cpbdur:2 q:15.85 aq:16.28 tex:404 mv:79 misc:357 imb:0 pmb:32 smb:2008 d:- ref:0 ;
in:987 out:986 type:P dur:2 cpbdur:2 q:12.30 aq:10.88 tex:121932 mv:435 misc:1841 imb:11 pmb:853 smb:1176 d:s ref:0 ;
in:986 out:987 type:b dur:2 cpbdur:2 q:14.84 aq:14.30 tex:766 mv:180 misc:566 imb:1 pmb:77 smb:1962 d:s ref:0 ;
in:988 out:988 type:I dur:2 cpbdur:2 q:13.04 aq:5.32 tex:1786601 mv:75667 misc:188 imb:2040 pmb:0 smb:0 d:s ref:;
in:990 out:989 type:P dur:2 cpbdur:2 q:12.65 aq:5.25 tex:197045 mv:2347 misc:1880 imb:208 pmb:1062 smb:770 d:s ref:0 ;
in:989 out:990 type:b dur:2 cpbdur:2 q:13.11 aq:13.04 tex:43131 mv:1937 misc:468 imb:84 pmb:174 smb:1782 d:s ref:0 ;
in:991 out:991 type:P dur:2 cpbdur:2 q:11.86 aq:4.34 tex:199146 mv:2170 misc:1804 imb:175 pmb:999 smb:866 d:s ref:0 ;
in:995 out:992 type:P dur:2 cpbdur:2 q:11.68 aq:4.73 tex:192772 mv:1881 misc:1875 imb:124 pmb:1113 smb:803 d:s ref:0 ;
in:993 out:993 type:B dur:2 cpbdur:2 q:12.22 aq:10.29 tex:8367 mv:401 misc:856 imb:4 pmb:178 smb:1858 d:s ref:0 ;
in:992 out:994 type:b dur:2 cpbdur:2 q:12.50 aq:12.80 tex:2742 mv:168 misc:442 imb:0 pmb:82 smb:1958 d:s ref:0 ;
in:994 out:995 type:b dur:2 cpbdur:2 q:12.50 aq:10.28 tex:1537 mv:123 misc:364 imb:0 pmb:40 smb:2000 d:- ref:0 ;
in:999 out:996 type:P dur:2 cpbdur:2 q:12.03 aq:5.90 tex:191513 mv:814 misc:1553 imb:19 pmb:1407 smb:614 d:s ref:0 ;
in:997 out:997 type:B dur:2 cpbdur:2 q:12.38 aq:10.14 tex:6100 mv:359 misc:925 imb:0 pmb:171 smb:1869 d:s ref:0 ;
in:996 out:998 type:b dur:2 cpbdur:2 q:12.65 aq:15.11 tex:2298 mv:134 misc:432 imb:0 pmb:51 smb:1989 d:s ref:0 ;
in:998 out:999 type:b dur:2 cpbdur:2 q:12.64 aq:10.17 tex:713 mv:139 misc:516 imb:0 pmb:65 smb:1975 d:- ref:0 ;
in:1003 out:1000 type:P dur:2 cpbdur:2 q:12.13 aq:7.03 tex:178398 mv:899 misc:1623 imb:25 pmb:1296 smb:719 d:s ref:0 ;
in:1001 out:1001 type:B dur:2 cpbdur:2 q:12.58 aq:10.14 tex:4845 mv:325 misc:894 imb:0 pmb:157 smb:1883 d:t ref:0 ;
in:1000 out:1002 type:b dur:2 cpbdur:2 q:12.85 aq:12.82 tex:772 mv:159 misc:565 imb:0 pmb:71 smb:1969 d:s ref:0 ;
in:1002 out:1003 type:b dur:2 cpbdur:2 q:12.84 aq:14.35 tex:1737 mv:194 misc:573 imb:0 pmb:68 smb:1972 d:- ref:0 ;
in:1005 out:1004 type:P dur:2 cpbdur:2 q:11.21 aq:6.24 tex:141285 mv:523 misc:1768 imb:3 pmb:916 smb:1121 d:s ref:0 ;
in:1004 out:1005 type:b dur:2 cpbdur:2 q:12.46 aq:13.15 tex:1203 mv:151 misc:422 imb:0 pmb:40 smb:2000 d:s ref:0 ;
in:1009 out:1006 type:P dur:2 cpbdur:2 q:13.91 aq:5.58 tex:2101329 mv:9925 misc:362 imb:1048 pmb:992 smb:0 d:s ref:0 w:6,67,45,5,49,-70,51,-76 ;
in:1007 out:1007 type:B dur:2 cpbdur:2 q:13.82 aq:13.20 tex:3095 mv:135 misc:514 imb:0 pmb:118 smb:1922 d:s ref:0 ;
in:1006 out:1008 type:b dur:2 cpbdur:2 q:13.78 aq:13.04 tex:6656 mv:151 misc:481 imb:0 pmb:120 smb:1920 d:s ref:0 ;
in:1008 out:1009 type:b dur:2 cpbdur:2 q:13.87 aq:16.90 tex:46 mv:12 misc:198 imb:0 pmb:3 smb:2037 d:- ref:0 ;
in:1013 out:1010 type:P dur:2 cpbdur:2 q:11.64 aq:4.26 tex:379992 mv:554 misc:1254 imb:13 pmb:1538 smb:489 d:s ref:0 ;
in:1011 out:1011 type:B dur:2 cpbdur:2 q:13.81 aq:11.50 tex:1424 mv:166 misc:442 imb:0 pmb:59 smb:1981 d:s ref:0 ;
in:1010 out:1012 type:b dur:2 cpbdur:2 q:13.86 aq:16.73 tex:47 mv:16 misc:201 imb:0 pmb:4 smb:2036 d:s ref:0 ;
in:1012 out:1013 type:b dur:2 cpbdur:2 q:13.76 aq:16.36 tex:250 mv:48 misc:270 imb:0 pmb:14 smb:2026 d:- ref:0 ;
in:1015 out:1014 type:P dur:2 cpbdur:2 q:11.30 aq:4.17 tex:343290 mv:1953 misc:1429 imb:92 pmb:1523 smb:425 d:s ref:0 ;
in:1014 out:1015 type:b dur:2 cpbdur:2 q:11.74 aq:11.16 tex:2366 mv:234 misc:456 imb:1 pmb:108 smb:1931 d:s ref:0 ;
in:1017 out:1016 type:P dur:2 cpbdur:2 q:11.02 aq:3.76 tex:414510 mv:2466 misc:1176 imb:94 pmb:1551 smb:395 d:s ref:0 ;
in:1016 out:1017 type:b dur:2 cpbdur:2 q:11.63 aq:12.92 tex:75362 mv:2205 misc:521 imb:17 pmb:400 smb:1623 d:s ref:0 ;
in:1019 out:1018 type:P dur:2 cpbdur:2 q:8.99 aq:2.43 tex:428215 mv:2565 misc:1124 imb:120 pmb:1561 smb:359 d:s ref:0 ;
in:1018 out:1019 type:b dur:2 cpbdur:2 q:11.08 aq:12.60 tex:61187 mv:2078 misc:695 imb:17 pmb:382 smb:1641 d:s ref:0 ;
in:1020 out:1020 type:P dur:2 cpbdur:2 q:8.89 aq:2.03 tex:1174612 mv:2850 misc:490 imb:172 pmb:1753 smb:115 d:s ref:0 ;
in:1021 out:1021 type:P dur:2 cpbdur:2 q:6.33 aq:1.05 tex:478298 mv:2312 misc:862 imb:109 pmb:1653 smb:278 d:s ref:0 ;
in:1022 out:1022 type:P dur:2 cpbdur:2 q:6.42 aq:0.91 tex:348444 mv:2306 misc:1658 imb:114 pmb:1324 smb:602 d:s ref:0 ;
in:1023 out:1023 type:P dur:2 cpbdur:2 q:8.35 aq:1.45 tex:289731 mv:2172 misc:1793 imb:79 pmb:1148 smb:813 d:s ref:0 ;
in:1025 out:1024 type:P dur:2 cpbdur:2 q:8.28 aq:1.39 tex:336519 mv:2572 misc:1693 imb:123 pmb:1317 smb:600 d:s ref:0 ;
in:1024 out:1025 type:b dur:2 cpbdur:2 q:8.36 aq:10.24 tex:91953 mv:1859 misc:628 imb:30 pmb:405 smb:1605 d:s ref:0 ;
in:1026 out:1026 type:P dur:2 cpbdur:2 q:8.31 aq:1.47 tex:283489 mv:2445 misc:1826 imb:84 pmb:1159 smb:797 d:s ref:0 ;
in:1027 out:1027 type:P dur:2 cpbdur:2 q:7.57 aq:0.95 tex:330127 mv:2609 misc:1776 imb:118 pmb:1173 smb:749 d:s ref:0 ;
in:1029 out:1028 type:P dur:2 cpbdur:2 q:7.55 aq:0.78 tex:303471 mv:2124 misc:1805 imb:150 pmb:1086 smb:804 d:s ref:0 ;
in:1028 out:1029 type:b dur:2 cpbdur:2 q:7.93 aq:9.35 tex:91599 mv:2163 misc:678 imb:41 pmb:383 smb:1616 d:s ref:0 ;
in:1031 out:1030 type:P dur:2 cpbdur:2 q:7.08 aq:0.74 tex:364138 mv:2788 misc:1530 imb:132 pmb:1308 smb:600 d:s ref:0 ;
in:1030 out:1031 type:b dur:2 cpbdur:2 q:7.71 aq:8.60 tex:75840 mv:1651 misc:749 imb:27 pmb:382 smb:1631 d:s ref:0 ;
in:1032 out:1032 type:P dur:2 cpbdur:2 q:8.58 aq:0.77 tex:292610 mv:2680 misc:1758 imb:141 pmb:1124 smb:775 d:s ref:0 ;
in:1035 out:1033 type:P dur:2 cpbdur:2 q:8.13 aq:0.50 tex:316685 mv:3004 misc:1751 imb:181 pmb:1112 smb:747 d:s ref:0 ;
in:1033 out:1034 type:B dur:2 cpbdur:2 q:8.89 aq:8.54 tex:79174 mv:2513 misc:705 imb:47 pmb:336 smb:1657 d:s ref:0 ;
in:1034 out:1035 type:b dur:2 cpbdur:2 q:8.88 aq:9.68 tex:80746 mv:2534 misc:656 imb:50 pmb:347 smb:1643 d:- ref:0 ;
in:1039 out:1036 type:P dur:2 cpbdur:2 q:7.14 aq:0.50 tex:177121 mv:574 misc:1601 imb:15 pmb:1388 smb:637 d:s ref:0 ;
in:1037 out:1037 type:B dur:2 cpbdur:2 q:8.33 aq:5.79 tex:17198 mv:348 misc:670 imb:0 pmb:137 smb:1903 d:s ref:0 ;
in:1036 out:1038 type:b dur:2 cpbdur:2 q:8.51 aq:5.78 tex:7615 mv:189 misc:508 imb:0 pmb:79 smb:1961 d:s ref:0 ;
in:1038 out:1039 type:b dur:2 cpbdur:2 q:8.48 aq:6.76 tex:5762 mv:82 misc:396 imb:0 pmb:62 smb:1978 d:- ref:0 ;
in:1043 out:1040 type:P dur:2 cpbdur:2 q:6.17 aq:0.37 tex:154646 mv:838 misc:1948 imb:22 pmb:1131 smb:887 d:s ref:0 ;
in:1041 out:1041 type:B dur:2 cpbdur:2 q:7.44 aq:4.77 tex:20646 mv:196 misc:494 imb:0 pmb:115 smb:1925 d:s ref:0 ;
in:1040 out:1042 type:b dur:2 cpbdur:2 q:7.74 aq:7.70 tex:8196 mv:79 misc:437 imb:0 pmb:85 smb:1955 d:s ref:0 ;
in:1042 out:1043 type:b dur:2 cpbdur:2 q:7.72 aq:8.13 tex:7989 mv:205 misc:518 imb:0 pmb:106 smb:1934 d:- ref:0 ;
in:1047 out:1044 type:P dur:2 cpbdur:2 q:4.07 aq:0.08 tex:160568 mv:1000 misc:1952 imb:23 pmb:1099 smb:918 d:s ref:0 ;
in:1045 out:1045 type:B dur:2 cpbdur:2 q:6.49 aq:4.26 tex:22879 mv:250 misc:575 imb:4 pmb:134 smb:1902 d:s ref:0 ;
in:1044 out:1046 type:b dur:2 cpbdur:2 q:6.86 aq:6.36 tex:11083 mv:350 misc:575 imb:4 pmb:135 smb:1901 d:s ref:0 ;
in:1046 out:1047 type:b dur:2 cpbdur:2 q:6.83 aq:6.53 tex:9937 mv:215 misc:560 imb:0 pmb:118 smb:1922 d:- ref:0 ;
in:1050 out:1048 type:P dur:2 cpbdur:2 q:2.81 aq:0.05 tex:206025 mv:919 misc:1856 imb:33 pmb:1234 smb:773 d:s ref:0 ;
in:1048 out:1049 type:B dur:2 cpbdur:2 q:4.44 aq:3.67 tex:50024 mv:342 misc:1090 imb:8 pmb:298 smb:1734 d:s ref:0 ;
in:1049 out:1050 type:b dur:2 cpbdur:2 q:4.65 aq:4.00 tex:39811 mv:243 misc:778 imb:3 pmb:199 smb:1838 d:- ref:0 ;
in:1054 out:1051 type:P dur:2 cpbdur:2 q:1.79 aq:0.00 tex:142995 mv:573 misc:1944 imb:8 pmb:1113 smb:919 d:s ref:0 ;
in:1052 out:1052 type:B dur:2 cpbdur:2 q:3.00 aq:1.97 tex:45669 mv:295 misc:1244 imb:0 pmb:406 smb:1634 d:s ref:0 ;
in:1051 out:1053 type:b dur:2 cpbdur:2 q:3.47 aq:3.70 tex:19900 mv:265 misc:899 imb:0 pmb:220 smb:1820 d:s ref:0 ;
in:1053 out:1054 type:b dur:2 cpbdur:2 q:3.19 aq:3.93 tex:20896 mv:244 misc:980 imb:0 pmb:229 smb:1811 d:- ref:0 ;
in:1057 out:1055 type:P dur:2 cpbdur:2 q:1.44 aq:0.04 tex:124183 mv:699 misc:1870 imb:40 pmb:1210 smb:790 d:s ref:0 ;
in:1055 out:1056 type:B dur:2 cpbdur:2 q:2.19 aq:2.20 tex:40350 mv:797 misc:1605 imb:17 pmb:509 smb:1514 d:s ref:0 ;
in:1056 out:1057 type:b dur:2 cpbdur:2 q:2.43 aq:2.95 tex:17917 mv:540 misc:1247 imb:10 pmb:317 smb:1713 d:- ref:0 ;
in:1061 out:1058 type:P dur:2 cpbdur:2 q:1.28 aq:0.01 tex:143355 mv:597 misc:1984 imb:31 pmb:1091 smb:918 d:s ref:0 ;
in:1059 out:1059 type:B dur:2 cpbdur:2 q:2.06 aq:1.38 tex:76749 mv:503 misc:1636 imb:4 pmb:524 smb:1512 d:s ref:0 ;
in:1058 out:1060 type:b dur:2 cpbdur:2 q:2.35 aq:2.88 tex:39514 mv:376 misc:1238 imb:0 pmb:309 smb:1731 d:s ref:0 ;
in:1060 out:1061 type:b dur:2 cpbdur:2 q:2.35 aq:3.07 tex:33071 mv:332 misc:1205 imb:3 pmb:294 smb:1743 d:- ref:0 ;
in:1065 out:1062 type:P dur:2 cpbdur:2 q:1.01 aq:0.00 tex:145819 mv:596 misc:1953 imb:4 pmb:1093 smb:943 d:s ref:0 ;
in:1063 out:1063 type:B dur:2 cpbdur:2 q:1.63 aq:1.14 tex:65806 mv:227 misc:1623 imb:0 pmb:556 smb:1484 d:s ref:0 ;
in:1062 out:1064 type:b dur:2 cpbdur:2 q:1.97 aq:2.90 tex:31843 mv:235 misc:1298 imb:0 pmb:313 smb:1727 d:s ref:0 ;
in:1064 out:1065 type:b dur:2 cpbdur:2 q:1.97 aq:2.91 tex:32429 mv:257 misc:1274 imb:0 pmb:320 smb:1720 d:- ref:0 ;
in:1069 out:1066 type:P dur:2 cpbdur:2 q:1.06 aq:0.00 tex:151091 mv:661 misc:1992 imb:2 pmb:1074 smb:964 d:s ref:0 ;
in:1067 out:1067 type:B dur:2 cpbdur:2 q:1.44 aq:1.01 tex:70466 mv:213 misc:1665 imb:0 pmb:592 smb:1448 d:s ref:0 ;
in:1066 out:1068 type:b dur:2 cpbdur:2 q:1.74 aq:2.75 tex:33427 mv:207 misc:1350 imb:0 pmb:340 smb:1700 d:s ref:0 ;
in:1068 out:1069 type:b dur:2 cpbdur:2 q:1.74 aq:2.79 tex:32868 mv:220 misc:1344 imb:0 pmb:333 smb:1707 d:- ref:0 ;
in:1073 out:1070 type:P dur:2 cpbdur:2 q:1.04 aq:0.00 tex:150933 mv:772 misc:1951 imb:14 pmb:1084 smb:942 d:s ref:0 ;
in:1071 out:1071 type:B dur:2 cpbdur:2 q:1.43 aq:1.18 tex:62596 mv:216 misc:1660 imb:0 pmb:552 smb:1488 d:s ref:0 ;
in:1070 out:1072 type:b dur:2 cpbdur:2 q:1.75 aq:2.60 tex:31011 mv:230 misc:1351 imb:0 pmb:339 smb:1701 d:s ref:0 ;
in:1072 out:1073 type:b dur:2 cpbdur:2 q:1.75 aq:2.57 tex:32348 mv:364 misc:1432 imb:5 pmb:360 smb:1675 d:- ref:0 ;
in:1075 out:1074 type:P dur:2 cpbdur:2 q:1.04 aq:0.00 tex:117859 mv:388 misc:1993 imb:7 pmb:1070 smb:963 d:s ref:0 ;
in:1074 out:1075 type:b dur:2 cpbdur:2 q:1.40 aq:2.28 tex:32330 mv:238 misc:1448 imb:0 pmb:369 smb:1671 d:s ref:0 ;
in:1079 out:1076 type:P dur:2 cpbdur:2 q:1.04 aq:0.06 tex:127324 mv:412 misc:2008 imb:4 pmb:1064 smb:972 d:s ref:0 ;
in:1077 out:1077 type:B dur:2 cpbdur:2 q:1.40 aq:0.98 tex:51963 mv:391 misc:1638 imb:0 pmb:562 smb:1478 d:s ref:0 ;
in:1076 out:1078 type:b dur:2 cpbdur:2 q:1.74 aq:2.57 tex:27998 mv:261 misc:1349 imb:0 pmb:328 smb:1712 d:s ref:0 ;
in:1078 out:1079 type:b dur:2 cpbdur:2 q:1.74 aq:2.57 tex:22670 mv:359 misc:1371 imb:0 pmb:331 smb:1709 d:- ref:0 ;
in:1083 out:1080 type:P dur:2 cpbdur:2 q:3.46 aq:0.08 tex:660326 mv:1763 misc:743 imb:159 pmb:1648 smb:233 d:s ref:0 ;
in:1081 out:1081 type:B dur:2 cpbdur:2 q:3.46 aq:3.23 tex:70205 mv:858 misc:1881 imb:2 pmb:719 smb:1319 d:s ref:0 ;
in:1080 out:1082 type:b dur:2 cpbdur:2 q:3.46 aq:3.70 tex:22503 mv:465 misc:1088 imb:0 pmb:280 smb:1760 d:s ref:0 ;
in:1082 out:1083 type:b dur:2 cpbdur:2 q:3.46 aq:3.85 tex:17153 mv:600 misc:1239 imb:1 pmb:319 smb:1720 d:- ref:0 ;
in:1085 out:1084 type:P dur:2 cpbdur:2 q:3.53 aq:0.55 tex:153643 mv:451 misc:1722 imb:3 pmb:1271 smb:766 d:s ref:0 ;
in:1084 out:1085 type:b dur:2 cpbdur:2 q:3.53 aq:4.06 tex:12651 mv:420 misc:993 imb:0 pmb:201 smb:1839 d:s ref:0 ;
in:1089 out:1086 type:P dur:2 cpbdur:2 q:3.41 aq:0.13 tex:156416 mv:556 misc:1868 imb:2 pmb:1133 smb:905 d:s ref:0 ;
in:1087 out:1087 type:B dur:2 cpbdur:2 q:3.53 aq:2.78 tex:43440 mv:412 misc:1372 imb:0 pmb:355 smb:1685 d:s ref:0 ;
in:1086 out:1088 type:b dur:2 cpbdur:2 q:3.53 aq:4.28 tex:13699 mv:305 misc:796 imb:0 pmb:166 smb:1874 d:s ref:0 ;
in:1088 out:1089 type:b dur:2 cpbdur:2 q:3.53 aq:4.56 tex:14823 mv:271 misc:738 imb:1 pmb:158 smb:1881 d:- ref:0 ;
in:1090 out:1090 type:P dur:2 cpbdur:2 q:3.38 aq:0.09 tex:105051 mv:354 misc:1947 imb:1 pmb:1006 smb:1033 d:s ref:0 ;
in:1094 out:1091 type:P dur:2 cpbdur:2 q:3.40 aq:0.14 tex:141704 mv:620 misc:1900 imb:2 pmb:920 smb:1118 d:s ref:0 ;
in:1092 out:1092 type:B dur:2 cpbdur:2 q:3.41 aq:2.41 tex:42168 mv:143 misc:1249 imb:0 pmb:307 smb:1733 d:s ref:0 ;
in:1091 out:1093 type:b dur:2 cpbdur:2 q:3.41 aq:4.24 tex:14340 mv:191 misc:701 imb:0 pmb:148 smb:1892 d:s ref:0 ;
in:1093 out:1094 type:b dur:2 cpbdur:2 q:3.41 aq:4.27 tex:15446 mv:208 misc:714 imb:0 pmb:149 smb:1891 d:- ref:0 ;
in:1098 out:1095 type:P dur:2 cpbdur:2 q:2.99 aq:0.10 tex:133861 mv:539 misc:1848 imb:2 pmb:954 smb:1084 d:s ref:0 ;
in:1096 out:1096 type:B dur:2 cpbdur:2 q:3.41 aq:2.43 tex:39974 mv:240 misc:1234 imb:0 pmb:314 smb:1726 d:s ref:0 ;
in:1095 out:1097 type:b dur:2 cpbdur:2 q:3.41 aq:4.28 tex:15134 mv:197 misc:685 imb:0 pmb:150 smb:1890 d:s ref:0 ;
in:1097 out:1098 type:b dur:2 cpbdur:2 q:3.41 aq:4.05 tex:11166 mv:206 misc:708 imb:0 pmb:144 smb:1896 d:- ref:0 ;
in:1099 out:1099 type:P dur:2 cpbdur:2 q:2.99 aq:0.77 tex:251848 mv:2743 misc:1809 imb:153 pmb:1200 smb:687 d:s ref:0 ;
in:1101 out:1100 type:P dur:2 cpbdur:2 q:2.03 aq:0.55 tex:351014 mv:4023 misc:1795 imb:407 pmb:927 smb:706 d:s ref:0 ;
in:1100 out:1101 type:b dur:2 cpbdur:2 q:3.09 aq:4.34 tex:151346 mv:2512 misc:974 imb:94 pmb:428 smb:1518 d:s ref:0 ;
in:1102 out:1102 type:P dur:2 cpbdur:2 q:0.88 aq:0.26 tex:269214 mv:3180 misc:1710 imb:178 pmb:1213 smb:649 d:s ref:0 ;
in:1103 out:1103 type:P dur:2 cpbdur:2 q:0.59 aq:0.38 tex:228898 mv:2663 misc:1687 imb:162 pmb:1158 smb:720 d:s ref:0 ;
in:1104 out:1104 type:P dur:2 cpbdur:2 q:0.40 aq:0.36 tex:232370 mv:2783 misc:1735 imb:179 pmb:1097 smb:764 d:s ref:0 ;
in:1106 out:1105 type:P dur:2 cpbdur:2 q:0.40 aq:0.00 tex:266306 mv:2694 misc:1848 imb:174 pmb:1175 smb:691 d:s ref:0 ;
in:1105 out:1106 type:b dur:2 cpbdur:2 q:0.40 aq:1.89 tex:110255 mv:1522 misc:1695 imb:38 pmb:708 smb:1294 d:s ref:0 ;
in:1110 out:1107 type:P dur:2 cpbdur:2 q:0.43 aq:0.01 tex:304976 mv:2648 misc:1784 imb:144 pmb:1207 smb:689 d:s ref:0 ;
in:1108 out:1108 type:B dur:2 cpbdur:2 q:0.43 aq:0.91 tex:203671 mv:3041 misc:1936 imb:62 pmb:995 smb:983 d:t ref:0 ;
in:1107 out:1109 type:b dur:2 cpbdur:2 q:0.43 aq:1.75 tex:44825 mv:792 misc:1711 imb:17 pmb:557 smb:1466 d:s ref:0 ;
in:1109 out:1110 type:b dur:2 cpbdur:2 q:0.43 aq:1.87 tex:95448 mv:1311 misc:1705 imb:22 pmb:690 smb:1328 d:- ref:0 ;
in:1114 out:1111 type:P dur:2 cpbdur:2 q:0.41 aq:0.01 tex:309587 mv:2767 misc:1814 imb:134 pmb:1194 smb:712 d:s ref:0 ;
in:1112 out:1112 type:B dur:2 cpbdur:2 q:0.43 aq:0.58 tex:200026 mv:2240 misc:1886 imb:62 pmb:998 smb:980 d:s ref:0 ;
in:1111 out:1113 type:b dur:2 cpbdur:2 q:0.43 aq:1.75 tex:45572 mv:613 misc:1735 imb:1 pmb:575 smb:1464 d:s ref:0 ;
in:1113 out:1114 type:b dur:2 cpbdur:2 q:0.43 aq:1.72 tex:40403 mv:483 misc:1666 imb:0 pmb:531 smb:1509 d:- ref:0 ;
in:1118 out:1115 type:P dur:2 cpbdur:2 q:0.43 aq:0.02 tex:297023 mv:3051 misc:1822 imb:170 pmb:1174 smb:696 d:s ref:0 ;
in:1116 out:1116 type:B dur:2 cpbdur:2 q:0.43 aq:0.70 tex:84314 mv:610 misc:1964 imb:2 pmb:923 smb:1115 d:s ref:0 ;
in:1115 out:1117 type:b dur:2 cpbdur:2 q:0.43 aq:1.66 tex:41582 mv:446 misc:1612 imb:0 pmb:466 smb:1574 d:s ref:0 ;
in:1117 out:1118 type:b dur:2 cpbdur:2 q:0.43 aq:1.87 tex:95606 mv:1401 misc:1737 imb:31 pmb:678 smb:1331 d:- ref:0 ;
in:1122 out:1119 type:P dur:2 cpbdur:2 q:1.69 aq:0.04 tex:315618 mv:3163 misc:1819 imb:150 pmb:1189 smb:701 d:s ref:0 ;
in:1120 out:1120 type:B dur:2 cpbdur:2 q:1.69 aq:1.32 tex:184482 mv:2540 misc:1810 imb:50 pmb:793 smb:1197 d:s ref:0 ;
in:1119 out:1121 type:b dur:2 cpbdur:2 q:1.69 aq:2.78 tex:129136 mv:2705 misc:1399 imb:59 pmb:508 smb:1473 d:s ref:0 ;
in:1121 out:1122 type:b dur:2 cpbdur:2 q:1.69 aq:2.79 tex:23928 mv:657 misc:1455 imb:13 pmb:418 smb:1609 d:- ref:0 ;
in:1126 out:1123 type:P dur:2 cpbdur:2 q:2.93 aq:0.05 tex:137949 mv:397 misc:1910 imb:4 pmb:1201 smb:835 d:s ref:0 ;
in:1124 out:1124 type:B dur:2 cpbdur:2 q:3.09 aq:2.29 tex:30034 mv:474 misc:1476 imb:0 pmb:399 smb:1641 d:s ref:0 ;
in:1123 out:1125 type:b dur:2 cpbdur:2 q:3.24 aq:3.98 tex:10267 mv:311 misc:878 imb:0 pmb:182 smb:1858 d:s ref:0 ;
in:1125 out:1126 type:b dur:2 cpbdur:2 q:3.31 aq:4.09 tex:17870 mv:283 misc:799 imb:0 pmb:152 smb:1888 d:- ref:0 ;
in:1130 out:1127 type:P dur:2 cpbdur:2 q:3.41 aq:0.09 tex:172803 mv:752 misc:1933 imb:32 pmb:1138 smb:870 d:s ref:0 ;
in:1128 out:1128 type:B dur:2 cpbdur:2 q:3.41 aq:2.55 tex:43031 mv:348 misc:1389 imb:0 pmb:368 smb:1672 d:s ref:0 ;
in:1127 out:1129 type:b dur:2 cpbdur:2 q:3.41 aq:4.43 tex:17008 mv:262 misc:794 imb:0 pmb:160 smb:1880 d:s ref:0 ;
in:1129 out:1130 type:b dur:2 cpbdur:2 q:3.41 aq:4.51 tex:15953 mv:323 misc:804 imb:12 pmb:158 smb:1870 d:- ref:0 ;
in:1134 out:1131 type:P dur:2 cpbdur:2 q:3.34 aq:0.11 tex:145423 mv:718 misc:1939 imb:10 pmb:1084 smb:946 d:s ref:0 ;
in:1132 out:1132 type:B dur:2 cpbdur:2 q:3.41 aq:2.82 tex:44194 mv:256 misc:1334 imb:0 pmb:336 smb:1704 d:s ref:0 ;
in:1131 out:1133 type:b dur:2 cpbdur:2 q:3.41 aq:4.46 tex:14589 mv:201 misc:770 imb:0 pmb:157 smb:1883 d:s ref:0 ;
in:1133 out:1134 type:b dur:2 cpbdur:2 q:3.41 aq:4.51 tex:15985 mv:217 misc:750 imb:0 pmb:160 smb:1880 d:- ref:0 ;
in:1138 out:1135 type:P dur:2 cpbdur:2 q:3.53 aq:0.22 tex:256215 mv:971 misc:1270 imb:22 pmb:1456 smb:562 d:s ref:0 ;
in:1136 out:1136 type:B dur:2 cpbdur:2 q:3.53 aq:2.34 tex:46158 mv:1108 misc:1862 imb:0 pmb:719 smb:1321 d:s ref:0 ;
in:1135 out:1137 type:b dur:2 cpbdur:2 q:3.53 aq:4.67 tex:14985 mv:282 misc:789 imb:0 pmb:174 smb:1866 d:s ref:0 ;
in:1137 out:1138 type:b dur:2 cpbdur:2 q:3.53 aq:4.42 tex:16293 mv:470 misc:1325 imb:0 pmb:326 smb:1714 d:- ref:0 ;
in:1142 out:1139 type:P dur:2 cpbdur:2 q:3.65 aq:0.46 tex:917139 mv:3182 misc:631 imb:232 pmb:1628 smb:180 d:s ref:0 ;
in:1140 out:1140 type:B dur:2 cpbdur:2 q:3.65 aq:3.80 tex:132107 mv:1940 misc:1857 imb:24 pmb:1151 smb:865 d:s ref:0 ;
in:1139 out:1141 type:b dur:2 cpbdur:2 q:3.65 aq:4.70 tex:63636 mv:1051 misc:1953 imb:3 pmb:953 smb:1084 d:s ref:0 ;
in:1141 out:1142 type:b dur:2 cpbdur:2 q:3.65 aq:4.46 tex:22184 mv:1272 misc:1728 imb:16 pmb:566 smb:1458 d:- ref:0 ;
in:1143 out:1143 type:P dur:2 cpbdur:2 q:3.41 aq:0.33 tex:330920 mv:3005 misc:1067 imb:197 pmb:1481 smb:362 d:s ref:0 ;
in:1147 out:1144 type:P dur:2 cpbdur:2 q:3.41 aq:0.59 tex:203994 mv:2100 misc:1890 imb:162 pmb:1117 smb:761 d:s ref:0 ;
in:1145 out:1145 type:B dur:2 cpbdur:2 q:3.41 aq:2.88 tex:103261 mv:2476 misc:1559 imb:70 pmb:587 smb:1383 d:s ref:0 ;
in:1144 out:1146 type:b dur:2 cpbdur:2 q:3.41 aq:4.30 tex:108314 mv:3128 misc:1070 imb:71 pmb:445 smb:1524 d:s ref:0 ;
in:1146 out:1147 type:b dur:2 cpbdur:2 q:3.41 aq:4.33 tex:98471 mv:2592 misc:1097 imb:64 pmb:388 smb:1588 d:- ref:0 ;
in:1151 out:1148 type:P dur:2 cpbdur:2 q:3.25 aq:1.41 tex:213852 mv:2625 misc:1691 imb:165 pmb:732 smb:1143 d:s ref:0 ;
in:1149 out:1149 type:B dur:2 cpbdur:2 q:3.79 aq:2.90 tex:155694 mv:3134 misc:1388 imb:61 pmb:525 smb:1454 d:s ref:0 ;
in:1148 out:1150 type:b dur:2 cpbdur:2 q:3.79 aq:5.59 tex:55196 mv:1418 misc:986 imb:56 pmb:355 smb:1629 d:s ref:0 ;
in:1150 out:1151 type:b dur:2 cpbdur:2 q:3.79 aq:5.27 tex:88323 mv:1749 misc:944 imb:44 pmb:382 smb:1614 d:- ref:0 ;
in:1153 out:1152 type:P dur:2 cpbdur:2 q:3.88 aq:3.79 tex:154834 mv:1982 misc:920 imb:123 pmb:366 smb:1551 d:s ref:0 ;
in:1152 out:1153 type:b dur:2 cpbdur:2 q:4.22 aq:5.04 tex:32628 mv:626 misc:954 imb:16 pmb:303 smb:1721 d:s ref:0 ;
in:1154 out:1154 type:I dur:2 cpbdur:2 q:0.00 aq:0.00 tex:43284 mv:2001 misc:107 imb:2040 pmb:0 smb:0 d:s ref:;
in:1158 out:1155 type:P dur:2 cpbdur:2 q:2.35 aq:0.00 tex:1342 mv:102 misc:268 imb:4 pmb:16 smb:2020 d:s ref:0 ;
in:1156 out:1156 type:B dur:2 cpbdur:2 q:2.35 aq:2.19 tex:1519 mv:64 misc:209 imb:0 pmb:8 smb:2032 d:s ref:0 ;
in:1155 out:1157 type:b dur:2 cpbdur:2 q:2.35 aq:6.71 tex:115 mv:29 misc:192 imb:0 pmb:5 smb:2035 d:s ref:0 ;
in:1157 out:1158 type:b dur:2 cpbdur:2 q:2.35 aq:6.60 tex:2247 mv:33 misc:208 imb:0 pmb:8 smb:2032 d:- ref:0 ;
in:1161 out:1159 type:P dur:2 cpbdur:2 q:0.35 aq:0.00 tex:420 mv:35 misc:249 imb:0 pmb:7 smb:2033 d:s ref:0 ;
in:1159 out:1160 type:B dur:2 cpbdur:2 q:2.33 aq:0.00 tex:217 mv:13 misc:218 imb:0 pmb:4 smb:2036 d:s ref:0 ;
in:1160 out:1161 type:b dur:2 cpbdur:2 q:2.31 aq:5.02 tex:36 mv:2 misc:186 imb:0 pmb:1 smb:2039 d:- ref:0 ;
in:1162 out:1162 type:i dur:2 cpbdur:2 q:0.49 aq:0.00 tex:152874 mv:10804 misc:178 imb:2040 pmb:0 smb:0 d:s ref:;
in:1165 out:1163 type:P dur:2 cpbdur:2 q:1.34 aq:0.00 tex:52924 mv:1774 misc:1014 imb:337 pmb:315 smb:1388 d:s ref:0 ;
in:1163 out:1164 type:B dur:2 cpbdur:2 q:1.34 aq:0.18 tex:4176 mv:207 misc:921 imb:0 pmb:218 smb:1822 d:s ref:0 ;
in:1164 out:1165 type:b dur:2 cpbdur:2 q:1.34 aq:0.62 tex:2329 mv:260 misc:739 imb:0 pmb:127 smb:1913 d:- ref:0 ;
in:1166 out:1166 type:P dur:2 cpbdur:2 q:0.00 aq:0.00 tex:161849 mv:1624 misc:711 imb:151 pmb:1664 smb:225 d:s ref:0 ;
in:1167 out:1167 type:P dur:2 cpbdur:2 q:0.00 aq:0.00 tex:203451 mv:1235 misc:370 imb:33 pmb:1912 smb:95 d:s ref:0 ;
in:1171 out:1168 type:P dur:2 cpbdur:2 q:0.00 aq:0.00 tex:297091 mv:2960 misc:349 imb:92 pmb:1888 smb:60 d:s ref:0 ;
in:1169 out:1169 type:B dur:2 cpbdur:2 q:0.00 aq:0.12 tex:94237 mv:2000 misc:1515 imb:0 pmb:1610 smb:430 d:s ref:0 ;
in:1168 out:1170 type:b dur:2 cpbdur:2 q:0.00 aq:0.13 tex:121134 mv:2306 misc:904 imb:0 pmb:1828 smb:212 d:s ref:0 ;
in:1170 out:1171 type:b dur:2 cpbdur:2 q:0.00 aq:0.18 tex:54340 mv:1683 misc:1881 imb:0 pmb:1338 smb:702 d:- ref:0 ;
in:1175 out:1172 type:P dur:2 cpbdur:2 q:0.00 aq:0.00 tex:78085 mv:884 misc:1919 imb:61 pmb:1342 smb:637 d:s ref:0 ;
in:1173 out:1173 type:B dur:2 cpbdur:2 q:0.00 aq:0.12 tex:43554 mv:1475 misc:1987 imb:0 pmb:1281 smb:759 d:s ref:0 ;
in:1172 out:1174 type:b dur:2 cpbdur:2 q:0.00 aq:0.18 tex:42396 mv:1309 misc:1991 imb:0 pmb:1258 smb:782 d:s ref:0 ;
in:1174 out:1175 type:b dur:2 cpbdur:2 q:0.00 aq:0.18 tex:37325 mv:854 misc:2101 imb:0 pmb:1139 smb:901 d:- ref:0 ;
in:1179 out:1176 type:P dur:2 cpbdur:2 q:0.00 aq:0.01 tex:69756 mv:1034 misc:2082 imb:95 pmb:1113 smb:832 d:s ref:0 ;
in:1177 out:1177 type:B dur:2 cpbdur:2 q:0.00 aq:0.07 tex:38358 mv:963 misc:2087 imb:0 pmb:1156 smb:884 d:s ref:0 ;
in:1176 out:1178 type:b dur:2 cpbdur:2 q:0.00 aq:0.18 tex:36309 mv:749 misc:2118 imb:0 pmb:1104 smb:936 d:s ref:0 ;
in:1178 out:1179 type:b dur:2 cpbdur:2 q:0.00 aq:0.14 tex:36897 mv:693 misc:2114 imb:0 pmb:1100 smb:940 d:- ref:0 ;
in:1183 out:1180 type:P dur:2 cpbdur:2 q:0.00 aq:0.00 tex:82930 mv:1685 misc:2065 imb:149 pmb:1097 smb:794 d:s ref:0 ;
in:1181 out:1181 type:B dur:2 cpbdur:2 q:0.00 aq:1.02 tex:18651 mv:901 misc:1712 imb:0 pmb:571 smb:1469 d:s ref:0 ;
in:1180 out:1182 type:b dur:2 cpbdur:2 q:0.00 aq:1.04 tex:21523 mv:735 misc:1646 imb:3 pmb:494 smb:1543 d:s ref:0 ;
in:1182 out:1183 type:b dur:2 cpbdur:2 q:0.00 aq:1.04 tex:14858 mv:760 misc:1590 imb:1 pmb:481 smb:1558 d:- ref:0 ;
in:1187 out:1184 type:P dur:2 cpbdur:2 q:0.00 aq:0.00 tex:82720 mv:1343 misc:2017 imb:163 pmb:1035 smb:842 d:s ref:0 ;
in:1185 out:1185 type:B dur:2 cpbdur:2 q:0.00 aq:0.03 tex:41221 mv:1188 misc:2063 imb:0 pmb:1118 smb:922 d:s ref:0 ;
in:1184 out:1186 type:b dur:2 cpbdur:2 q:0.00 aq:1.04 tex:16826 mv:745 misc:1637 imb:0 pmb:516 smb:1524 d:s ref:0 ;
in:1186 out:1187 type:b dur:2 cpbdur:2 q:0.00 aq:1.04 tex:15438 mv:812 misc:1574 imb:0 pmb:502 smb:1538 d:- ref:0 ;
in:1191 out:1188 type:P dur:2 cpbdur:2 q:0.00 aq:0.00 tex:104068 mv:1824 misc:1940 imb:202 pmb:973 smb:865 d:s ref:0 ;
in:1189 out:1189 type:B dur:2 cpbdur:2 q:0.00 aq:0.04 tex:48203 mv:1534 misc:1983 imb:5 pmb:1071 smb:964 d:s ref:0 ;
in:1188 out:1190 type:b dur:2 cpbdur:2 q:0.00 aq:0.26 tex:39270 mv:1127 misc:1931 imb:0 pmb:943 smb:1097 d:s ref:0 ;
in:1190 out:1191 type:b dur:2 cpbdur:2 q:0.00 aq:0.11 tex:37616 mv:1142 misc:2010 imb:1 pmb:988 smb:1051 d:- ref:0 ;
in:1195 out:1192 type:P dur:2 cpbdur:2 q:0.00 aq:0.00 tex:91694 mv:1612 misc:1862 imb:192 pmb:914 smb:934 d:s ref:0 ;
in:1193 out:1193 type:B dur:2 cpbdur:2 q:0.00 aq:0.07 tex:37611 mv:1659 misc:1922 imb:0 pmb:1003 smb:1037 d:s ref:0 ;
in:1192 out:1194 type:b dur:2 cpbdur:2 q:0.00 aq:0.12 tex:37269 mv:1231 misc:2020 imb:1 pmb:952 smb:1087 d:s ref:0 ;
in:1194 out:1195 type:b dur:2 cpbdur:2 q:0.00 aq:0.18 tex:32521 mv:1157 misc:1954 imb:0 pmb:874 smb:1166 d:- ref:0 ;
in:1199 out:1196 type:P dur:2 cpbdur:2 q:0.00 aq:0.00 tex:88760 mv:1679 misc:1809 imb:184 pmb:870 smb:986 d:s ref:0 ;
in:1197 out:1197 type:B dur:2 cpbdur:2 q:0.00 aq:0.36 tex:29027 mv:1494 misc:1799 imb:2 pmb:775 smb:1263 d:s ref:0 ;
in:1196 out:1198 type:b dur:2 cpbdur:2 q:0.00 aq:0.18 tex:30115 mv:1107 misc:1914 imb:0 pmb:808 smb:1232 d:s ref:0 ;
in:1198 out:1199 type:b dur:2 cpbdur:2 q:0.00 aq:0.18 tex:27169 mv:1203 misc:1884 imb:0 pmb:777 smb:1263 d:- ref:0 ;
in:1202 out:1200 type:P dur:2 cpbdur:2 q:0.00 aq:0.00 tex:354931 mv:4880 misc:277 imb:435 pmb:1570 smb:35 d:s ref:0 ;
in:1200 out:1201 type:B dur:2 cpbdur:2 q:0.00 aq:0.09 tex:166285 mv:3775 misc:508 imb:71 pmb:1859 smb:110 d:s ref:0 ;
in:1201 out:1202 type:b dur:2 cpbdur:2 q:0.00 aq:0.18 tex:152708 mv:5520 misc:612 imb:0 pmb:1901 smb:139 d:- ref:0 ;
in:1206 out:1203 type:P dur:2 cpbdur:2 q:0.00 aq:0.00 tex:64497 mv:530 misc:1877 imb:0 pmb:1298 smb:742 d:s ref:0 ;
in:1204 out:1204 type:B dur:2 cpbdur:2 q:0.00 aq:0.07 tex:19361 mv:941 misc:1954 imb:0 pmb:747 smb:1293 d:s ref:0 ;
in:1203 out:1205 type:b dur:2 cpbdur:2 q:0.00 aq:0.11 tex:22325 mv:1001 misc:1922 imb:0 pmb:705 smb:1335 d:s ref:0 ;
in:1205 out:1206 type:b dur:2 cpbdur:2 q:0.00 aq:0.11 tex:14297 mv:521 misc:1790 imb:0 pmb:556 smb:1484 d:- ref:0 ;
in:1210 out:1207 type:P dur:2 cpbdur:2 q:0.00 aq:0.00 tex:15712 mv:185 misc:1823 imb:0 pmb:547 smb:1493 d:s ref:0 ;
in:1208 out:1208 type:B dur:2 cpbdur:2 q:0.00 aq:0.08 tex:12973 mv:294 misc:1765 imb:0 pmb:507 smb:1533 d:s ref:0 ;
in:1207 out:1209 type:b dur:2 cpbdur:2 q:0.00 aq:0.12 tex:12975 mv:316 misc:1741 imb:0 pmb:507 smb:1533 d:s ref:0 ;
in:1209 out:1210 type:b dur:2 cpbdur:2 q:0.00 aq:0.11 tex:12660 mv:91 misc:1713 imb:0 pmb:481 smb:1559 d:- ref:0 ;
in:1214 out:1211 type:P dur:2 cpbdur:2 q:0.00 aq:0.05 tex:16192 mv:218 misc:1782 imb:3 pmb:499 smb:1538 d:s ref:0 ;
in:1212 out:1212 type:B dur:2 cpbdur:2 q:0.00 aq:0.07 tex:14967 mv:125 misc:1748 imb:1 pmb:490 smb:1549 d:s ref:0 ;
in:1211 out:1213 type:b dur:2 cpbdur:2 q:0.00 aq:0.16 tex:15463 mv:151 misc:1714 imb:0 pmb:484 smb:1556 d:s ref:0 ;
in:1213 out:1214 type:b dur:2 cpbdur:2 q:0.00 aq:0.14 tex:14240 mv:145 misc:1727 imb:0 pmb:487 smb:1553 d:- ref:0 ;
in:1218 out:1215 type:P dur:2 cpbdur:2 q:0.00 aq:0.00 tex:14479 mv:197 misc:1780 imb:2 pmb:502 smb:1536 d:s ref:0 ;
in:1216 out:1216 type:B dur:2 cpbdur:2 q:0.00 aq:0.07 tex:15088 mv:118 misc:1754 imb:0 pmb:491 smb:1549 d:s ref:0 ;
in:1215 out:1217 type:b dur:2 cpbdur:2 q:0.00 aq:0.12 tex:14629 mv:148 misc:1719 imb:0 pmb:486 smb:1554 d:s ref:0 ;
in:1217 out:1218 type:b dur:2 cpbdur:2 q:0.00 aq:0.12 tex:14611 mv:178 misc:1731 imb:1 pmb:487 smb:1552 d:- ref:0 ;
in:1222 out:1219 type:P dur:2 cpbdur:2 q:0.00 aq:0.00 tex:13695 mv:161 misc:1776 imb:0 pmb:498 smb:1542 d:s ref:0 ;
in:1220 out:1220 type:B dur:2 cpbdur:2 q:0.00 aq:0.07 tex:12749 mv:87 misc:1724 imb:0 pmb:486 smb:1554 d:s ref:0 ;
in:1219 out:1221 type:b dur:2 cpbdur:2 q:0.00 aq:0.11 tex:12552 mv:97 misc:1695 imb:0 pmb:479 smb:1561 d:s ref:0 ;
in:1221 out:1222 type:b dur:2 cpbdur:2 q:0.00 aq:0.11 tex:12532 mv:78 misc:1702 imb:0 pmb:479 smb:1561 d:- ref:0 ;
in:1225 out:1223 type:P dur:2 cpbdur:2 q:0.00 aq:0.00 tex:13407 mv:163 misc:1750 imb:0 pmb:492 smb:1548 d:s ref:0 ;
in:1223 out:1224 type:B dur:2 cpbdur:2 q:0.00 aq:0.17 tex:12585 mv:84 misc:1715 imb:0 pmb:479 smb:1561 d:s ref:0 ;
in:1224 out:1225 type:b dur:2 cpbdur:2 q:0.00 aq:0.18 tex:12566 mv:62 misc:1692 imb:0 pmb:476 smb:1564 d:- ref:0 ;
in:1226 out:1226 type:I dur:2 cpbdur:2 q:8.62 aq:2.40 tex:1402090 mv:51314 misc:188 imb:2040 pmb:0 smb:0 d:s ref:;
in:1227 out:1227 type:P dur:2 cpbdur:2 q:4.08 aq:0.49 tex:923448 mv:4658 misc:710 imb:618 pmb:1011 smb:411 d:s ref:0 ;
in:1231 out:1228 type:P dur:2 cpbdur:2 q:7.77 aq:2.27 tex:359269 mv:1937 misc:1058 imb:210 pmb:1272 smb:558 d:s ref:0 ;
in:1229 out:1229 type:B dur:2 cpbdur:2 q:7.77 aq:5.65 tex:16965 mv:735 misc:1436 imb:11 pmb:373 smb:1656 d:s ref:0 ;
in:1228 out:1230 type:b dur:2 cpbdur:2 q:7.78 aq:6.83 tex:6172 mv:437 misc:1295 imb:4 pmb:286 smb:1750 d:s ref:0 ;
in:1230 out:1231 type:b dur:2 cpbdur:2 q:7.77 aq:4.84 tex:3494 mv:317 misc:541 imb:6 pmb:83 smb:1951 d:- ref:0 ;
in:1235 out:1232 type:P dur:2 cpbdur:2 q:7.95 aq:2.69 tex:32655 mv:235 misc:1638 imb:2 pmb:577 smb:1461 d:s ref:0 ;
in:1233 out:1233 type:B dur:2 cpbdur:2 q:7.95 aq:3.41 tex:822 mv:125 misc:453 imb:0 pmb:42 smb:1998 d:s ref:0 ;
in:1232 out:1234 type:b dur:2 cpbdur:2 q:7.95 aq:3.48 tex:297 mv:37 misc:258 imb:0 pmb:10 smb:2030 d:s ref:0 ;
in:1234 out:1235 type:b dur:2 cpbdur:2 q:7.95 aq:3.79 tex:233 mv:18 misc:237 imb:0 pmb:7 smb:2033 d:- ref:0 ;
in:1239 out:1236 type:P dur:2 cpbdur:2 q:7.55 aq:2.61 tex:12041 mv:151 misc:1240 imb:2 pmb:266 smb:1772 d:s ref:0 ;
in:1237 out:1237 type:B dur:2 cpbdur:2 q:8.00 aq:6.03 tex:912 mv:91 misc:397 imb:0 pmb:32 smb:2008 d:s ref:0 ;
in:1236 out:1238 type:b dur:2 cpbdur:2 q:7.99 aq:7.65 tex:150 mv:23 misc:227 imb:0 pmb:6 smb:2034 d:s ref:0 ;
in:1238 out:1239 type:b dur:2 cpbdur:2 q:8.01 aq:4.33 tex:235 mv:22 misc:239 imb:0 pmb:8 smb:2032 d:- ref:0 ;
in:1243 out:1240 type:P dur:2 cpbdur:2 q:8.62 aq:4.41 tex:944311 mv:7347 misc:734 imb:561 pmb:1035 smb:444 d:s ref:0 ;
in:1241 out:1241 type:B dur:2 cpbdur:2 q:8.61 aq:6.22 tex:556 mv:111 misc:413 imb:0 pmb:49 smb:1991 d:s ref:0 ;
in:1240 out:1242 type:b dur:2 cpbdur:2 q:8.60 aq:3.43 tex:123 mv:14 misc:207 imb:0 pmb:4 smb:2036 d:s ref:0 ;
in:1242 out:1243 type:b dur:2 cpbdur:2 q:8.61 aq:7.29 tex:216489 mv:1609 misc:334 imb:45 pmb:1408 smb:587 d:- ref:0 ;
in:1246 out:1244 type:P dur:2 cpbdur:2 q:8.70 aq:5.51 tex:244758 mv:2501 misc:621 imb:411 pmb:1032 smb:597 d:s ref:0 ;
in:1244 out:1245 type:B dur:2 cpbdur:2 q:9.18 aq:7.06 tex:17946 mv:1214 misc:1320 imb:5 pmb:997 smb:1038 d:s ref:0 ;
in:1245 out:1246 type:b dur:2 cpbdur:2 q:9.56 aq:11.39 tex:17244 mv:443 misc:1001 imb:4 pmb:235 smb:1801 d:- ref:0 ;
in:1247 out:1247 type:P dur:2 cpbdur:2 q:8.37 aq:7.84 tex:60372 mv:265 misc:1315 imb:10 pmb:396 smb:1634 d:s ref:0 ;
in:1248 out:1248 type:P dur:2 cpbdur:2 q:8.02 aq:8.20 tex:15437 mv:183 misc:804 imb:5 pmb:182 smb:1853 d:s ref:0 ;
in:1249 out:1249 type:i dur:2 cpbdur:2 q:13.33 aq:4.79 tex:2109034 mv:70568 misc:206 imb:2040 pmb:0 smb:0 d:s ref:;
in:1251 out:1250 type:P dur:2 cpbdur:2 q:7.66 aq:0.78 tex:506609 mv:2486 misc:1233 imb:244 pmb:1343 smb:453 d:s ref:0 ;
in:1250 out:1251 type:b dur:2 cpbdur:2 q:13.01 aq:12.28 tex:5338 mv:261 misc:417 imb:7 pmb:76 smb:1957 d:s ref:0 ;
in:1255 out:1252 type:P dur:2 cpbdur:2 q:6.36 aq:0.33 tex:231832 mv:970 misc:1598 imb:30 pmb:1312 smb:698 d:s ref:0 ;
in:1253 out:1253 type:B dur:2 cpbdur:2 q:7.87 aq:6.11 tex:13582 mv:223 misc:539 imb:0 pmb:122 smb:1918 d:s ref:0 ;
in:1252 out:1254 type:b dur:2 cpbdur:2 q:7.87 aq:10.36 tex:4065 mv:164 misc:411 imb:0 pmb:88 smb:1952 d:s ref:0 ;
in:1254 out:1255 type:b dur:2 cpbdur:2 q:7.88 aq:10.28 tex:3233 mv:181 misc:394 imb:0 pmb:80 smb:1960 d:- ref:0 ;
in:1259 out:1256 type:P dur:2 cpbdur:2 q:7.12 aq:0.66 tex:246743 mv:531 misc:1230 imb:16 pmb:1434 smb:590 d:s ref:0 ;
in:1257 out:1257 type:B dur:2 cpbdur:2 q:7.13 aq:6.57 tex:7533 mv:264 misc:883 imb:0 pmb:182 smb:1858 d:s ref:0 ;
in:1256 out:1258 type:b dur:2 cpbdur:2 q:7.11 aq:8.81 tex:2775 mv:179 misc:502 imb:0 pmb:79 smb:1961 d:s ref:0 ;
in:1258 out:1259 type:b dur:2 cpbdur:2 q:7.14 aq:9.38 tex:665 mv:115 misc:356 imb:0 pmb:38 smb:2002 d:- ref:0 ;
in:1263 out:1260 type:P dur:2 cpbdur:2 q:8.59 aq:1.24 tex:707872 mv:1976 misc:640 imb:261 pmb:1574 smb:205 d:s ref:0 ;
in:1261 out:1261 type:B dur:2 cpbdur:2 q:8.80 aq:7.99 tex:17953 mv:449 misc:1206 imb:1 pmb:297 smb:1742 d:s ref:0 ;
in:1260 out:1262 type:b dur:2 cpbdur:2 q:8.81 aq:10.02 tex:7539 mv:331 misc:1394 imb:0 pmb:369 smb:1671 d:s ref:0 ;
in:1262 out:1263 type:b dur:2 cpbdur:2 q:8.78 aq:9.73 tex:4704 mv:125 misc:395 imb:0 pmb:58 smb:1982 d:- ref:0 ;
in:1267 out:1264 type:P dur:2 cpbdur:2 q:6.89 aq:0.78 tex:265825 mv:962 misc:1141 imb:37 pmb:1470 smb:533 d:s ref:0 ;
in:1265 out:1265 type:B dur:2 cpbdur:2 q:8.60 aq:8.26 tex:13313 mv:228 misc:571 imb:0 pmb:117 smb:1923 d:s ref:0 ;
in:1264 out:1266 type:b dur:2 cpbdur:2 q:8.60 aq:11.21 tex:3752 mv:60 misc:308 imb:0 pmb:44 smb:1996 d:s ref:0 ;
in:1266 out:1267 type:b dur:2 cpbdur:2 q:8.61 aq:8.76 tex:4375 mv:110 misc:395 imb:0 pmb:68 smb:1972 d:- ref:0 ;
in:1271 out:1268 type:P dur:2 cpbdur:2 q:6.92 aq:0.74 tex:179533 mv:765 misc:1542 imb:16 pmb:1184 smb:840 d:s ref:0 ;
in:1269 out:1269 type:B dur:2 cpbdur:2 q:7.26 aq:7.02 tex:20226 mv:229 misc:625 imb:0 pmb:135 smb:1905 d:s ref:0 ;
in:1268 out:1270 type:b dur:2 cpbdur:2 q:7.25 aq:8.92 tex:5027 mv:137 misc:340 imb:1 pmb:69 smb:1970 d:s ref:0 ;
in:1270 out:1271 type:b dur:2 cpbdur:2 q:7.26 aq:9.32 tex:5475 mv:75 misc:338 imb:0 pmb:64 smb:1976 d:- ref:0 ;
in:1275 out:1272 type:P dur:2 cpbdur:2 q:7.45 aq:1.16 tex:246972 mv:2611 misc:1729 imb:125 pmb:1114 smb:801 d:s ref:0 ;
in:1273 out:1273 type:B dur:2 cpbdur:2 q:7.75 aq:8.47 tex:13765 mv:260 misc:687 imb:0 pmb:201 smb:1839 d:s ref:0 ;
in:1272 out:1274 type:b dur:2 cpbdur:2 q:7.78 aq:9.73 tex:3760 mv:104 misc:288 imb:0 pmb:66 smb:1974 d:s ref:0 ;
in:1274 out:1275 type:b dur:2 cpbdur:2 q:7.81 aq:10.81 tex:2244 mv:216 misc:612 imb:0 pmb:158 smb:1882 d:- ref:0 ;
in:1277 out:1276 type:P dur:2 cpbdur:2 q:6.33 aq:0.77 tex:211595 mv:2569 misc:1796 imb:159 pmb:1129 smb:752 d:s ref:0 ;
in:1276 out:1277 type:b dur:2 cpbdur:2 q:7.85 aq:9.79 tex:65261 mv:2602 misc:673 imb:64 pmb:273 smb:1703 d:s ref:0 ;
in:1280 out:1278 type:P dur:2 cpbdur:2 q:5.68 aq:1.13 tex:189021 mv:2622 misc:1861 imb:142 pmb:1074 smb:824 d:s ref:0 ;
in:1278 out:1279 type:B dur:2 cpbdur:2 q:6.60 aq:5.68 tex:5381 mv:269 misc:814 imb:0 pmb:185 smb:1855 d:s ref:0 ;
in:1279 out:1280 type:b dur:2 cpbdur:2 q:6.92 aq:7.93 tex:62516 mv:2330 misc:690 imb:69 pmb:265 smb:1706 d:- ref:0 ;
in:1281 out:1281 type:P dur:2 cpbdur:2 q:3.63 aq:0.89 tex:225337 mv:3050 misc:1757 imb:229 pmb:1104 smb:707 d:s ref:0 ;
in:1285 out:1282 type:P dur:2 cpbdur:2 q:6.08 aq:0.46 tex:910469 mv:3914 misc:737 imb:313 pmb:1435 smb:292 d:s ref:0 ;
in:1283 out:1283 type:B dur:2 cpbdur:2 q:6.04 aq:5.59 tex:476973 mv:6746 misc:1473 imb:293 pmb:542 smb:1205 d:s ref:0 ;
in:1282 out:1284 type:b dur:2 cpbdur:2 q:7.98 aq:9.05 tex:217468 mv:4624 misc:604 imb:184 pmb:324 smb:1532 d:s ref:0 ;
in:1284 out:1285 type:b dur:2 cpbdur:2 q:6.06 aq:7.87 tex:138373 mv:1985 misc:722 imb:27 pmb:474 smb:1539 d:- ref:0 ;
in:1287 out:1286 type:P dur:2 cpbdur:2 q:4.67 aq:0.18 tex:490619 mv:1968 misc:1389 imb:90 pmb:1440 smb:510 d:s ref:0 ;
in:1286 out:1287 type:b dur:2 cpbdur:2 q:6.07 aq:8.33 tex:144034 mv:1882 misc:564 imb:19 pmb:433 smb:1588 d:s ref:0 ;
in:1291 out:1288 type:P dur:2 cpbdur:2 q:3.62 aq:0.19 tex:513566 mv:2092 misc:1622 imb:64 pmb:1345 smb:631 d:s ref:0 ;
in:1289 out:1289 type:B dur:2 cpbdur:2 q:4.81 aq:4.77 tex:125989 mv:1618 misc:993 imb:14 pmb:548 smb:1478 d:s ref:0 ;
in:1288 out:1290 type:b dur:2 cpbdur:2 q:5.47 aq:6.75 tex:155111 mv:1907 misc:614 imb:17 pmb:455 smb:1568 d:s ref:0 ;
in:1290 out:1291 type:b dur:2 cpbdur:2 q:4.93 aq:6.38 tex:185293 mv:2301 misc:686 imb:26 pmb:473 smb:1541 d:- ref:0 ;
in:1293 out:1292 type:P dur:2 cpbdur:2 q:3.64 aq:0.06 tex:519423 mv:1943 misc:1682 imb:55 pmb:1299 smb:686 d:s ref:0 ;
in:1292 out:1293 type:b dur:2 cpbdur:2 q:3.96 aq:5.75 tex:141830 mv:1217 misc:769 imb:11 pmb:493 smb:1536 d:s ref:0 ;
in:1294 out:1294 type:P dur:2 cpbdur:2 q:5.06 aq:0.27 tex:150982 mv:455 misc:1707 imb:12 pmb:1148 smb:880 d:s ref:0 ;
in:1298 out:1295 type:P dur:2 cpbdur:2 q:5.06 aq:0.28 tex:279786 mv:835 misc:1483 imb:24 pmb:1401 smb:615 d:s ref:0 ;
in:1296 out:1296 type:B dur:2 cpbdur:2 q:5.06 aq:4.06 tex:29269 mv:516 misc:1135 imb:0 pmb:291 smb:1749 d:t ref:0 ;
in:1295 out:1297 type:b dur:2 cpbdur:2 q:5.06 aq:5.20 tex:11084 mv:268 misc:672 imb:0 pmb:145 smb:1895 d:s ref:0 ;
in:1297 out:1298 type:b dur:2 cpbdur:2 q:5.06 aq:5.42 tex:11505 mv:359 misc:872 imb:0 pmb:206 smb:1834 d:- ref:0 ;
in:1301 out:1299 type:P dur:2 cpbdur:2 q:5.06 aq:0.06 tex:165525 mv:495 misc:1700 imb:8 pmb:1296 smb:736 d:s ref:0 ;
in:1299 out:1300 type:B dur:2 cpbdur:2 q:5.06 aq:3.98 tex:12341 mv:204 misc:671 imb:0 pmb:139 smb:1901 d:s ref:0 ;
in:1300 out:1301 type:b dur:2 cpbdur:2 q:5.06 aq:5.33 tex:8244 mv:142 misc:454 imb:0 pmb:86 smb:1954 d:- ref:0 ;
in:1305 out:1302 type:P dur:2 cpbdur:2 q:4.99 aq:0.80 tex:96057 mv:208 misc:1951 imb:0 pmb:765 smb:1275 d:s ref:0 ;
in:1303 out:1303 type:B dur:2 cpbdur:2 q:5.06 aq:2.47 tex:17714 mv:290 misc:676 imb:0 pmb:148 smb:1892 d:s ref:0 ;
in:1302 out:1304 type:b dur:2 cpbdur:2 q:5.06 aq:5.27 tex:4282 mv:124 misc:482 imb:0 pmb:67 smb:1973 d:s ref:0 ;
in:1304 out:1305 type:b dur:2 cpbdur:2 q:5.06 aq:4.10 tex:5137 mv:175 misc:464 imb:0 pmb:77 smb:1963 d:- ref:0 ;
in:1309 out:1306 type:P dur:2 cpbdur:2 q:3.99 aq:0.57 tex:104668 mv:244 misc:1816 imb:0 pmb:794 smb:1246 d:s ref:0 ;
in:1307 out:1307 type:B dur:2 cpbdur:2 q:5.00 aq:3.23 tex:25403 mv:289 misc:676 imb:0 pmb:151 smb:1889 d:s ref:0 ;
in:1306 out:1308 type:b dur:2 cpbdur:2 q:5.01 aq:5.06 tex:11678 mv:158 misc:508 imb:0 pmb:86 smb:1954 d:s ref:0 ;
in:1308 out:1309 type:b dur:2 cpbdur:2 q:5.01 aq:4.62 tex:12034 mv:93 misc:489 imb:0 pmb:89 smb:1951 d:- ref:0 ;
in:1313 out:1310 type:P dur:2 cpbdur:2 q:2.72 aq:0.01 tex:149745 mv:522 misc:1893 imb:0 pmb:1199 smb:841 d:s ref:0 ;
in:1311 out:1311 type:B dur:2 cpbdur:2 q:4.06 aq:2.72 tex:36886 mv:177 misc:865 imb:0 pmb:228 smb:1812 d:s ref:0 ;
in:1310 out:1312 type:b dur:2 cpbdur:2 q:4.13 aq:4.09 tex:18263 mv:141 misc:580 imb:0 pmb:130 smb:1910 d:s ref:0 ;
in:1312 out:1313 type:b dur:2 cpbdur:2 q:4.13 aq:4.06 tex:14320 mv:113 misc:591 imb:0 pmb:125 smb:1915 d:- ref:0 ;
in:1317 out:1314 type:P dur:2 cpbdur:2 q:2.57 aq:0.01 tex:162108 mv:726 misc:1918 imb:5 pmb:1182 smb:853 d:s ref:0 ;
in:1315 out:1315 type:B dur:2 cpbdur:2 q:2.96 aq:2.08 tex:45713 mv:187 misc:1140 imb:0 pmb:285 smb:1755 d:s ref:0 ;
in:1314 out:1316 type:b dur:2 cpbdur:2 q:3.04 aq:3.42 tex:21420 mv:171 misc:729 imb:0 pmb:158 smb:1882 d:s ref:0 ;
in:1316 out:1317 type:b dur:2 cpbdur:2 q:3.04 aq:3.56 tex:26020 mv:281 misc:739 imb:0 pmb:165 smb:1875 d:- ref:0 ;
in:1321 out:1318 type:P dur:2 cpbdur:2 q:3.41 aq:0.56 tex:739239 mv:1426 misc:767 imb:80 pmb:1662 smb:298 d:s ref:0 ;
in:1319 out:1319 type:B dur:2 cpbdur:2 q:3.41 aq:2.24 tex:39148 mv:385 misc:963 imb:0 pmb:245 smb:1795 d:s ref:0 ;
in:1318 out:1320 type:b dur:2 cpbdur:2 q:3.41 aq:3.46 tex:14062 mv:153 misc:561 imb:0 pmb:125 smb:1915 d:s ref:0 ;
in:1320 out:1321 type:b dur:2 cpbdur:2 q:3.41 aq:4.86 tex:48130 mv:772 misc:1802 imb:3 pmb:690 smb:1347 d:- ref:0 ;
in:1325 out:1322 type:P dur:2 cpbdur:2 q:3.65 aq:0.13 tex:206466 mv:778 misc:1252 imb:32 pmb:1487 smb:521 d:s ref:0 ;
in:1323 out:1323 type:B dur:2 cpbdur:2 q:3.65 aq:2.66 tex:31071 mv:775 misc:1754 imb:0 pmb:547 smb:1493 d:s ref:0 ;
in:1322 out:1324 type:b dur:2 cpbdur:2 q:3.65 aq:4.43 tex:9818 mv:367 misc:1055 imb:0 pmb:230 smb:1810 d:s ref:0 ;
in:1324 out:1325 type:b dur:2 cpbdur:2 q:3.65 aq:4.52 tex:10264 mv:290 misc:710 imb:0 pmb:149 smb:1891 d:- ref:0 ;
in:1329 out:1326 type:P dur:2 cpbdur:2 q:3.43 aq:0.05 tex:115357 mv:347 misc:1808 imb:2 pmb:1203 smb:835 d:s ref:0 ;
in:1327 out:1327 type:B dur:2 cpbdur:2 q:3.65 aq:2.61 tex:20080 mv:394 misc:1126 imb:0 pmb:252 smb:1788 d:s ref:0 ;
in:1326 out:1328 type:b dur:2 cpbdur:2 q:3.65 aq:4.37 tex:6646 mv:210 misc:656 imb:0 pmb:111 smb:1929 d:s ref:0 ;
in:1328 out:1329 type:b dur:2 cpbdur:2 q:3.65 aq:4.49 tex:14022 mv:219 misc:607 imb:0 pmb:100 smb:1940 d:- ref:0 ;
in:1332 out:1330 type:P dur:2 cpbdur:2 q:2.88 aq:0.71 tex:137252 mv:482 misc:1794 imb:10 pmb:1112 smb:918 d:s ref:0 ;
in:1330 out:1331 type:B dur:2 cpbdur:2 q:3.44 aq:3.00 tex:23819 mv:193 misc:884 imb:0 pmb:182 smb:1858 d:t ref:0 ;
in:1331 out:1332 type:b dur:2 cpbdur:2 q:3.46 aq:4.11 tex:25699 mv:276 misc:809 imb:1 pmb:172 smb:1867 d:- ref:0 ;
in:1336 out:1333 type:P dur:2 cpbdur:2 q:1.29 aq:0.00 tex:485541 mv:2267 misc:944 imb:199 pmb:1525 smb:316 d:s ref:0 ;
in:1334 out:1334 type:B dur:2 cpbdur:2 q:3.15 aq:2.36 tex:73237 mv:980 misc:1751 imb:0 pmb:736 smb:1304 d:s ref:0 ;
in:1333 out:1335 type:b dur:2 cpbdur:2 q:3.49 aq:3.97 tex:36012 mv:777 misc:1419 imb:2 pmb:457 smb:1581 d:s ref:0 ;
in:1335 out:1336 type:b dur:2 cpbdur:2 q:3.21 aq:4.13 tex:25539 mv:442 misc:1139 imb:0 pmb:294 smb:1746 d:- ref:0 ;
in:1340 out:1337 type:P dur:2 cpbdur:2 q:1.00 aq:0.49 tex:181137 mv:715 misc:1868 imb:3 pmb:1225 smb:812 d:s ref:0 ;
in:1338 out:1338 type:B dur:2 cpbdur:2 q:1.66 aq:1.08 tex:77447 mv:987 misc:1822 imb:0 pmb:796 smb:1244 d:s ref:0 ;
in:1337 out:1339 type:b dur:2 cpbdur:2 q:2.40 aq:2.75 tex:27469 mv:484 misc:1383 imb:0 pmb:369 smb:1671 d:s ref:0 ;
in:1339 out:1340 type:b dur:2 cpbdur:2 q:1.96 aq:2.51 tex:28561 mv:303 misc:1104 imb:0 pmb:274 smb:1766 d:- ref:0 ;
in:1344 out:1341 type:P dur:2 cpbdur:2 q:0.74 aq:0.88 tex:112012 mv:488 misc:1908 imb:4 pmb:610 smb:1426 d:s ref:0 ;
in:1342 out:1342 type:B dur:2 cpbdur:2 q:1.50 aq:0.89 tex:63990 mv:471 misc:1699 imb:0 pmb:677 smb:1363 d:s ref:0 ;
in:1341 out:1343 type:b dur:2 cpbdur:2 q:1.96 aq:2.44 tex:22030 mv:239 misc:1107 imb:0 pmb:261 smb:1779 d:s ref:0 ;
in:1343 out:1344 type:b dur:2 cpbdur:2 q:1.84 aq:2.61 tex:25727 mv:312 misc:1137 imb:0 pmb:275 smb:1765 d:- ref:0 ;
in:1348 out:1345 type:P dur:2 cpbdur:2 q:0.81 aq:0.00 tex:136473 mv:423 misc:1816 imb:3 pmb:1252 smb:785 d:s ref:0 ;
in:1346 out:1346 type:B dur:2 cpbdur:2 q:1.18 aq:0.75 tex:66899 mv:334 misc:1679 imb:0 pmb:734 smb:1306 d:s ref:0 ;
in:1345 out:1347 type:b dur:2 cpbdur:2 q:1.51 aq:2.44 tex:24390 mv:232 misc:1194 imb:0 pmb:280 smb:1760 d:s ref:0 ;
in:1347 out:1348 type:b dur:2 cpbdur:2 q:1.51 aq:2.43 tex:22093 mv:304 misc:1131 imb:0 pmb:266 smb:1774 d:- ref:0 ;
in:1352 out:1349 type:P dur:2 cpbdur:2 q:0.81 aq:0.00 tex:115488 mv:287 misc:1825 imb:1 pmb:1227 smb:812 d:s ref:0 ;
in:1350 out:1350 type:B dur:2 cpbdur:2 q:1.18 aq:0.93 tex:68238 mv:471 misc:1747 imb:0 pmb:706 smb:1334 d:s ref:0 ;
in:1349 out:1351 type:b dur:2 cpbdur:2 q:1.51 aq:2.59 tex:18278 mv:372 misc:1166 imb:0 pmb:269 smb:1771 d:s ref:0 ;
in:1351 out:1352 type:b dur:2 cpbdur:2 q:1.51 aq:2.62 tex:35547 mv:332 misc:1233 imb:0 pmb:296 smb:1744 d:- ref:0 ;
in:1355 out:1353 type:P dur:2 cpbdur:2 q:0.88 aq:0.80 tex:89319 mv:326 misc:1819 imb:0 pmb:600 smb:1440 d:s ref:0 ;
in:1353 out:1354 type:B dur:2 cpbdur:2 q:1.26 aq:1.36 tex:50715 mv:196 misc:1561 imb:0 pmb:557 smb:1483 d:s ref:0 ;
in:1354 out:1355 type:b dur:2 cpbdur:2 q:1.65 aq:2.37 tex:24846 mv:168 misc:1130 imb:0 pmb:257 smb:1783 d:- ref:0 ;
in:1359 out:1356 type:P dur:2 cpbdur:2 q:1.12 aq:0.01 tex:148300 mv:537 misc:1827 imb:0 pmb:1212 smb:828 d:s ref:0 ;
in:1357 out:1357 type:B dur:2 cpbdur:2 q:1.44 aq:1.06 tex:67925 mv:156 misc:1575 imb:0 pmb:607 smb:1433 d:s ref:0 ;
in:1356 out:1358 type:b dur:2 cpbdur:2 q:1.78 aq:2.48 tex:25922 mv:194 misc:1076 imb:0 pmb:251 smb:1789 d:s ref:0 ;
in:1358 out:1359 type:b dur:2 cpbdur:2 q:1.78 aq:2.56 tex:25412 mv:224 misc:1124 imb:0 pmb:261 smb:1779 d:- ref:0 ;
in:1363 out:1360 type:P dur:2 cpbdur:2 q:1.76 aq:0.01 tex:157935 mv:703 misc:1834 imb:1 pmb:1193 smb:846 d:s ref:0 ;
in:1361 out:1361 type:B dur:2 cpbdur:2 q:2.12 aq:1.50 tex:52723 mv:135 misc:1342 imb:0 pmb:406 smb:1634 d:s ref:0 ;
in:1360 out:1362 type:b dur:2 cpbdur:2 q:2.47 aq:3.35 tex:25003 mv:174 misc:927 imb:0 pmb:224 smb:1816 d:s ref:0 ;
in:1362 out:1363 type:b dur:2 cpbdur:2 q:2.47 aq:3.19 tex:21757 mv:150 misc:909 imb:0 pmb:218 smb:1822 d:- ref:0 ;
in:1367 out:1364 type:P dur:2 cpbdur:2 q:1.76 aq:0.81 tex:110325 mv:458 misc:1737 imb:1 pmb:541 smb:1498 d:s ref:0 ;
in:1365 out:1365 type:B dur:2 cpbdur:2 q:2.12 aq:1.50 tex:50600 mv:117 misc:1387 imb:0 pmb:430 smb:1610 d:s ref:0 ;
in:1364 out:1366 type:b dur:2 cpbdur:2 q:2.47 aq:3.21 tex:21351 mv:161 misc:936 imb:0 pmb:225 smb:1815 d:s ref:0 ;
in:1366 out:1367 type:b dur:2 cpbdur:2 q:2.47 aq:3.30 tex:21726 mv:199 misc:939 imb:0 pmb:221 smb:1819 d:- ref:0 ;
in:1371 out:1368 type:P dur:2 cpbdur:2 q:1.88 aq:0.03 tex:123106 mv:313 misc:1869 imb:1 pmb:1177 smb:862 d:s ref:0 ;
in:1369 out:1369 type:B dur:2 cpbdur:2 q:2.18 aq:1.47 tex:44585 mv:356 misc:1451 imb:0 pmb:500 smb:1540 d:s ref:0 ;
in:1368 out:1370 type:b dur:2 cpbdur:2 q:2.49 aq:3.29 tex:19948 mv:205 misc:943 imb:0 pmb:221 smb:1819 d:s ref:0 ;
in:1370 out:1371 type:b dur:2 cpbdur:2 q:2.49 aq:3.23 tex:12795 mv:290 misc:955 imb:0 pmb:211 smb:1829 d:- ref:0 ;
in:1375 out:1372 type:P dur:2 cpbdur:2 q:2.00 aq:0.82 tex:74593 mv:187 misc:1748 imb:2 pmb:530 smb:1508 d:s ref:0 ;
in:1373 out:1373 type:B dur:2 cpbdur:2 q:2.29 aq:1.61 tex:47869 mv:354 misc:1377 imb:0 pmb:466 smb:1574 d:s ref:0 ;
in:1372 out:1374 type:b dur:2 cpbdur:2 q:2.49 aq:3.19 tex:12387 mv:259 misc:930 imb:0 pmb:200 smb:1840 d:s ref:0 ;
in:1374 out:1375 type:b dur:2 cpbdur:2 q:2.49 aq:3.07 tex:22435 mv:260 misc:937 imb:0 pmb:212 smb:1828 d:- ref:0 ;
in:1379 out:1376 type:P dur:2 cpbdur:2 q:3.65 aq:0.44 tex:347302 mv:861 misc:973 imb:29 pmb:1651 smb:360 d:s ref:0 ;
in:1377 out:1377 type:B dur:2 cpbdur:2 q:3.65 aq:2.33 tex:47816 mv:1081 misc:1879 imb:0 pmb:716 smb:1324 d:s ref:0 ;
in:1376 out:1378 type:b dur:2 cpbdur:2 q:3.65 aq:3.79 tex:16879 mv:242 misc:783 imb:0 pmb:159 smb:1881 d:s ref:0 ;
in:1378 out:1379 type:b dur:2 cpbdur:2 q:3.65 aq:4.12 tex:24794 mv:705 misc:1437 imb:0 pmb:424 smb:1616 d:- ref:0 ;
in:1383 out:1380 type:P dur:2 cpbdur:2 q:3.65 aq:0.88 tex:611793 mv:1352 misc:935 imb:59 pmb:1674 smb:307 d:s ref:0 ;
in:1381 out:1381 type:B dur:2 cpbdur:2 q:3.65 aq:3.54 tex:60351 mv:583 misc:1762 imb:0 pmb:602 smb:1438 d:s ref:0 ;
in:1380 out:1382 type:b dur:2 cpbdur:2 q:3.65 aq:4.17 tex:23072 mv:439 misc:1161 imb:0 pmb:312 smb:1728 d:s ref:0 ;
in:1382 out:1383 type:b dur:2 cpbdur:2 q:3.65 aq:4.07 tex:17507 mv:493 misc:1024 imb:1 pmb:247 smb:1792 d:- ref:0 ;
in:1387 out:1384 type:P dur:2 cpbdur:2 q:3.53 aq:0.46 tex:194067 mv:729 misc:1260 imb:17 pmb:1206 smb:817 d:s ref:0 ;
in:1385 out:1385 type:B dur:2 cpbdur:2 q:3.65 aq:3.02 tex:55386 mv:962 misc:1804 imb:2 pmb:611 smb:1427 d:s ref:0 ;
in:1384 out:1386 type:b dur:2 cpbdur:2 q:3.65 aq:3.85 tex:12761 mv:314 misc:933 imb:0 pmb:201 smb:1839 d:s ref:0 ;
in:1386 out:1387 type:b dur:2 cpbdur:2 q:3.65 aq:3.93 tex:10898 mv:305 misc:837 imb:0 pmb:176 smb:1864 d:- ref:0 ;
in:1391 out:1388 type:P dur:2 cpbdur:2 q:3.40 aq:0.01 tex:1260552 mv:5697 misc:831 imb:554 pmb:1250 smb:236 d:s ref:0 ;
in:1389 out:1389 type:B dur:2 cpbdur:2 q:3.88 aq:3.09 tex:100104 mv:1408 misc:1856 imb:0 pmb:1062 smb:978 d:s ref:0 ;
in:1388 out:1390 type:b dur:2 cpbdur:2 q:3.85 aq:5.05 tex:24278 mv:515 misc:1343 imb:0 pmb:414 smb:1626 d:s ref:0 ;
in:1390 out:1391 type:b dur:2 cpbdur:2 q:3.90 aq:4.52 tex:15641 mv:689 misc:1534 imb:0 pmb:419 smb:1621 d:- ref:0 ;
in:1395 out:1392 type:P dur:2 cpbdur:2 q:5.68 aq:0.51 tex:183007 mv:319 misc:1666 imb:2 pmb:1430 smb:608 d:s ref:0 ;
in:1393 out:1393 type:B dur:2 cpbdur:2 q:5.73 aq:4.22 tex:15723 mv:585 misc:1396 imb:0 pmb:330 smb:1710 d:s ref:0 ;
in:1392 out:1394 type:b dur:2 cpbdur:2 q:5.72 aq:5.92 tex:2651 mv:168 misc:501 imb:0 pmb:67 smb:1973 d:s ref:0 ;
in:1394 out:1395 type:b dur:2 cpbdur:2 q:5.74 aq:5.59 tex:6223 mv:207 misc:426 imb:0 pmb:64 smb:1976 d:- ref:0 ;
in:1399 out:1396 type:P dur:2 cpbdur:2 q:7.86 aq:1.06 tex:152717 mv:339 misc:1824 imb:2 pmb:1175 smb:863 d:s ref:0 ;
in:1397 out:1397 type:B dur:2 cpbdur:2 q:7.93 aq:6.66 tex:17528 mv:278 misc:626 imb:0 pmb:119 smb:1921 d:s ref:0 ;
in:1396 out:1398 type:b dur:2 cpbdur:2 q:8.00 aq:10.34 tex:6586 mv:98 misc:300 imb:0 pmb:39 smb:2001 d:s ref:0 ;
in:1398 out:1399 type:b dur:2 cpbdur:2 q:8.10 aq:10.38 tex:6474 mv:83 misc:339 imb:0 pmb:50 smb:1990 d:- ref:0 ;
in:1403 out:1400 type:P dur:2 cpbdur:2 q:7.93 aq:1.20 tex:175435 mv:653 misc:1640 imb:15 pmb:1099 smb:926 d:s ref:0 ;
in:1401 out:1401 type:B dur:2 cpbdur:2 q:8.31 aq:7.74 tex:15340 mv:219 misc:497 imb:0 pmb:115 smb:1925 d:s ref:0 ;
in:1400 out:1402 type:b dur:2 cpbdur:2 q:8.33 aq:10.25 tex:4321 mv:95 misc:360 imb:0 pmb:61 smb:1979 d:s ref:0 ;
in:1402 out:1403 type:b dur:2 cpbdur:2 q:8.29 aq:10.25 tex:10335 mv:84 misc:349 imb:0 pmb:66 smb:1974 d:- ref:0 ;
in:1404 out:1404 type:P dur:2 cpbdur:2 q:5.91 aq:0.73 tex:128352 mv:345 misc:1823 imb:1 pmb:1039 smb:1000 d:s ref:0 ;
in:1405 out:1405 type:P dur:2 cpbdur:2 q:4.95 aq:0.65 tex:110221 mv:314 misc:1889 imb:0 pmb:1020 smb:1020 d:s ref:0 ;
in:1409 out:1406 type:P dur:2 cpbdur:2 q:2.50 aq:0.17 tex:626092 mv:5752 misc:1236 imb:513 pmb:1160 smb:367 d:s ref:0 ;
in:1407 out:1407 type:B dur:2 cpbdur:2 q:5.14 aq:4.13 tex:36816 mv:402 misc:1054 imb:0 pmb:248 smb:1792 d:s ref:0 ;
in:1406 out:1408 type:b dur:2 cpbdur:2 q:5.15 aq:5.99 tex:7306 mv:127 misc:375 imb:0 pmb:86 smb:1954 d:s ref:0 ;
in:1408 out:1409 type:b dur:2 cpbdur:2 q:5.17 aq:6.73 tex:13687 mv:416 misc:657 imb:0 pmb:240 smb:1800 d:- ref:0 ;
in:1412 out:1410 type:P dur:2 cpbdur:2 q:5.74 aq:0.25 tex:789861 mv:2535 misc:1148 imb:231 pmb:1426 smb:383 d:s ref:0 ;
in:1410 out:1411 type:B dur:2 cpbdur:2 q:5.68 aq:5.88 tex:26571 mv:453 misc:1104 imb:0 pmb:289 smb:1751 d:s ref:0 ;
in:1411 out:1412 type:b dur:2 cpbdur:2 q:5.71 aq:7.51 tex:5421 mv:226 misc:617 imb:0 pmb:117 smb:1923 d:- ref:0 ;
in:1416 out:1413 type:P dur:2 cpbdur:2 q:7.95 aq:0.98 tex:247540 mv:379 misc:1361 imb:4 pmb:1503 smb:533 d:s ref:0 ;
in:1414 out:1414 type:B dur:2 cpbdur:2 q:7.95 aq:4.74 tex:6368 mv:287 misc:737 imb:0 pmb:140 smb:1900 d:s ref:0 ;
in:1413 out:1415 type:b dur:2 cpbdur:2 q:7.95 aq:9.14 tex:1623 mv:161 misc:488 imb:0 pmb:67 smb:1973 d:s ref:0 ;
in:1415 out:1416 type:b dur:2 cpbdur:2 q:7.95 aq:9.70 tex:183 mv:101 misc:356 imb:0 pmb:39 smb:2001 d:- ref:0 ;
in:1420 out:1417 type:P dur:2 cpbdur:2 q:8.35 aq:1.17 tex:234157 mv:369 misc:1362 imb:6 pmb:1481 smb:553 d:s ref:0 ;
in:1418 out:1418 type:B dur:2 cpbdur:2 q:8.34 aq:5.13 tex:13339 mv:287 misc:606 imb:0 pmb:121 smb:1919 d:s ref:0 ;
in:1417 out:1419 type:b dur:2 cpbdur:2 q:8.34 aq:7.03 tex:1224 mv:119 misc:337 imb:0 pmb:44 smb:1996 d:s ref:0 ;
in:1419 out:1420 type:b dur:2 cpbdur:2 q:8.34 aq:9.11 tex:7270 mv:136 misc:394 imb:0 pmb:67 smb:1973 d:- ref:0 ;
in:1424 out:1421 type:P dur:2 cpbdur:2 q:7.78 aq:1.11 tex:153772 mv:493 misc:1783 imb:2 pmb:1154 smb:884 d:s ref:0 ;
in:1422 out:1422 type:B dur:2 cpbdur:2 q:8.47 aq:5.67 tex:13416 mv:154 misc:422 imb:0 pmb:91 smb:1949 d:s ref:0 ;
in:1421 out:1423 type:b dur:2 cpbdur:2 q:8.51 aq:8.90 tex:4232 mv:104 misc:344 imb:0 pmb:57 smb:1983 d:s ref:0 ;
in:1423 out:1424 type:b dur:2 cpbdur:2 q:8.44 aq:8.67 tex:3945 mv:100 misc:331 imb:0 pmb:60 smb:1980 d:- ref:0 ;
in:1428 out:1425 type:P dur:2 cpbdur:2 q:5.31 aq:0.43 tex:197558 mv:865 misc:1713 imb:17 pmb:1212 smb:811 d:s ref:0 ;
in:1426 out:1426 type:B dur:2 cpbdur:2 q:7.75 aq:5.90 tex:28398 mv:259 misc:583 imb:1 pmb:140 smb:1899 d:s ref:0 ;
in:1425 out:1427 type:b dur:2 cpbdur:2 q:7.77 aq:7.91 tex:7065 mv:122 misc:405 imb:0 pmb:82 smb:1958 d:s ref:0 ;
in:1427 out:1428 type:b dur:2 cpbdur:2 q:7.74 aq:9.10 tex:5159 mv:154 misc:375 imb:0 pmb:87 smb:1953 d:- ref:0 ;
in:1430 out:1429 type:P dur:2 cpbdur:2 q:4.66 aq:0.50 tex:260546 mv:927 misc:1823 imb:14 pmb:1294 smb:732 d:s ref:0 ;
in:1429 out:1430 type:b dur:2 cpbdur:2 q:6.04 aq:4.97 tex:7742 mv:249 misc:441 imb:0 pmb:114 smb:1926 d:s ref:0 ;
in:1431 out:1431 type:P dur:2 cpbdur:2 q:4.87 aq:0.55 tex:243116 mv:890 misc:1866 imb:22 pmb:1235 smb:783 d:s ref:0 ;
in:1433 out:1432 type:P dur:2 cpbdur:2 q:5.09 aq:1.11 tex:246494 mv:1404 misc:1942 imb:62 pmb:995 smb:983 d:s ref:0 ;
in:1432 out:1433 type:b dur:2 cpbdur:2 q:5.30 aq:6.73 tex:85490 mv:981 misc:497 imb:9 pmb:223 smb:1808 d:s ref:0 ;
in:1434 out:1434 type:P dur:2 cpbdur:2 q:4.80 aq:1.04 tex:177648 mv:1196 misc:1892 imb:52 pmb:877 smb:1111 d:s ref:0 ;
in:1435 out:1435 type:P dur:2 cpbdur:2 q:4.91 aq:0.50 tex:261026 mv:1286 misc:1752 imb:40 pmb:1293 smb:707 d:s ref:0 ;
in:1436 out:1436 type:P dur:2 cpbdur:2 q:4.61 aq:0.36 tex:179516 mv:921 misc:1795 imb:23 pmb:1283 smb:734 d:s ref:0 ;
in:1437 out:1437 type:P dur:2 cpbdur:2 q:4.53 aq:0.25 tex:229380 mv:1104 misc:1820 imb:38 pmb:1263 smb:739 d:s ref:0 ;
in:1439 out:1438 type:P dur:2 cpbdur:2 q:4.79 aq:0.33 tex:186675 mv:904 misc:1789 imb:22 pmb:1275 smb:743 d:s ref:0 ;
in:1438 out:1439 type:b dur:2 cpbdur:2 q:5.05 aq:6.36 tex:63539 mv:848 misc:501 imb:8 pmb:209 smb:1823 d:s ref:0 ;
in:1442 out:1440 type:P dur:2 cpbdur:2 q:5.24 aq:0.30 tex:864359 mv:2406 misc:627 imb:134 pmb:1725 smb:181 d:s ref:0 ;
in:1440 out:1441 type:B dur:2 cpbdur:2 q:5.68 aq:6.65 tex:73877 mv:1397 misc:1726 imb:18 pmb:637 smb:1385 d:s ref:0 ;
in:1441 out:1442 type:b dur:2 cpbdur:2 q:6.04 aq:8.20 tex:57344 mv:1151 misc:721 imb:12 pmb:269 smb:1759 d:- ref:0 ;
in:1446 out:1443 type:P dur:2 cpbdur:2 q:4.99 aq:0.50 tex:295819 mv:1046 misc:1439 imb:19 pmb:1524 smb:497 d:s ref:0 ;
in:1444 out:1444 type:B dur:2 cpbdur:2 q:5.99 aq:6.19 tex:68953 mv:1335 misc:1048 imb:8 pmb:341 smb:1691 d:s ref:0 ;
in:1443 out:1445 type:b dur:2 cpbdur:2 q:6.35 aq:9.32 tex:28524 mv:450 misc:474 imb:3 pmb:203 smb:1834 d:s ref:0 ;
in:1445 out:1446 type:b dur:2 cpbdur:2 q:6.16 aq:9.13 tex:24177 mv:375 misc:448 imb:2 pmb:196 smb:1842 d:- ref:0 ;
in:1450 out:1447 type:P dur:2 cpbdur:2 q:4.52 aq:0.33 tex:267380 mv:1123 misc:1809 imb:15 pmb:1251 smb:774 d:s ref:0 ;
in:1448 out:1448 type:B dur:2 cpbdur:2 q:4.96 aq:4.86 tex:95289 mv:974 misc:945 imb:5 pmb:317 smb:1718 d:t ref:0 ;
in:1447 out:1449 type:b dur:2 cpbdur:2 q:4.98 aq:6.10 tex:34986 mv:500 misc:498 imb:3 pmb:226 smb:1811 d:s ref:0 ;
in:1449 out:1450 type:b dur:2 cpbdur:2 q:4.95 aq:6.45 tex:60609 mv:613 misc:506 imb:7 pmb:231 smb:1802 d:- ref:0 ;
in:1454 out:1451 type:P dur:2 cpbdur:2 q:4.65 aq:0.54 tex:249724 mv:983 misc:1453 imb:21 pmb:1511 smb:508 d:s ref:0 ;
in:1452 out:1452 type:B dur:2 cpbdur:2 q:4.70 aq:3.62 tex:40652 mv:722 misc:1458 imb:0 pmb:428 smb:1612 d:s ref:0 ;
in:1451 out:1453 type:b dur:2 cpbdur:2 q:4.71 aq:4.89 tex:15998 mv:271 misc:643 imb:0 pmb:151 smb:1889 d:s ref:0 ;
in:1453 out:1454 type:b dur:2 cpbdur:2 q:4.70 aq:4.68 tex:13217 mv:404 misc:875 imb:0 pmb:207 smb:1833 d:- ref:0 ;
in:1458 out:1455 type:P dur:2 cpbdur:2 q:3.16 aq:0.56 tex:178161 mv:642 misc:1901 imb:7 pmb:1189 smb:844 d:s ref:0 ;
in:1456 out:1456 type:B dur:2 cpbdur:2 q:4.65 aq:3.27 tex:27125 mv:397 misc:1078 imb:0 pmb:266 smb:1774 d:s ref:0 ;
in:1455 out:1457 type:b dur:2 cpbdur:2 q:4.65 aq:5.28 tex:13384 mv:280 misc:648 imb:0 pmb:158 smb:1882 d:s ref:0 ;
in:1457 out:1458 type:b dur:2 cpbdur:2 q:4.65 aq:5.14 tex:11763 mv:227 misc:554 imb:0 pmb:132 smb:1908 d:- ref:0 ;
in:1462 out:1459 type:P dur:2 cpbdur:2 q:3.41 aq:0.23 tex:143297 mv:536 misc:1823 imb:22 pmb:1045 smb:973 d:s ref:0 ;
in:1460 out:1460 type:B dur:2 cpbdur:2 q:3.41 aq:2.25 tex:31263 mv:341 misc:1364 imb:0 pmb:347 smb:1693 d:s ref:0 ;
in:1459 out:1461 type:b dur:2 cpbdur:2 q:3.41 aq:3.96 tex:8859 mv:276 misc:849 imb:0 pmb:190 smb:1850 d:s ref:0 ;
in:1461 out:1462 type:b dur:2 cpbdur:2 q:3.41 aq:3.99 tex:6689 mv:277 misc:810 imb:0 pmb:163 smb:1877 d:- ref:0 ;
in:1466 out:1463 type:P dur:2 cpbdur:2 q:5.03 aq:0.45 tex:725170 mv:4350 misc:1544 imb:414 pmb:1092 smb:534 d:s ref:0 ;
in:1464 out:1464 type:B dur:2 cpbdur:2 q:4.96 aq:3.63 tex:26314 mv:457 misc:1141 imb:0 pmb:285 smb:1755 d:s ref:0 ;
in:1463 out:1465 type:b dur:2 cpbdur:2 q:4.92 aq:5.21 tex:9852 mv:167 misc:437 imb:0 pmb:83 smb:1957 d:s ref:0 ;
in:1465 out:1466 type:b dur:2 cpbdur:2 q:5.00 aq:5.90 tex:14157 mv:195 misc:608 imb:1 pmb:162 smb:1877 d:- ref:0 ;
in:1470 out:1467 type:P dur:2 cpbdur:2 q:7.45 aq:1.07 tex:296627 mv:918 misc:1151 imb:29 pmb:1580 smb:431 d:s ref:0 ;
in:1468 out:1468 type:B dur:2 cpbdur:2 q:7.41 aq:5.80 tex:24584 mv:468 misc:1092 imb:3 pmb:281 smb:1756 d:s ref:0 ;
in:1467 out:1469 type:b dur:2 cpbdur:2 q:7.40 aq:8.30 tex:8838 mv:292 misc:606 imb:5 pmb:128 smb:1907 d:s ref:0 ;
in:1469 out:1470 type:b dur:2 cpbdur:2 q:7.43 aq:8.30 tex:9429 mv:219 misc:408 imb:0 pmb:106 smb:1934 d:- ref:0 ;
in:1474 out:1471 type:P dur:2 cpbdur:2 q:7.67 aq:0.82 tex:169297 mv:677 misc:1866 imb:1 pmb:1144 smb:895 d:s ref:0 ;
in:1472 out:1472 type:B dur:2 cpbdur:2 q:7.70 aq:7.44 tex:22129 mv:221 misc:434 imb:0 pmb:122 smb:1918 d:s ref:0 ;
in:1471 out:1473 type:b dur:2 cpbdur:2 q:7.70 aq:8.74 tex:10536 mv:156 misc:388 imb:0 pmb:91 smb:1949 d:s ref:0 ;
in:1473 out:1474 type:b dur:2 cpbdur:2 q:7.69 aq:8.76 tex:6469 mv:129 misc:330 imb:0 pmb:75 smb:1965 d:- ref:0 ;
in:1475 out:1475 type:P dur:2 cpbdur:2 q:7.01 aq:7.11 tex:16848 mv:97 misc:399 imb:0 pmb:88 smb:1952 d:s ref:0 ;
in:1476 out:1476 type:I dur:2 cpbdur:2 q:14.60 aq:6.44 tex:2222447 mv:76469 misc:204 imb:2040 pmb:0 smb:0 d:s ref:;
in:1480 out:1477 type:P dur:2 cpbdur:2 q:9.73 aq:3.00 tex:724937 mv:3912 misc:679 imb:255 pmb:1589 smb:196 d:s ref:0 ;
in:1478 out:1478 type:B dur:2 cpbdur:2 q:14.25 aq:14.46 tex:23137 mv:1145 misc:726 imb:26 pmb:308 smb:1706 d:s ref:0 ;
in:1477 out:1479 type:b dur:2 cpbdur:2 q:14.25 aq:15.06 tex:52104 mv:1738 misc:478 imb:64 pmb:352 smb:1624 d:s ref:0 ;
in:1479 out:1480 type:b dur:2 cpbdur:2 q:14.25 aq:16.09 tex:29268 mv:1702 misc:510 imb:32 pmb:333 smb:1675 d:- ref:0 ;
in:1483 out:1481 type:P dur:2 cpbdur:2 q:7.38 aq:1.62 tex:488301 mv:2666 misc:1369 imb:124 pmb:1481 smb:435 d:s ref:0 ;
in:1481 out:1482 type:B dur:2 cpbdur:2 q:10.00 aq:12.01 tex:94680 mv:2154 misc:534 imb:56 pmb:375 smb:1609 d:s ref:0 ;
in:1482 out:1483 type:b dur:2 cpbdur:2 q:10.03 aq:12.73 tex:73961 mv:2204 misc:507 imb:50 pmb:398 smb:1592 d:- ref:0 ;
in:1485 out:1484 type:P dur:2 cpbdur:2 q:7.56 aq:1.77 tex:303288 mv:1885 misc:1643 imb:121 pmb:1269 smb:650 d:s ref:0 ;
in:1484 out:1485 type:b dur:2 cpbdur:2 q:7.58 aq:10.62 tex:126747 mv:2475 misc:530 imb:40 pmb:400 smb:1600 d:s ref:0 ;
in:1486 out:1486 type:P dur:2 cpbdur:2 q:7.38 aq:1.60 tex:301983 mv:1762 misc:1775 imb:103 pmb:1148 smb:789 d:s ref:0 ;
in:1487 out:1487 type:P dur:2 cpbdur:2 q:7.10 aq:1.50 tex:287256 mv:2035 misc:1773 imb:110 pmb:1212 smb:718 d:s ref:0 ;
in:1489 out:1488 type:P dur:2 cpbdur:2 q:7.17 aq:1.64 tex:309170 mv:2005 misc:1769 imb:109 pmb:1169 smb:762 d:s ref:0 ;
in:1488 out:1489 type:b dur:2 cpbdur:2 q:7.24 aq:10.11 tex:87548 mv:1621 misc:551 imb:57 pmb:387 smb:1596 d:s ref:0 ;
in:1490 out:1490 type:P dur:2 cpbdur:2 q:6.95 aq:1.44 tex:336032 mv:2106 misc:1830 imb:112 pmb:1183 smb:745 d:s ref:0 ;
in:1491 out:1491 type:P dur:2 cpbdur:2 q:7.83 aq:1.67 tex:268856 mv:1867 misc:1749 imb:116 pmb:1122 smb:802 d:s ref:0 ;
in:1492 out:1492 type:P dur:2 cpbdur:2 q:8.05 aq:1.69 tex:281521 mv:1981 misc:1746 imb:106 pmb:1091 smb:843 d:s ref:0 ;
in:1493 out:1493 type:P dur:2 cpbdur:2 q:8.09 aq:1.46 tex:311589 mv:2264 misc:1763 imb:112 pmb:1147 smb:781 d:s ref:0 ;
in:1496 out:1494 type:P dur:2 cpbdur:2 q:7.92 aq:1.34 tex:370166 mv:2900 misc:1758 imb:121 pmb:1119 smb:800 d:s ref:0 ;
in:1494 out:1495 type:B dur:2 cpbdur:2 q:8.13 aq:9.26 tex:109355 mv:1922 misc:571 imb:71 pmb:399 smb:1570 d:s ref:0 ;
in:1495 out:1496 type:b dur:2 cpbdur:2 q:8.13 aq:9.56 tex:6825 mv:362 misc:637 imb:1 pmb:169 smb:1870 d:- ref:0 ;
in:1497 out:1497 type:P dur:2 cpbdur:2 q:7.97 aq:1.04 tex:256904 mv:1930 misc:1734 imb:136 pmb:1096 smb:808 d:s ref:0 ;
in:1498 out:1498 type:P dur:2 cpbdur:2 q:8.17 aq:1.16 tex:251778 mv:1466 misc:1812 imb:91 pmb:1092 smb:857 d:s ref:0 ;
in:1500 out:1499 type:P dur:2 cpbdur:2 q:7.75 aq:1.24 tex:239195 mv:1422 misc:1751 imb:74 pmb:1047 smb:919 d:s ref:0 ;
in:1499 out:1500 type:b dur:2 cpbdur:2 q:8.17 aq:10.34 tex:90857 mv:2234 misc:549 imb:72 pmb:334 smb:1634 d:s ref:0 ;
in:1501 out:1501 type:P dur:2 cpbdur:2 q:8.31 aq:1.28 tex:664778 mv:2109 misc:729 imb:154 pmb:1684 smb:202 d:s ref:0 ;
in:1505 out:1502 type:P dur:2 cpbdur:2 q:7.65 aq:1.10 tex:390889 mv:2182 misc:1241 imb:135 pmb:1496 smb:409 d:s ref:0 ;
in:1503 out:1503 type:B dur:2 cpbdur:2 q:8.31 aq:8.18 tex:50878 mv:1144 misc:794 imb:43 pmb:393 smb:1604 d:s ref:0 ;
in:1502 out:1504 type:b dur:2 cpbdur:2 q:8.31 aq:10.35 tex:2396 mv:222 misc:726 imb:0 pmb:163 smb:1877 d:s ref:0 ;
in:1504 out:1505 type:b dur:2 cpbdur:2 q:8.31 aq:9.52 tex:2485 mv:524 misc:687 imb:16 pmb:142 smb:1882 d:- ref:0 ;
in:1508 out:1506 type:P dur:2 cpbdur:2 q:7.89 aq:1.14 tex:352050 mv:2466 misc:1524 imb:122 pmb:1421 smb:497 d:s ref:0 ;
in:1506 out:1507 type:B dur:2 cpbdur:2 q:8.05 aq:9.50 tex:38797 mv:1093 misc:598 imb:39 pmb:322 smb:1679 d:s ref:0 ;
in:1507 out:1508 type:b dur:2 cpbdur:2 q:8.04 aq:9.91 tex:68838 mv:1687 misc:547 imb:65 pmb:328 smb:1647 d:- ref:0 ;
in:1512 out:1509 type:P dur:2 cpbdur:2 q:7.94 aq:1.35 tex:192759 mv:739 misc:1582 imb:27 pmb:1433 smb:580 d:s ref:0 ;
in:1510 out:1510 type:B dur:2 cpbdur:2 q:7.94 aq:5.86 tex:18664 mv:376 misc:800 imb:0 pmb:192 smb:1848 d:s ref:0 ;
in:1509 out:1511 type:b dur:2 cpbdur:2 q:7.94 aq:6.68 tex:8112 mv:344 misc:584 imb:0 pmb:123 smb:1917 d:s ref:0 ;
in:1511 out:1512 type:b dur:2 cpbdur:2 q:7.94 aq:9.75 tex:7016 mv:128 misc:400 imb:0 pmb:62 smb:1978 d:- ref:0 ;
in:1515 out:1513 type:P dur:2 cpbdur:2 q:8.46 aq:1.41 tex:171651 mv:853 misc:1752 imb:40 pmb:1084 smb:916 d:s ref:0 ;
in:1513 out:1514 type:B dur:2 cpbdur:2 q:8.41 aq:6.96 tex:7991 mv:185 misc:464 imb:0 pmb:87 smb:1953 d:s ref:0 ;
in:1514 out:1515 type:b dur:2 cpbdur:2 q:8.44 aq:8.95 tex:18528 mv:327 misc:473 imb:2 pmb:120 smb:1918 d:- ref:0 ;
in:1519 out:1516 type:P dur:2 cpbdur:2 q:8.08 aq:0.99 tex:151668 mv:648 misc:1804 imb:4 pmb:927 smb:1109 d:s ref:0 ;
in:1517 out:1517 type:B dur:2 cpbdur:2 q:8.45 aq:7.08 tex:15349 mv:204 misc:535 imb:0 pmb:136 smb:1904 d:s ref:0 ;
in:1516 out:1518 type:b dur:2 cpbdur:2 q:8.45 aq:9.16 tex:4923 mv:157 misc:432 imb:0 pmb:96 smb:1944 d:s ref:0 ;
in:1518 out:1519 type:b dur:2 cpbdur:2 q:8.45 aq:9.48 tex:6316 mv:132 misc:344 imb:0 pmb:72 smb:1968 d:- ref:0 ;
in:1523 out:1520 type:P dur:2 cpbdur:2 q:7.80 aq:0.35 tex:126149 mv:483 misc:1728 imb:2 pmb:897 smb:1141 d:s ref:0 ;
in:1521 out:1521 type:B dur:2 cpbdur:2 q:8.13 aq:8.05 tex:11672 mv:121 misc:455 imb:0 pmb:100 smb:1940 d:s ref:0 ;
in:1520 out:1522 type:b dur:2 cpbdur:2 q:8.13 aq:9.19 tex:2608 mv:113 misc:367 imb:0 pmb:57 smb:1983 d:s ref:0 ;
in:1522 out:1523 type:b dur:2 cpbdur:2 q:8.12 aq:9.67 tex:1755 mv:122 misc:339 imb:0 pmb:56 smb:1984 d:- ref:0 ;
in:1524 out:1524 type:P dur:2 cpbdur:2 q:6.14 aq:0.60 tex:689784 mv:4885 misc:1595 imb:508 pmb:1012 smb:520 d:s ref:0 ;
in:1528 out:1525 type:P dur:2 cpbdur:2 q:6.74 aq:0.85 tex:258622 mv:961 misc:1329 imb:41 pmb:1540 smb:459 d:s ref:0 ;
in:1526 out:1526 type:B dur:2 cpbdur:2 q:7.09 aq:4.08 tex:15085 mv:480 misc:939 imb:2 pmb:240 smb:1798 d:s ref:0 ;
in:1525 out:1527 type:b dur:2 cpbdur:2 q:7.37 aq:6.18 tex:8917 mv:310 misc:645 imb:1 pmb:126 smb:1913 d:s ref:0 ;
in:1527 out:1528 type:b dur:2 cpbdur:2 q:7.36 aq:8.57 tex:1513 mv:169 misc:462 imb:0 pmb:73 smb:1967 d:- ref:0 ;
in:1532 out:1529 type:P dur:2 cpbdur:2 q:6.53 aq:0.84 tex:156147 mv:405 misc:1616 imb:7 pmb:1391 smb:642 d:s ref:0 ;
in:1530 out:1530 type:B dur:2 cpbdur:2 q:7.06 aq:4.83 tex:18763 mv:350 misc:839 imb:0 pmb:166 smb:1874 d:s ref:0 ;
in:1529 out:1531 type:b dur:2 cpbdur:2 q:7.34 aq:5.40 tex:2503 mv:148 misc:413 imb:0 pmb:55 smb:1985 d:s ref:0 ;
in:1531 out:1532 type:b dur:2 cpbdur:2 q:7.33 aq:8.68 tex:6345 mv:130 misc:365 imb:0 pmb:56 smb:1984 d:- ref:0 ;
in:1536 out:1533 type:P dur:2 cpbdur:2 q:6.24 aq:0.43 tex:126440 mv:504 misc:1856 imb:5 pmb:1008 smb:1027 d:s ref:0 ;
in:1534 out:1534 type:B dur:2 cpbdur:2 q:6.89 aq:6.01 tex:15986 mv:120 misc:462 imb:0 pmb:90 smb:1950 d:s ref:0 ;
in:1533 out:1535 type:b dur:2 cpbdur:2 q:7.21 aq:10.00 tex:5409 mv:80 misc:327 imb:0 pmb:54 smb:1986 d:s ref:0 ;
in:1535 out:1536 type:b dur:2 cpbdur:2 q:7.21 aq:9.95 tex:4899 mv:35 misc:330 imb:0 pmb:52 smb:1988 d:- ref:0 ;
in:1539 out:1537 type:P dur:2 cpbdur:2 q:5.61 aq:1.39 tex:256397 mv:1986 misc:1721 imb:96 pmb:1261 smb:683 d:s ref:0 ;
in:1537 out:1538 type:B dur:2 cpbdur:2 q:6.43 aq:5.54 tex:11599 mv:248 misc:665 imb:1 pmb:167 smb:1872 d:s ref:0 ;
in:1538 out:1539 type:b dur:2 cpbdur:2 q:6.62 aq:8.33 tex:102363 mv:2586 misc:587 imb:27 pmb:442 smb:1571 d:- ref:0 ;
in:1541 out:1540 type:P dur:2 cpbdur:2 q:6.62 aq:1.33 tex:423942 mv:4320 misc:1762 imb:395 pmb:943 smb:702 d:s ref:0 ;
in:1540 out:1541 type:b dur:2 cpbdur:2 q:6.88 aq:9.16 tex:60658 mv:1604 misc:682 imb:19 pmb:410 smb:1611 d:s ref:0 ;
in:1542 out:1542 type:P dur:2 cpbdur:2 q:6.85 aq:1.49 tex:180837 mv:1714 misc:1801 imb:93 pmb:1194 smb:753 d:s ref:0 ;
in:1544 out:1543 type:P dur:2 cpbdur:2 q:6.74 aq:1.06 tex:414287 mv:4239 misc:1674 imb:395 pmb:1006 smb:639 d:s ref:0 ;
in:1543 out:1544 type:b dur:2 cpbdur:2 q:6.93 aq:8.81 tex:70161 mv:1589 misc:666 imb:29 pmb:407 smb:1604 d:s ref:0 ;
in:1546 out:1545 type:P dur:2 cpbdur:2 q:6.62 aq:1.09 tex:255446 mv:2295 misc:1707 imb:112 pmb:1260 smb:668 d:s ref:0 ;
in:1545 out:1546 type:b dur:2 cpbdur:2 q:6.99 aq:8.35 tex:78045 mv:2717 misc:694 imb:62 pmb:359 smb:1619 d:s ref:0 ;
in:1548 out:1547 type:P dur:2 cpbdur:2 q:6.53 aq:0.94 tex:98866 mv:354 misc:1900 imb:4 pmb:959 smb:1077 d:s ref:0 ;
in:1547 out:1548 type:b dur:2 cpbdur:2 q:6.76 aq:5.81 tex:3535 mv:189 misc:540 imb:0 pmb:82 smb:1958 d:s ref:0 ;
in:1549 out:1549 type:P dur:2 cpbdur:2 q:7.11 aq:1.39 tex:223872 mv:2945 misc:1703 imb:149 pmb:1099 smb:792 d:s ref:0 ;
in:1550 out:1550 type:P dur:2 cpbdur:2 q:7.31 aq:1.49 tex:270962 mv:3983 misc:1639 imb:378 pmb:867 smb:795 d:s ref:0 ;
in:1551 out:1551 type:P dur:2 cpbdur:2 q:7.47 aq:1.33 tex:235005 mv:3783 misc:1700 imb:284 pmb:1039 smb:717 d:s ref:0 ;
in:1552 out:1552 type:P dur:2 cpbdur:2 q:7.57 aq:1.22 tex:190556 mv:3029 misc:1655 imb:175 pmb:1166 smb:699 d:s ref:0 ;
in:1553 out:1553 type:P dur:2 cpbdur:2 q:7.21 aq:1.03 tex:202899 mv:3191 misc:1710 imb:183 pmb:1124 smb:733 d:s ref:0 ;
in:1557 out:1554 type:P dur:2 cpbdur:2 q:6.78 aq:0.74 tex:327225 mv:3819 misc:1676 imb:403 pmb:912 smb:725 d:s ref:0 ;
in:1555 out:1555 type:B dur:2 cpbdur:2 q:7.29 aq:6.49 tex:85393 mv:1621 misc:706 imb:39 pmb:390 smb:1611 d:s ref:0 ;
in:1554 out:1556 type:b dur:2 cpbdur:2 q:7.30 aq:7.90 tex:9154 mv:250 misc:628 imb:0 pmb:151 smb:1889 d:s ref:0 ;
in:1556 out:1557 type:b dur:2 cpbdur:2 q:7.28 aq:7.53 tex:74135 mv:2078 misc:651 imb:61 pmb:351 smb:1628 d:- ref:0 ;
in:1561 out:1558 type:P dur:2 cpbdur:2 q:7.41 aq:1.57 tex:728278 mv:2831 misc:691 imb:221 pmb:1605 smb:214 d:s ref:0 ;
in:1559 out:1559 type:B dur:2 cpbdur:2 q:7.47 aq:6.65 tex:92305 mv:2668 misc:1267 imb:63 pmb:460 smb:1517 d:s ref:0 ;
in:1558 out:1560 type:b dur:2 cpbdur:2 q:7.48 aq:8.14 tex:33096 mv:1588 misc:708 imb:52 pmb:296 smb:1692 d:s ref:0 ;
in:1560 out:1561 type:b dur:2 cpbdur:2 q:7.46 aq:8.56 tex:51221 mv:2312 misc:1563 imb:66 pmb:562 smb:1412 d:- ref:0 ;
in:1563 out:1562 type:P dur:2 cpbdur:2 q:7.18 aq:1.46 tex:270600 mv:2724 misc:1436 imb:167 pmb:1363 smb:510 d:s ref:0 ;
in:1562 out:1563 type:b dur:2 cpbdur:2 q:7.54 aq:9.47 tex:65678 mv:2150 misc:676 imb:43 pmb:296 smb:1701 d:s ref:0 ;
in:1567 out:1564 type:P dur:2 cpbdur:2 q:7.12 aq:2.15 tex:228111 mv:2461 misc:1908 imb:133 pmb:850 smb:1057 d:s ref:0 ;
in:1565 out:1565 type:B dur:2 cpbdur:2 q:7.41 aq:8.17 tex:25005 mv:499 misc:808 imb:14 pmb:243 smb:1783 d:s ref:0 ;
in:1564 out:1566 type:b dur:2 cpbdur:2 q:7.42 aq:8.46 tex:7479 mv:264 misc:641 imb:0 pmb:196 smb:1844 d:s ref:0 ;
in:1566 out:1567 type:b dur:2 cpbdur:2 q:7.39 aq:9.70 tex:15373 mv:276 misc:503 imb:5 pmb:102 smb:1933 d:- ref:0 ;
in:1569 out:1568 type:P dur:2 cpbdur:2 q:6.79 aq:2.59 tex:294388 mv:3483 misc:1777 imb:285 pmb:999 smb:756 d:s ref:0 ;
in:1568 out:1569 type:b dur:2 cpbdur:2 q:7.11 aq:9.82 tex:5403 mv:486 misc:687 imb:15 pmb:167 smb:1858 d:s ref:0 ;
in:1573 out:1570 type:P dur:2 cpbdur:2 q:7.22 aq:2.97 tex:558937 mv:4316 misc:1235 imb:350 pmb:1215 smb:475 d:s ref:0 ;
in:1571 out:1571 type:B dur:2 cpbdur:2 q:7.27 aq:7.46 tex:153053 mv:2589 misc:1246 imb:50 pmb:654 smb:1336 d:s ref:0 ;
in:1570 out:1572 type:b dur:2 cpbdur:2 q:8.01 aq:10.06 tex:213914 mv:3817 misc:669 imb:155 pmb:354 smb:1531 d:s ref:0 ;
in:1572 out:1573 type:b dur:2 cpbdur:2 q:7.28 aq:9.38 tex:91625 mv:2024 misc:591 imb:39 pmb:452 smb:1549 d:- ref:0 ;
in:1574 out:1574 type:P dur:2 cpbdur:2 q:7.15 aq:3.32 tex:226474 mv:1931 misc:1723 imb:65 pmb:830 smb:1145 d:s ref:0 ;
in:1575 out:1575 type:P dur:2 cpbdur:2 q:7.13 aq:3.43 tex:244116 mv:2121 misc:1739 imb:93 pmb:862 smb:1085 d:s ref:0 ;
in:1579 out:1576 type:P dur:2 cpbdur:2 q:7.13 aq:5.17 tex:218416 mv:1822 misc:834 imb:110 pmb:485 smb:1445 d:s ref:0 ;
in:1577 out:1577 type:B dur:2 cpbdur:2 q:7.13 aq:7.44 tex:158689 mv:2764 misc:635 imb:38 pmb:473 smb:1529 d:s ref:0 ;
in:1576 out:1578 type:b dur:2 cpbdur:2 q:7.13 aq:9.28 tex:43346 mv:1456 misc:718 imb:24 pmb:374 smb:1642 d:s ref:0 ;
in:1578 out:1579 type:b dur:2 cpbdur:2 q:7.13 aq:9.31 tex:116466 mv:2548 misc:538 imb:37 pmb:432 smb:1571 d:- ref:0 ;
in:1580 out:1580 type:P dur:2 cpbdur:2 q:7.24 aq:5.87 tex:56959 mv:329 misc:944 imb:14 pmb:261 smb:1765 d:s ref:0 ;
in:1581 out:1581 type:I dur:2 cpbdur:2 q:8.81 aq:1.98 tex:2041978 mv:72682 misc:188 imb:2040 pmb:0 smb:0 d:s ref:;
in:1582 out:1582 type:P dur:2 cpbdur:2 q:7.02 aq:1.06 tex:259908 mv:2068 misc:1880 imb:133 pmb:1112 smb:795 d:s ref:0 ;
in:1583 out:1583 type:P dur:2 cpbdur:2 q:6.98 aq:1.26 tex:177793 mv:1685 misc:1522 imb:137 pmb:452 smb:1451 d:s ref:0 ;
in:1587 out:1584 type:P dur:2 cpbdur:2 q:7.24 aq:1.50 tex:206956 mv:1882 misc:1906 imb:104 pmb:1106 smb:830 d:s ref:0 ;
in:1585 out:1585 type:B dur:2 cpbdur:2 q:7.24 aq:5.73 tex:17310 mv:493 misc:1077 imb:3 pmb:270 smb:1767 d:s ref:0 ;
in:1584 out:1586 type:b dur:2 cpbdur:2 q:7.24 aq:8.66 tex:36720 mv:497 misc:663 imb:3 pmb:240 smb:1797 d:s ref:0 ;
in:1586 out:1587 type:b dur:2 cpbdur:2 q:7.24 aq:6.97 tex:8733 mv:238 misc:677 imb:0 pmb:126 smb:1914 d:- ref:0 ;
in:1591 out:1588 type:P dur:2 cpbdur:2 q:7.07 aq:2.17 tex:65568 mv:392 misc:1520 imb:5 pmb:392 smb:1643 d:s ref:0 ;
in:1589 out:1589 type:B dur:2 cpbdur:2 q:7.33 aq:6.77 tex:11414 mv:199 misc:491 imb:0 pmb:94 smb:1946 d:s ref:0 ;
in:1588 out:1590 type:b dur:2 cpbdur:2 q:7.32 aq:6.57 tex:4241 mv:159 misc:392 imb:0 pmb:75 smb:1965 d:s ref:0 ;
in:1590 out:1591 type:b dur:2 cpbdur:2 q:7.33 aq:7.23 tex:5053 mv:198 misc:437 imb:0 pmb:75 smb:1965 d:- ref:0 ;
in:1593 out:1592 type:P dur:2 cpbdur:2 q:6.99 aq:2.82 tex:72406 mv:434 misc:1872 imb:11 pmb:711 smb:1318 d:s ref:0 ;
in:1592 out:1593 type:b dur:2 cpbdur:2 q:7.07 aq:6.25 tex:6348 mv:211 misc:545 imb:0 pmb:90 smb:1950 d:s ref:0 ;
in:1597 out:1594 type:P dur:2 cpbdur:2 q:11.09 aq:3.08 tex:2290860 mv:10429 misc:367 imb:1199 pmb:841 smb:0 d:s ref:0 w:5,37,28,5,49,-70,48,-64 ;
in:1595 out:1595 type:B dur:2 cpbdur:2 q:11.03 aq:9.70 tex:2409 mv:177 misc:598 imb:4 pmb:120 smb:1916 d:s ref:0 ;
in:1594 out:1596 type:b dur:2 cpbdur:2 q:11.00 aq:8.20 tex:7621 mv:157 misc:502 imb:0 pmb:121 smb:1919 d:s ref:0 ;
in:1596 out:1597 type:b dur:2 cpbdur:2 q:11.06 aq:15.04 tex:69 mv:45 misc:254 imb:0 pmb:10 smb:2030 d:- ref:0 ;
in:1601 out:1598 type:P dur:2 cpbdur:2 q:8.15 aq:2.03 tex:364266 mv:627 misc:1267 imb:19 pmb:1570 smb:451 d:s ref:0 ;
in:1599 out:1599 type:B dur:2 cpbdur:2 q:11.04 aq:12.28 tex:11594 mv:279 misc:655 imb:0 pmb:119 smb:1921 d:s ref:0 ;
in:1598 out:1600 type:b dur:2 cpbdur:2 q:11.07 aq:14.82 tex:4777 mv:129 misc:366 imb:0 pmb:47 smb:1993 d:s ref:0 ;
in:1600 out:1601 type:b dur:2 cpbdur:2 q:11.01 aq:13.98 tex:4551 mv:93 misc:356 imb:0 pmb:48 smb:1992 d:- ref:0 ;
in:1603 out:1602 type:P dur:2 cpbdur:2 q:8.36 aq:1.89 tex:289740 mv:544 misc:1300 imb:18 pmb:1353 smb:669 d:s ref:0 ;
in:1602 out:1603 type:b dur:2 cpbdur:2 q:8.41 aq:10.59 tex:7212 mv:190 misc:574 imb:0 pmb:98 smb:1942 d:s ref:0 ;
in:1607 out:1604 type:P dur:2 cpbdur:2 q:6.65 aq:0.89 tex:906099 mv:5504 misc:1221 imb:482 pmb:1174 smb:384 d:s ref:0 ;
in:1605 out:1605 type:B dur:2 cpbdur:2 q:8.35 aq:8.44 tex:19975 mv:456 misc:841 imb:12 pmb:227 smb:1801 d:s ref:0 ;
in:1604 out:1606 type:b dur:2 cpbdur:2 q:8.35 aq:10.87 tex:8893 mv:254 misc:621 imb:0 pmb:184 smb:1856 d:s ref:0 ;
in:1606 out:1607 type:b dur:2 cpbdur:2 q:8.34 aq:9.39 tex:4510 mv:175 misc:443 imb:0 pmb:87 smb:1953 d:- ref:0 ;
in:1611 out:1608 type:P dur:2 cpbdur:2 q:7.51 aq:1.13 tex:256352 mv:896 misc:1624 imb:30 pmb:1394 smb:616 d:s ref:0 ;
in:1609 out:1609 type:B dur:2 cpbdur:2 q:7.67 aq:7.70 tex:19252 mv:423 misc:813 imb:0 pmb:194 smb:1846 d:s ref:0 ;
in:1608 out:1610 type:b dur:2 cpbdur:2 q:7.68 aq:7.80 tex:5701 mv:320 misc:459 imb:12 pmb:98 smb:1930 d:s ref:0 ;
in:1610 out:1611 type:b dur:2 cpbdur:2 q:7.66 aq:8.49 tex:6412 mv:241 misc:539 imb:0 pmb:110 smb:1930 d:- ref:0 ;
in:1615 out:1612 type:P dur:2 cpbdur:2 q:7.83 aq:1.48 tex:459672 mv:954 misc:974 imb:37 pmb:1642 smb:361 d:s ref:0 ;
in:1613 out:1613 type:B dur:2 cpbdur:2 q:7.81 aq:7.75 tex:16185 mv:501 misc:1530 imb:0 pmb:428 smb:1612 d:s ref:0 ;
in:1612 out:1614 type:b dur:2 cpbdur:2 q:7.80 aq:7.79 tex:6871 mv:290 misc:863 imb:0 pmb:181 smb:1859 d:s ref:0 ;
in:1614 out:1615 type:b dur:2 cpbdur:2 q:7.82 aq:9.03 tex:5212 mv:240 misc:564 imb:0 pmb:106 smb:1934 d:- ref:0 ;
in:1619 out:1616 type:P dur:2 cpbdur:2 q:7.05 aq:1.25 tex:160055 mv:508 misc:1741 imb:15 pmb:1191 smb:834 d:s ref:0 ;
in:1617 out:1617 type:B dur:2 cpbdur:2 q:7.80 aq:7.27 tex:7259 mv:261 misc:544 imb:0 pmb:118 smb:1922 d:s ref:0 ;
in:1616 out:1618 type:b dur:2 cpbdur:2 q:7.82 aq:8.85 tex:1481 mv:104 misc:391 imb:0 pmb:45 smb:1995 d:s ref:0 ;
in:1618 out:1619 type:b dur:2 cpbdur:2 q:7.78 aq:7.49 tex:1109 mv:160 misc:427 imb:0 pmb:56 smb:1984 d:- ref:0 ;
in:1623 out:1620 type:P dur:2 cpbdur:2 q:7.37 aq:2.25 tex:855593 mv:1590 misc:801 imb:144 pmb:1664 smb:232 d:s ref:0 ;
in:1621 out:1621 type:B dur:2 cpbdur:2 q:7.37 aq:6.69 tex:58727 mv:664 misc:1145 imb:14 pmb:427 smb:1599 d:s ref:0 ;
in:1620 out:1622 type:b dur:2 cpbdur:2 q:7.37 aq:8.71 tex:25761 mv:775 misc:1632 imb:19 pmb:445 smb:1576 d:s ref:0 ;
in:1622 out:1623 type:b dur:2 cpbdur:2 q:7.37 aq:7.46 tex:6187 mv:418 misc:819 imb:3 pmb:181 smb:1856 d:- ref:0 ;
in:1624 out:1624 type:P dur:2 cpbdur:2 q:7.38 aq:2.35 tex:588802 mv:4361 misc:965 imb:426 pmb:1333 smb:281 d:s ref:0 ;
in:1628 out:1625 type:P dur:2 cpbdur:2 q:5.53 aq:0.82 tex:566015 mv:4835 misc:1542 imb:375 pmb:1130 smb:535 d:s ref:0 ;
in:1626 out:1626 type:B dur:2 cpbdur:2 q:7.44 aq:7.30 tex:142002 mv:2231 misc:695 imb:95 pmb:435 smb:1510 d:s ref:0 ;
in:1625 out:1627 type:b dur:2 cpbdur:2 q:7.50 aq:9.25 tex:36674 mv:1411 misc:803 imb:69 pmb:292 smb:1679 d:s ref:0 ;
in:1627 out:1628 type:b dur:2 cpbdur:2 q:7.50 aq:9.78 tex:87702 mv:2330 misc:568 imb:63 pmb:382 smb:1595 d:- ref:0 ;
in:1629 out:1629 type:P dur:2 cpbdur:2 q:5.67 aq:0.72 tex:285900 mv:1896 misc:1852 imb:109 pmb:1116 smb:815 d:s ref:0 ;
in:1631 out:1630 type:P dur:2 cpbdur:2 q:5.96 aq:0.91 tex:275623 mv:1610 misc:1879 imb:92 pmb:1093 smb:855 d:s ref:0 ;
in:1630 out:1631 type:b dur:2 cpbdur:2 q:5.98 aq:8.63 tex:129706 mv:2044 misc:594 imb:70 pmb:370 smb:1600 d:t ref:0 ;
in:1632 out:1632 type:P dur:2 cpbdur:2 q:7.35 aq:1.16 tex:195274 mv:1294 misc:1888 imb:79 pmb:1110 smb:851 d:s ref:0 ;
in:1634 out:1633 type:P dur:2 cpbdur:2 q:7.33 aq:1.11 tex:331450 mv:2169 misc:1837 imb:103 pmb:1094 smb:843 d:s ref:0 ;
in:1633 out:1634 type:b dur:2 cpbdur:2 q:7.35 aq:9.96 tex:83228 mv:1505 misc:555 imb:60 pmb:348 smb:1632 d:s ref:0 ;
in:1638 out:1635 type:P dur:2 cpbdur:2 q:7.26 aq:1.40 tex:180752 mv:918 misc:1850 imb:30 pmb:1053 smb:957 d:s ref:0 ;
in:1636 out:1636 type:B dur:2 cpbdur:2 q:7.33 aq:6.27 tex:27184 mv:354 misc:710 imb:0 pmb:196 smb:1844 d:s ref:0 ;
in:1635 out:1637 type:b dur:2 cpbdur:2 q:7.33 aq:7.95 tex:13665 mv:306 misc:517 imb:1 pmb:145 smb:1894 d:s ref:0 ;
in:1637 out:1638 type:b dur:2 cpbdur:2 q:7.33 aq:7.72 tex:12226 mv:302 misc:616 imb:2 pmb:155 smb:1883 d:- ref:0 ;
in:1642 out:1639 type:P dur:2 cpbdur:2 q:6.43 aq:0.52 tex:98923 mv:339 misc:1818 imb:6 pmb:877 smb:1157 d:s ref:0 ;
in:1640 out:1640 type:B dur:2 cpbdur:2 q:7.29 aq:6.53 tex:7451 mv:217 misc:500 imb:0 pmb:110 smb:1930 d:s ref:0 ;
in:1639 out:1641 type:b dur:2 cpbdur:2 q:7.32 aq:7.61 tex:4626 mv:154 misc:476 imb:0 pmb:70 smb:1970 d:s ref:0 ;
in:1641 out:1642 type:b dur:2 cpbdur:2 q:7.27 aq:7.06 tex:9835 mv:127 misc:454 imb:0 pmb:58 smb:1982 d:- ref:0 ;
in:1646 out:1643 type:P dur:2 cpbdur:2 q:4.19 aq:0.12 tex:559523 mv:4938 misc:1619 imb:541 pmb:961 smb:538 d:s ref:0 ;
in:1644 out:1644 type:B dur:2 cpbdur:2 q:6.55 aq:4.71 tex:251072 mv:4814 misc:730 imb:326 pmb:282 smb:1432 d:s ref:0 ;
in:1643 out:1645 type:b dur:2 cpbdur:2 q:6.60 aq:5.71 tex:9254 mv:274 misc:712 imb:0 pmb:190 smb:1850 d:s ref:0 ;
in:1645 out:1646 type:b dur:2 cpbdur:2 q:6.60 aq:9.27 tex:13839 mv:320 misc:873 imb:0 pmb:260 smb:1780 d:- ref:0 ;
in:1650 out:1647 type:P dur:2 cpbdur:2 q:4.63 aq:0.22 tex:381068 mv:2657 misc:1475 imb:235 pmb:1363 smb:442 d:s ref:0 ;
in:1648 out:1648 type:B dur:2 cpbdur:2 q:4.66 aq:3.03 tex:56615 mv:980 misc:1597 imb:3 pmb:606 smb:1431 d:s ref:0 ;
in:1647 out:1649 type:b dur:2 cpbdur:2 q:4.66 aq:4.78 tex:29070 mv:456 misc:1002 imb:0 pmb:403 smb:1637 d:s ref:0 ;
in:1649 out:1650 type:b dur:2 cpbdur:2 q:4.67 aq:4.13 tex:19591 mv:492 misc:1013 imb:0 pmb:278 smb:1762 d:- ref:0 ;
in:1654 out:1651 type:P dur:2 cpbdur:2 q:4.25 aq:0.34 tex:164905 mv:723 misc:2004 imb:6 pmb:1127 smb:907 d:s ref:0 ;
in:1652 out:1652 type:B dur:2 cpbdur:2 q:4.77 aq:3.45 tex:33544 mv:400 misc:1088 imb:0 pmb:261 smb:1779 d:s ref:0 ;
in:1651 out:1653 type:b dur:2 cpbdur:2 q:4.79 aq:4.88 tex:19597 mv:381 misc:886 imb:0 pmb:225 smb:1815 d:s ref:0 ;
in:1653 out:1654 type:b dur:2 cpbdur:2 q:4.75 aq:4.65 tex:17653 mv:247 misc:692 imb:0 pmb:172 smb:1868 d:- ref:0 ;
in:1658 out:1655 type:P dur:2 cpbdur:2 q:4.45 aq:0.82 tex:322571 mv:1890 misc:1691 imb:53 pmb:1339 smb:648 d:s ref:0 ;
in:1656 out:1656 type:B dur:2 cpbdur:2 q:4.64 aq:2.74 tex:27269 mv:289 misc:970 imb:0 pmb:263 smb:1777 d:s ref:0 ;
in:1655 out:1657 type:b dur:2 cpbdur:2 q:4.65 aq:4.82 tex:12976 mv:190 misc:674 imb:0 pmb:169 smb:1871 d:s ref:0 ;
in:1657 out:1658 type:b dur:2 cpbdur:2 q:4.62 aq:4.81 tex:13398 mv:244 misc:734 imb:0 pmb:211 smb:1829 d:- ref:0 ;
in:1659 out:1659 type:P dur:2 cpbdur:2 q:3.69 aq:0.48 tex:488595 mv:4264 misc:1693 imb:229 pmb:1234 smb:577 d:s ref:0 ;
in:1662 out:1660 type:P dur:2 cpbdur:2 q:3.73 aq:0.54 tex:501908 mv:4370 misc:1610 imb:297 pmb:1122 smb:621 d:s ref:0 ;
in:1660 out:1661 type:B dur:2 cpbdur:2 q:4.01 aq:4.29 tex:127792 mv:1639 misc:1073 imb:10 pmb:680 smb:1350 d:s ref:0 ;
in:1661 out:1662 type:b dur:2 cpbdur:2 q:4.02 aq:5.59 tex:156123 mv:2324 misc:761 imb:13 pmb:607 smb:1420 d:- ref:0 ;
in:1666 out:1663 type:P dur:2 cpbdur:2 q:3.82 aq:0.38 tex:461972 mv:4110 misc:1742 imb:228 pmb:1185 smb:627 d:s ref:0 ;
in:1664 out:1664 type:B dur:2 cpbdur:2 q:4.03 aq:3.00 tex:193575 mv:2127 misc:1058 imb:13 pmb:643 smb:1384 d:s ref:0 ;
in:1663 out:1665 type:b dur:2 cpbdur:2 q:4.03 aq:5.50 tex:74250 mv:1357 misc:961 imb:8 pmb:548 smb:1484 d:s ref:0 ;
in:1665 out:1666 type:b dur:2 cpbdur:2 q:4.02 aq:3.94 tex:12365 mv:434 misc:1129 imb:0 pmb:318 smb:1722 d:- ref:0 ;
in:1668 out:1667 type:P dur:2 cpbdur:2 q:4.53 aq:0.53 tex:197496 mv:950 misc:1834 imb:40 pmb:1294 smb:706 d:s ref:0 ;
in:1667 out:1668 type:b dur:2 cpbdur:2 q:4.52 aq:5.80 tex:122500 mv:1528 misc:716 imb:11 pmb:525 smb:1504 d:t ref:0 ;
in:1671 out:1669 type:P dur:2 cpbdur:2 q:4.73 aq:0.88 tex:271478 mv:1260 misc:1790 imb:28 pmb:1304 smb:708 d:s ref:0 ;
in:1669 out:1670 type:B dur:2 cpbdur:2 q:4.81 aq:3.93 tex:27709 mv:250 misc:1185 imb:0 pmb:348 smb:1692 d:s ref:0 ;
in:1670 out:1671 type:b dur:2 cpbdur:2 q:4.82 aq:4.47 tex:12642 mv:291 misc:843 imb:0 pmb:172 smb:1868 d:- ref:0 ;
in:1673 out:1672 type:P dur:2 cpbdur:2 q:3.95 aq:1.00 tex:300536 mv:2988 misc:1756 imb:92 pmb:1243 smb:705 d:s ref:0 ;
in:1672 out:1673 type:b dur:2 cpbdur:2 q:4.76 aq:4.69 tex:13876 mv:261 misc:967 imb:0 pmb:262 smb:1778 d:s ref:0 ;
in:1677 out:1674 type:P dur:2 cpbdur:2 q:1.62 aq:0.03 tex:505141 mv:4224 misc:1763 imb:219 pmb:1183 smb:638 d:s ref:0 ;
in:1675 out:1675 type:B dur:2 cpbdur:2 q:4.14 aq:4.13 tex:205393 mv:1973 misc:922 imb:18 pmb:668 smb:1354 d:s ref:0 ;
in:1674 out:1676 type:b dur:2 cpbdur:2 q:4.77 aq:6.73 tex:193737 mv:2814 misc:601 imb:65 pmb:557 smb:1418 d:s ref:0 ;
in:1676 out:1677 type:b dur:2 cpbdur:2 q:4.26 aq:6.10 tex:132709 mv:1065 misc:778 imb:12 pmb:604 smb:1424 d:- ref:0 ;
in:1679 out:1678 type:P dur:2 cpbdur:2 q:2.08 aq:0.03 tex:271271 mv:1343 misc:1778 imb:48 pmb:1338 smb:654 d:s ref:0 ;
in:1678 out:1679 type:b dur:2 cpbdur:2 q:2.08 aq:3.58 tex:191021 mv:2211 misc:1216 imb:11 pmb:722 smb:1307 d:s ref:0 ;
in:1683 out:1680 type:P dur:2 cpbdur:2 q:5.97 aq:0.38 tex:978572 mv:2638 misc:502 imb:97 pmb:1799 smb:144 d:s ref:0 ;
in:1681 out:1681 type:B dur:2 cpbdur:2 q:5.95 aq:6.19 tex:175132 mv:2372 misc:1152 imb:12 pmb:745 smb:1283 d:s ref:0 ;
in:1680 out:1682 type:b dur:2 cpbdur:2 q:5.94 aq:7.25 tex:74301 mv:1093 misc:974 imb:8 pmb:650 smb:1382 d:s ref:0 ;
in:1682 out:1683 type:b dur:2 cpbdur:2 q:5.96 aq:7.28 tex:105990 mv:1529 misc:833 imb:13 pmb:551 smb:1476 d:- ref:0 ;
in:1687 out:1684 type:P dur:2 cpbdur:2 q:6.52 aq:0.53 tex:206962 mv:622 misc:1304 imb:28 pmb:1600 smb:412 d:s ref:0 ;
in:1685 out:1685 type:B dur:2 cpbdur:2 q:6.69 aq:4.71 tex:12016 mv:525 misc:1131 imb:0 pmb:281 smb:1759 d:s ref:0 ;
in:1684 out:1686 type:b dur:2 cpbdur:2 q:6.71 aq:6.61 tex:4111 mv:249 misc:680 imb:2 pmb:114 smb:1924 d:s ref:0 ;
in:1686 out:1687 type:b dur:2 cpbdur:2 q:6.68 aq:7.84 tex:2558 mv:198 misc:540 imb:0 pmb:72 smb:1968 d:- ref:0 ;
in:1691 out:1688 type:P dur:2 cpbdur:2 q:6.50 aq:0.64 tex:152194 mv:467 misc:1963 imb:17 pmb:1144 smb:879 d:s ref:0 ;
in:1689 out:1689 type:B dur:2 cpbdur:2 q:6.81 aq:5.30 tex:26355 mv:388 misc:825 imb:0 pmb:190 smb:1850 d:s ref:0 ;
in:1688 out:1690 type:b dur:2 cpbdur:2 q:6.82 aq:8.42 tex:6647 mv:188 misc:477 imb:0 pmb:74 smb:1966 d:s ref:0 ;
in:1690 out:1691 type:b dur:2 cpbdur:2 q:6.81 aq:7.78 tex:12050 mv:104 misc:446 imb:0 pmb:85 smb:1955 d:- ref:0 ;
in:1695 out:1692 type:P dur:2 cpbdur:2 q:3.76 aq:0.66 tex:153674 mv:596 misc:2010 imb:6 pmb:1045 smb:989 d:s ref:0 ;
in:1693 out:1693 type:B dur:2 cpbdur:2 q:6.73 aq:4.64 tex:21258 mv:244 misc:738 imb:0 pmb:170 smb:1870 d:s ref:0 ;
in:1692 out:1694 type:b dur:2 cpbdur:2 q:6.71 aq:8.74 tex:5839 mv:137 misc:472 imb:0 pmb:81 smb:1959 d:s ref:0 ;
in:1694 out:1695 type:b dur:2 cpbdur:2 q:6.74 aq:8.18 tex:5895 mv:103 misc:442 imb:0 pmb:82 smb:1958 d:- ref:0 ;
in:1699 out:1696 type:P dur:2 cpbdur:2 q:2.88 aq:0.18 tex:153682 mv:669 misc:1969 imb:5 pmb:1024 smb:1011 d:s ref:0 ;
in:1697 out:1697 type:B dur:2 cpbdur:2 q:4.13 aq:2.04 tex:34840 mv:288 misc:1160 imb:0 pmb:270 smb:1770 d:s ref:0 ;
in:1696 out:1698 type:b dur:2 cpbdur:2 q:4.19 aq:4.31 tex:11397 mv:161 misc:650 imb:0 pmb:128 smb:1912 d:s ref:0 ;
in:1698 out:1699 type:b dur:2 cpbdur:2 q:4.16 aq:4.41 tex:15405 mv:229 misc:678 imb:0 pmb:145 smb:1895 d:- ref:0 ;
in:1703 out:1700 type:P dur:2 cpbdur:2 q:2.40 aq:0.05 tex:740016 mv:5206 misc:1178 imb:433 pmb:1252 smb:355 d:s ref:0 ;
in:1701 out:1701 type:B dur:2 cpbdur:2 q:3.69 aq:2.73 tex:67652 mv:1154 misc:1906 imb:0 pmb:768 smb:1272 d:s ref:0 ;
in:1700 out:1702 type:b dur:2 cpbdur:2 q:3.84 aq:4.36 tex:28787 mv:546 misc:1227 imb:1 pmb:371 smb:1668 d:s ref:0 ;
in:1702 out:1703 type:b dur:2 cpbdur:2 q:3.87 aq:4.26 tex:13449 mv:452 misc:1123 imb:0 pmb:247 smb:1793 d:- ref:0 ;
in:1707 out:1704 type:P dur:2 cpbdur:2 q:2.50 aq:0.32 tex:160081 mv:802 misc:1965 imb:33 pmb:1056 smb:951 d:s ref:0 ;
in:1705 out:1705 type:B dur:2 cpbdur:2 q:2.91 aq:1.89 tex:59437 mv:761 misc:1602 imb:8 pmb:461 smb:1571 d:s ref:0 ;
in:1704 out:1706 type:b dur:2 cpbdur:2 q:3.27 aq:4.11 tex:20148 mv:336 misc:956 imb:0 pmb:218 smb:1822 d:s ref:0 ;
in:1706 out:1707 type:b dur:2 cpbdur:2 q:3.26 aq:4.15 tex:13135 mv:357 misc:732 imb:3 pmb:165 smb:1872 d:- ref:0 ;
in:1711 out:1708 type:P dur:2 cpbdur:2 q:2.17 aq:0.18 tex:113081 mv:339 misc:1932 imb:7 pmb:1027 smb:1006 d:s ref:0 ;
in:1709 out:1709 type:B dur:2 cpbdur:2 q:2.84 aq:1.99 tex:30521 mv:445 misc:1434 imb:0 pmb:378 smb:1662 d:s ref:0 ;
in:1708 out:1710 type:b dur:2 cpbdur:2 q:3.20 aq:3.98 tex:6797 mv:314 misc:793 imb:0 pmb:156 smb:1884 d:s ref:0 ;
in:1710 out:1711 type:b dur:2 cpbdur:2 q:3.18 aq:4.04 tex:14006 mv:267 misc:735 imb:0 pmb:126 smb:1914 d:- ref:0 ;
in:1714 out:1712 type:P dur:2 cpbdur:2 q:2.12 aq:0.18 tex:400414 mv:3142 misc:1820 imb:149 pmb:1061 smb:830 d:s ref:0 ;
in:1712 out:1713 type:B dur:2 cpbdur:2 q:2.76 aq:2.63 tex:29885 mv:351 misc:1308 imb:0 pmb:370 smb:1670 d:s ref:0 ;
in:1713 out:1714 type:b dur:2 cpbdur:2 q:3.04 aq:4.42 tex:120056 mv:1397 misc:787 imb:2 pmb:422 smb:1616 d:- ref:0 ;
in:1716 out:1715 type:P dur:2 cpbdur:2 q:2.10 aq:0.28 tex:297486 mv:1831 misc:1803 imb:28 pmb:1129 smb:883 d:s ref:0 ;
in:1715 out:1716 type:b dur:2 cpbdur:2 q:2.51 aq:3.68 tex:120730 mv:1390 misc:936 imb:8 pmb:467 smb:1565 d:s ref:0 ;
in:1719 out:1717 type:P dur:2 cpbdur:2 q:3.22 aq:0.31 tex:599005 mv:2045 misc:726 imb:67 pmb:1752 smb:221 d:s ref:0 ;
in:1717 out:1718 type:B dur:2 cpbdur:2 q:3.22 aq:3.01 tex:125228 mv:1270 misc:1358 imb:7 pmb:586 smb:1447 d:s ref:0 ;
in:1718 out:1719 type:b dur:2 cpbdur:2 q:3.22 aq:4.33 tex:152819 mv:3084 misc:1841 imb:12 pmb:1116 smb:912 d:- ref:0 ;
in:1720 out:1720 type:P dur:2 cpbdur:2 q:3.41 aq:0.25 tex:431530 mv:2009 misc:853 imb:76 pmb:1714 smb:250 d:s ref:0 ;
in:1723 out:1721 type:P dur:2 cpbdur:2 q:3.41 aq:0.20 tex:370903 mv:2046 misc:1211 imb:55 pmb:1575 smb:410 d:s ref:0 ;
in:1721 out:1722 type:B dur:2 cpbdur:2 q:3.41 aq:3.04 tex:82324 mv:1576 misc:1708 imb:19 pmb:726 smb:1295 d:s ref:0 ;
in:1722 out:1723 type:b dur:2 cpbdur:2 q:3.41 aq:4.27 tex:119658 mv:1998 misc:1264 imb:7 pmb:572 smb:1461 d:- ref:0 ;
in:1725 out:1724 type:P dur:2 cpbdur:2 q:3.53 aq:0.30 tex:430088 mv:641 misc:1095 imb:11 pmb:1680 smb:349 d:s ref:0 ;
in:1724 out:1725 type:b dur:2 cpbdur:2 q:3.53 aq:3.98 tex:38803 mv:1151 misc:1926 imb:0 pmb:788 smb:1252 d:s ref:0 ;
in:1727 out:1726 type:P dur:2 cpbdur:2 q:3.16 aq:0.54 tex:339116 mv:2025 misc:1363 imb:49 pmb:1544 smb:447 d:s ref:0 ;
in:1726 out:1727 type:b dur:2 cpbdur:2 q:3.53 aq:4.64 tex:109414 mv:1909 misc:1237 imb:18 pmb:544 smb:1478 d:s ref:0 ;
in:1728 out:1728 type:P dur:2 cpbdur:2 q:3.04 aq:0.19 tex:301846 mv:1521 misc:1457 imb:46 pmb:1499 smb:495 d:s ref:0 ;
in:1729 out:1729 type:P dur:2 cpbdur:2 q:2.74 aq:0.11 tex:271316 mv:1708 misc:1704 imb:26 pmb:1368 smb:646 d:s ref:0 ;
in:1732 out:1730 type:P dur:2 cpbdur:2 q:2.43 aq:0.29 tex:264245 mv:1627 misc:1816 imb:35 pmb:1236 smb:769 d:s ref:0 ;
in:1730 out:1731 type:B dur:2 cpbdur:2 q:2.79 aq:2.84 tex:99130 mv:1517 misc:1265 imb:11 pmb:607 smb:1422 d:t ref:0 ;
in:1731 out:1732 type:b dur:2 cpbdur:2 q:2.85 aq:2.63 tex:16701 mv:533 misc:1198 imb:0 pmb:334 smb:1706 d:- ref:0 ;
in:1736 out:1733 type:P dur:2 cpbdur:2 q:2.43 aq:0.29 tex:129213 mv:389 misc:1966 imb:5 pmb:1155 smb:880 d:s ref:0 ;
in:1734 out:1734 type:B dur:2 cpbdur:2 q:2.85 aq:1.64 tex:51884 mv:756 misc:1784 imb:0 pmb:569 smb:1471 d:s ref:0 ;
in:1733 out:1735 type:b dur:2 cpbdur:2 q:3.29 aq:3.45 tex:19664 mv:391 misc:1041 imb:0 pmb:247 smb:1793 d:s ref:0 ;
in:1735 out:1736 type:b dur:2 cpbdur:2 q:2.96 aq:3.04 tex:21618 mv:239 misc:991 imb:0 pmb:224 smb:1816 d:- ref:0 ;
in:1739 out:1737 type:P dur:2 cpbdur:2 q:2.46 aq:0.10 tex:137975 mv:404 misc:1909 imb:2 pmb:1258 smb:780 d:s ref:0 ;
in:1737 out:1738 type:B dur:2 cpbdur:2 q:2.74 aq:2.16 tex:30719 mv:197 misc:1340 imb:0 pmb:366 smb:1674 d:s ref:0 ;
in:1738 out:1739 type:b dur:2 cpbdur:2 q:2.92 aq:2.90 tex:19865 mv:239 misc:912 imb:0 pmb:208 smb:1832 d:- ref:0 ;
in:1742 out:1740 type:P dur:2 cpbdur:2 q:3.96 aq:0.12 tex:983226 mv:3014 misc:424 imb:163 pmb:1778 smb:99 d:s ref:0 ;
in:1740 out:1741 type:B dur:2 cpbdur:2 q:3.97 aq:4.57 tex:128740 mv:1319 misc:1925 imb:18 pmb:1076 smb:946 d:s ref:0 ;
in:1741 out:1742 type:b dur:2 cpbdur:2 q:3.97 aq:4.63 tex:107035 mv:1988 misc:1297 imb:1 pmb:610 smb:1429 d:- ref:0 ;
in:1746 out:1743 type:P dur:2 cpbdur:2 q:3.41 aq:0.34 tex:306100 mv:1188 misc:1360 imb:20 pmb:1551 smb:469 d:s ref:0 ;
in:1744 out:1744 type:B dur:2 cpbdur:2 q:3.96 aq:3.02 tex:135937 mv:2262 misc:1753 imb:0 pmb:791 smb:1249 d:s ref:0 ;
in:1743 out:1745 type:b dur:2 cpbdur:2 q:3.96 aq:3.39 tex:17331 mv:513 misc:1140 imb:0 pmb:314 smb:1726 d:s ref:0 ;
in:1745 out:1746 type:b dur:2 cpbdur:2 q:3.96 aq:4.85 tex:87216 mv:1016 misc:728 imb:0 pmb:417 smb:1623 d:- ref:0 ;
in:1748 out:1747 type:P dur:2 cpbdur:2 q:3.29 aq:0.26 tex:273072 mv:1161 misc:1879 imb:3 pmb:1238 smb:799 d:s ref:0 ;
in:1747 out:1748 type:b dur:2 cpbdur:2 q:3.41 aq:2.83 tex:20132 mv:372 misc:984 imb:1 pmb:258 smb:1781 d:s ref:0 ;
in:1752 out:1749 type:P dur:2 cpbdur:2 q:3.41 aq:0.47 tex:124376 mv:415 misc:1969 imb:1 pmb:926 smb:1113 d:s ref:0 ;
in:1750 out:1750 type:B dur:2 cpbdur:2 q:3.41 aq:1.96 tex:33928 mv:362 misc:1334 imb:0 pmb:365 smb:1675 d:s ref:0 ;
in:1749 out:1751 type:b dur:2 cpbdur:2 q:3.41 aq:2.92 tex:13732 mv:266 misc:930 imb:0 pmb:216 smb:1824 d:s ref:0 ;
in:1751 out:1752 type:b dur:2 cpbdur:2 q:3.41 aq:2.80 tex:13113 mv:264 misc:847 imb:0 pmb:178 smb:1862 d:- ref:0 ;
in:1756 out:1753 type:P dur:2 cpbdur:2 q:3.37 aq:0.21 tex:262213 mv:1546 misc:1881 imb:25 pmb:1284 smb:731 d:s ref:0 ;
in:1754 out:1754 type:B dur:2 cpbdur:2 q:3.61 aq:1.92 tex:30107 mv:441 misc:1444 imb:0 pmb:383 smb:1657 d:s ref:0 ;
in:1753 out:1755 type:b dur:2 cpbdur:2 q:3.60 aq:2.87 tex:6745 mv:254 misc:753 imb:0 pmb:151 smb:1889 d:s ref:0 ;
in:1755 out:1756 type:b dur:2 cpbdur:2 q:3.62 aq:3.28 tex:8240 mv:353 misc:975 imb:0 pmb:227 smb:1813 d:- ref:0 ;
in:1758 out:1757 type:P dur:2 cpbdur:2 q:3.45 aq:0.20 tex:314216 mv:1808 misc:1240 imb:53 pmb:1605 smb:382 d:s ref:0 ;
in:1757 out:1758 type:b dur:2 cpbdur:2 q:3.72 aq:4.64 tex:113069 mv:1865 misc:1266 imb:5 pmb:545 smb:1490 d:t ref:0 ;
in:1762 out:1759 type:P dur:2 cpbdur:2 q:3.52 aq:0.36 tex:288057 mv:1890 misc:1781 imb:20 pmb:1346 smb:674 d:s ref:0 ;
in:1760 out:1760 type:B dur:2 cpbdur:2 q:3.74 aq:2.42 tex:42774 mv:419 misc:1471 imb:0 pmb:413 smb:1627 d:s ref:0 ;
in:1759 out:1761 type:b dur:2 cpbdur:2 q:3.95 aq:3.26 tex:16347 mv:309 misc:912 imb:0 pmb:235 smb:1805 d:s ref:0 ;
in:1761 out:1762 type:b dur:2 cpbdur:2 q:3.94 aq:5.21 tex:106508 mv:1018 misc:682 imb:5 pmb:409 smb:1626 d:- ref:0 ;
in:1763 out:1763 type:P dur:2 cpbdur:2 q:3.34 aq:0.27 tex:267745 mv:1523 misc:1804 imb:33 pmb:1285 smb:722 d:s ref:0 ;
in:1765 out:1764 type:P dur:2 cpbdur:2 q:2.91 aq:0.14 tex:260264 mv:1594 misc:1918 imb:33 pmb:1251 smb:756 d:s ref:0 ;
in:1764 out:1765 type:b dur:2 cpbdur:2 q:3.96 aq:5.16 tex:96872 mv:1638 misc:730 imb:1 pmb:443 smb:1596 d:s ref:0 ;
in:1767 out:1766 type:P dur:2 cpbdur:2 q:3.00 aq:0.23 tex:141424 mv:453 misc:2019 imb:0 pmb:1156 smb:884 d:s ref:0 ;
in:1766 out:1767 type:b dur:2 cpbdur:2 q:3.41 aq:4.39 tex:115213 mv:1624 misc:747 imb:3 pmb:424 smb:1613 d:s ref:0 ;
in:1770 out:1768 type:P dur:2 cpbdur:2 q:2.56 aq:0.20 tex:288152 mv:1955 misc:1821 imb:38 pmb:1281 smb:721 d:s ref:0 ;
in:1768 out:1769 type:B dur:2 cpbdur:2 q:3.13 aq:3.07 tex:115097 mv:1664 misc:1095 imb:0 pmb:518 smb:1522 d:t ref:0 ;
in:1769 out:1770 type:b dur:2 cpbdur:2 q:3.24 aq:4.33 tex:113579 mv:1402 misc:715 imb:1 pmb:429 smb:1610 d:- ref:0 ;
in:1771 out:1771 type:P dur:2 cpbdur:2 q:2.50 aq:0.27 tex:260255 mv:1582 misc:1859 imb:22 pmb:1256 smb:762 d:s ref:0 ;
in:1773 out:1772 type:P dur:2 cpbdur:2 q:2.38 aq:0.24 tex:288676 mv:2014 misc:1862 imb:25 pmb:1285 smb:730 d:s ref:0 ;
in:1772 out:1773 type:b dur:2 cpbdur:2 q:3.18 aq:4.36 tex:127738 mv:1785 misc:861 imb:4 pmb:470 smb:1566 d:t ref:0 ;
in:1774 out:1774 type:P dur:2 cpbdur:2 q:2.01 aq:0.18 tex:283200 mv:1715 misc:1821 imb:34 pmb:1290 smb:716 d:s ref:0 ;
in:1775 out:1775 type:P dur:2 cpbdur:2 q:1.91 aq:0.16 tex:269685 mv:1821 misc:1838 imb:52 pmb:1241 smb:747 d:s ref:0 ;
in:1778 out:1776 type:P dur:2 cpbdur:2 q:1.72 aq:0.59 tex:266746 mv:1740 misc:1858 imb:30 pmb:938 smb:1072 d:s ref:0 ;
in:1776 out:1777 type:B dur:2 cpbdur:2 q:2.25 aq:2.30 tex:126998 mv:2191 misc:1379 imb:4 pmb:640 smb:1396 d:s ref:0 ;
in:1777 out:1778 type:b dur:2 cpbdur:2 q:2.46 aq:3.78 tex:115851 mv:1856 misc:965 imb:21 pmb:465 smb:1554 d:- ref:0 ;
in:1781 out:1779 type:P dur:2 cpbdur:2 q:3.10 aq:0.06 tex:215114 mv:1029 misc:1809 imb:32 pmb:1273 smb:735 d:s ref:0 ;
in:1779 out:1780 type:B dur:2 cpbdur:2 q:3.29 aq:2.60 tex:25442 mv:610 misc:1172 imb:0 pmb:368 smb:1672 d:s ref:0 ;
in:1780 out:1781 type:b dur:2 cpbdur:2 q:3.29 aq:4.09 tex:108635 mv:1459 misc:810 imb:0 pmb:431 smb:1609 d:- ref:0 ;
in:1785 out:1782 type:P dur:2 cpbdur:2 q:3.97 aq:0.30 tex:158736 mv:538 misc:1950 imb:5 pmb:1113 smb:922 d:s ref:0 ;
in:1783 out:1783 type:B dur:2 cpbdur:2 q:3.96 aq:2.96 tex:159974 mv:1947 misc:951 imb:14 pmb:456 smb:1570 d:s ref:0 ;
in:1782 out:1784 type:b dur:2 cpbdur:2 q:3.95 aq:4.69 tex:92651 mv:1429 misc:688 imb:0 pmb:404 smb:1636 d:s ref:0 ;
in:1784 out:1785 type:b dur:2 cpbdur:2 q:3.96 aq:4.31 tex:60093 mv:689 misc:666 imb:0 pmb:413 smb:1627 d:- ref:0 ;
in:1786 out:1786 type:P dur:2 cpbdur:2 q:4.47 aq:0.31 tex:200705 mv:844 misc:1899 imb:19 pmb:1175 smb:846 d:s ref:0 ;
in:1787 out:1787 type:P dur:2 cpbdur:2 q:3.82 aq:0.28 tex:102808 mv:278 misc:2034 imb:1 pmb:1120 smb:919 d:s ref:0 ;
in:1788 out:1788 type:P dur:2 cpbdur:2 q:3.69 aq:0.26 tex:260373 mv:1180 misc:1847 imb:14 pmb:1239 smb:787 d:s ref:0 ;
in:1792 out:1789 type:P dur:2 cpbdur:2 q:3.29 aq:0.28 tex:301579 mv:1860 misc:1825 imb:35 pmb:1196 smb:809 d:s ref:0 ;
in:1790 out:1790 type:B dur:2 cpbdur:2 q:3.69 aq:2.25 tex:38344 mv:249 misc:1159 imb:0 pmb:368 smb:1672 d:s ref:0 ;
in:1789 out:1791 type:b dur:2 cpbdur:2 q:3.69 aq:3.13 tex:19037 mv:284 misc:815 imb:0 pmb:203 smb:1837 d:s ref:0 ;
in:1791 out:1792 type:b dur:2 cpbdur:2 q:3.69 aq:5.06 tex:96511 mv:1558 misc:787 imb:20 pmb:430 smb:1590 d:- ref:0 ;
in:1795 out:1793 type:P dur:2 cpbdur:2 q:3.70 aq:0.42 tex:276945 mv:1566 misc:1817 imb:30 pmb:1255 smb:755 d:s ref:0 ;
in:1793 out:1794 type:B dur:2 cpbdur:2 q:3.68 aq:2.88 tex:24554 mv:240 misc:1102 imb:0 pmb:320 smb:1720 d:s ref:0 ;
in:1794 out:1795 type:b dur:2 cpbdur:2 q:3.69 aq:3.98 tex:12518 mv:295 misc:835 imb:0 pmb:199 smb:1841 d:- ref:0 ;
in:1796 out:1796 type:P dur:2 cpbdur:2 q:4.19 aq:0.49 tex:194715 mv:1115 misc:1786 imb:31 pmb:1262 smb:747 d:s ref:0 ;
in:1797 out:1797 type:P dur:2 cpbdur:2 q:4.17 aq:0.46 tex:196178 mv:1214 misc:1872 imb:39 pmb:1224 smb:777 d:s ref:0 ;
in:1798 out:1798 type:P dur:2 cpbdur:2 q:4.17 aq:0.37 tex:233581 mv:1571 misc:1808 imb:37 pmb:1256 smb:747 d:s ref:0 ;
in:1802 out:1799 type:P dur:2 cpbdur:2 q:3.19 aq:0.05 tex:527048 mv:2106 misc:942 imb:79 pmb:1660 smb:301 d:s ref:0 ;
in:1800 out:1800 type:B dur:2 cpbdur:2 q:4.32 aq:3.63 tex:132118 mv:2091 misc:1343 imb:6 pmb:621 smb:1413 d:s ref:0 ;
in:1799 out:1801 type:b dur:2 cpbdur:2 q:4.51 aq:5.33 tex:80951 mv:1426 misc:655 imb:4 pmb:387 smb:1649 d:s ref:0 ;
in:1801 out:1802 type:b dur:2 cpbdur:2 q:4.42 aq:4.52 tex:43651 mv:976 misc:1573 imb:0 pmb:634 smb:1406 d:- ref:0 ;
in:1805 out:1803 type:P dur:2 cpbdur:2 q:4.71 aq:0.09 tex:252836 mv:1037 misc:1559 imb:34 pmb:1451 smb:555 d:s ref:0 ;
in:1803 out:1804 type:B dur:2 cpbdur:2 q:4.69 aq:4.35 tex:113162 mv:2357 misc:1081 imb:0 pmb:482 smb:1558 d:s ref:0 ;
in:1804 out:1805 type:b dur:2 cpbdur:2 q:4.70 aq:5.65 tex:83559 mv:964 misc:581 imb:1 pmb:364 smb:1675 d:- ref:0 ;
in:1809 out:1806 type:P dur:2 cpbdur:2 q:5.02 aq:0.20 tex:195783 mv:974 misc:1811 imb:16 pmb:1320 smb:704 d:s ref:0 ;
in:1807 out:1807 type:B dur:2 cpbdur:2 q:5.02 aq:3.37 tex:29364 mv:332 misc:1064 imb:0 pmb:244 smb:1796 d:s ref:0 ;
in:1806 out:1808 type:b dur:2 cpbdur:2 q:5.02 aq:4.60 tex:9795 mv:223 misc:574 imb:0 pmb:118 smb:1922 d:s ref:0 ;
in:1808 out:1809 type:b dur:2 cpbdur:2 q:5.02 aq:4.23 tex:10581 mv:244 misc:655 imb:0 pmb:154 smb:1886 d:- ref:0 ;
in:1810 out:1810 type:P dur:2 cpbdur:2 q:4.84 aq:0.20 tex:140071 mv:735 misc:1978 imb:22 pmb:1168 smb:850 d:s ref:0 ;
in:1812 out:1811 type:P dur:2 cpbdur:2 q:4.49 aq:0.10 tex:177080 mv:1003 misc:2013 imb:17 pmb:1143 smb:880 d:s ref:0 ;
in:1811 out:1812 type:b dur:2 cpbdur:2 q:4.83 aq:4.30 tex:36627 mv:545 misc:668 imb:2 pmb:169 smb:1869 d:s ref:0 ;
in:1813 out:1813 type:P dur:2 cpbdur:2 q:4.65 aq:0.08 tex:152886 mv:689 misc:1961 imb:5 pmb:1148 smb:887 d:s ref:0 ;
in:1817 out:1814 type:P dur:2 cpbdur:2 q:4.65 aq:0.15 tex:203495 mv:1197 misc:1924 imb:14 pmb:1211 smb:815 d:s ref:0 ;
in:1815 out:1815 type:B dur:2 cpbdur:2 q:4.65 aq:2.96 tex:34593 mv:341 misc:1162 imb:0 pmb:322 smb:1718 d:s ref:0 ;
in:1814 out:1816 type:b dur:2 cpbdur:2 q:4.65 aq:3.47 tex:12038 mv:236 misc:798 imb:0 pmb:199 smb:1841 d:s ref:0 ;
in:1816 out:1817 type:b dur:2 cpbdur:2 q:4.65 aq:3.78 tex:16956 mv:169 misc:667 imb:0 pmb:162 smb:1878 d:- ref:0 ;
in:1821 out:1818 type:P dur:2 cpbdur:2 q:4.54 aq:0.21 tex:118032 mv:311 misc:1985 imb:1 pmb:1112 smb:927 d:s ref:0 ;
in:1819 out:1819 type:B dur:2 cpbdur:2 q:4.65 aq:2.77 tex:21823 mv:254 misc:963 imb:0 pmb:257 smb:1783 d:s ref:0 ;
in:1818 out:1820 type:b dur:2 cpbdur:2 q:4.65 aq:3.50 tex:8086 mv:160 misc:674 imb:0 pmb:142 smb:1898 d:s ref:0 ;
in:1820 out:1821 type:b dur:2 cpbdur:2 q:4.65 aq:3.45 tex:6240 mv:221 misc:683 imb:0 pmb:133 smb:1907 d:- ref:0 ;
in:1824 out:1822 type:P dur:2 cpbdur:2 q:4.22 aq:0.38 tex:303865 mv:2583 misc:1840 imb:84 pmb:1265 smb:691 d:s ref:0 ;
in:1822 out:1823 type:B dur:2 cpbdur:2 q:5.05 aq:4.02 tex:13018 mv:317 misc:913 imb:0 pmb:227 smb:1813 d:s ref:0 ;
in:1823 out:1824 type:b dur:2 cpbdur:2 q:5.10 aq:4.83 tex:29022 mv:874 misc:720 imb:4 pmb:223 smb:1813 d:- ref:0 ;
in:1826 out:1825 type:P dur:2 cpbdur:2 q:4.39 aq:0.21 tex:232406 mv:1705 misc:1865 imb:125 pmb:1191 smb:724 d:s ref:0 ;
in:1825 out:1826 type:b dur:2 cpbdur:2 q:4.63 aq:4.60 tex:55973 mv:647 misc:692 imb:18 pmb:185 smb:1837 d:s ref:0 ;
in:1829 out:1827 type:P dur:2 cpbdur:2 q:4.21 aq:0.22 tex:225734 mv:1334 misc:1892 imb:58 pmb:1211 smb:771 d:s ref:0 ;
in:1827 out:1828 type:B dur:2 cpbdur:2 q:4.55 aq:3.39 tex:73878 mv:954 misc:872 imb:15 pmb:247 smb:1778 d:s ref:0 ;
in:1828 out:1829 type:b dur:2 cpbdur:2 q:4.59 aq:5.07 tex:64165 mv:1009 misc:682 imb:10 pmb:220 smb:1810 d:- ref:0 ;
in:1830 out:1830 type:P dur:2 cpbdur:2 q:4.21 aq:3.62 tex:100262 mv:676 misc:1030 imb:25 pmb:281 smb:1734 d:s ref:0 ;
in:1831 out:1831 type:I dur:2 cpbdur:2 q:14.44 aq:5.12 tex:2196752 mv:73773 misc:195 imb:2040 pmb:0 smb:0 d:s ref:;
in:1835 out:1832 type:P dur:2 cpbdur:2 q:6.04 aq:0.66 tex:543283 mv:1025 misc:1004 imb:23 pmb:1673 smb:344 d:s ref:0 ;
in:1833 out:1833 type:B dur:2 cpbdur:2 q:14.02 aq:13.68 tex:5835 mv:149 misc:392 imb:0 pmb:75 smb:1965 d:s ref:0 ;
in:1832 out:1834 type:b dur:2 cpbdur:2 q:14.02 aq:9.93 tex:2036 mv:71 misc:293 imb:0 pmb:21 smb:2019 d:s ref:0 ;
in:1834 out:1835 type:b dur:2 cpbdur:2 q:14.02 aq:10.59 tex:334 mv:57 misc:265 imb:0 pmb:15 smb:2025 d:- ref:0 ;
in:1837 out:1836 type:P dur:2 cpbdur:2 q:2.88 aq:0.23 tex:305501 mv:1749 misc:1430 imb:128 pmb:1416 smb:496 d:s ref:0 ;
in:1836 out:1837 type:b dur:2 cpbdur:2 q:6.04 aq:6.70 tex:4466 mv:246 misc:624 imb:0 pmb:156 smb:1884 d:s ref:0 ;
in:1838 out:1838 type:P dur:2 cpbdur:2 q:1.93 aq:0.08 tex:241592 mv:1401 misc:1807 imb:64 pmb:1256 smb:720 d:s ref:0 ;
in:1839 out:1839 type:P dur:2 cpbdur:2 q:2.22 aq:0.13 tex:200188 mv:1111 misc:1909 imb:31 pmb:1180 smb:829 d:s ref:0 ;
in:1840 out:1840 type:P dur:2 cpbdur:2 q:2.22 aq:0.10 tex:198754 mv:1154 misc:1908 imb:34 pmb:1157 smb:849 d:s ref:0 ;
in:1841 out:1841 type:P dur:2 cpbdur:2 q:2.22 aq:0.08 tex:200749 mv:1292 misc:1895 imb:36 pmb:1141 smb:863 d:s ref:0 ;
in:1844 out:1842 type:P dur:2 cpbdur:2 q:2.15 aq:0.13 tex:215910 mv:1248 misc:1818 imb:49 pmb:1216 smb:775 d:s ref:0 ;
in:1842 out:1843 type:B dur:2 cpbdur:2 q:2.41 aq:2.69 tex:39212 mv:511 misc:1293 imb:1 pmb:429 smb:1610 d:s ref:0 ;
in:1843 out:1844 type:b dur:2 cpbdur:2 q:2.59 aq:3.81 tex:12936 mv:442 misc:1054 imb:0 pmb:257 smb:1783 d:- ref:0 ;
in:1846 out:1845 type:P dur:2 cpbdur:2 q:3.48 aq:0.15 tex:265104 mv:1726 misc:1906 imb:89 pmb:1101 smb:850 d:s ref:0 ;
in:1845 out:1846 type:b dur:2 cpbdur:2 q:3.67 aq:5.41 tex:46847 mv:729 misc:720 imb:5 pmb:204 smb:1831 d:s ref:0 ;
in:1848 out:1847 type:P dur:2 cpbdur:2 q:3.76 aq:0.05 tex:197063 mv:985 misc:1968 imb:34 pmb:1171 smb:835 d:s ref:0 ;
in:1847 out:1848 type:b dur:2 cpbdur:2 q:3.76 aq:5.17 tex:55994 mv:905 misc:565 imb:5 pmb:167 smb:1868 d:s ref:0 ;
in:1852 out:1849 type:P dur:2 cpbdur:2 q:3.09 aq:0.02 tex:369473 mv:1502 misc:1185 imb:49 pmb:1586 smb:405 d:s ref:0 ;
in:1850 out:1850 type:B dur:2 cpbdur:2 q:4.08 aq:3.34 tex:38406 mv:1030 misc:1820 imb:1 pmb:602 smb:1437 d:s ref:0 ;
in:1849 out:1851 type:b dur:2 cpbdur:2 q:4.10 aq:5.62 tex:71311 mv:986 misc:735 imb:7 pmb:212 smb:1821 d:s ref:0 ;
in:1851 out:1852 type:b dur:2 cpbdur:2 q:4.06 aq:4.72 tex:79607 mv:988 misc:1293 imb:2 pmb:357 smb:1681 d:- ref:0 ;
in:1856 out:1853 type:P dur:2 cpbdur:2 q:4.35 aq:0.25 tex:418483 mv:1109 misc:1064 imb:39 pmb:1671 smb:330 d:s ref:0 ;
in:1854 out:1854 type:B dur:2 cpbdur:2 q:4.43 aq:3.23 tex:59437 mv:901 misc:1942 imb:0 pmb:752 smb:1288 d:s ref:0 ;
in:1853 out:1855 type:b dur:2 cpbdur:2 q:4.43 aq:4.97 tex:26926 mv:753 misc:1489 imb:0 pmb:462 smb:1578 d:s ref:0 ;
in:1855 out:1856 type:b dur:2 cpbdur:2 q:4.42 aq:5.39 tex:15709 mv:347 misc:888 imb:0 pmb:202 smb:1838 d:- ref:0 ;
in:1858 out:1857 type:P dur:2 cpbdur:2 q:4.53 aq:0.31 tex:425632 mv:845 misc:1067 imb:25 pmb:1647 smb:368 d:s ref:0 ;
in:1857 out:1858 type:b dur:2 cpbdur:2 q:4.53 aq:4.86 tex:18287 mv:669 misc:1548 imb:0 pmb:480 smb:1560 d:s ref:0 ;
in:1862 out:1859 type:P dur:2 cpbdur:2 q:4.53 aq:0.39 tex:801389 mv:1586 misc:697 imb:106 pmb:1738 smb:196 d:s ref:0 ;
in:1860 out:1860 type:B dur:2 cpbdur:2 q:4.53 aq:4.50 tex:56936 mv:862 misc:1810 imb:9 pmb:636 smb:1395 d:s ref:0 ;
in:1859 out:1861 type:b dur:2 cpbdur:2 q:4.53 aq:5.37 tex:12934 mv:481 misc:1169 imb:0 pmb:325 smb:1715 d:s ref:0 ;
in:1861 out:1862 type:b dur:2 cpbdur:2 q:4.53 aq:3.99 tex:16970 mv:569 misc:989 imb:3 pmb:212 smb:1825 d:- ref:0 ;
in:1866 out:1863 type:P dur:2 cpbdur:2 q:2.68 aq:0.12 tex:425872 mv:2475 misc:1341 imb:89 pmb:1515 smb:436 d:s ref:0 ;
in:1864 out:1864 type:B dur:2 cpbdur:2 q:4.53 aq:2.98 tex:35970 mv:742 misc:1600 imb:0 pmb:467 smb:1573 d:s ref:0 ;
in:1863 out:1865 type:b dur:2 cpbdur:2 q:4.53 aq:5.59 tex:33796 mv:739 misc:1113 imb:2 pmb:295 smb:1743 d:s ref:0 ;
in:1865 out:1866 type:b dur:2 cpbdur:2 q:4.53 aq:5.01 tex:15259 mv:380 misc:649 imb:0 pmb:119 smb:1921 d:- ref:0 ;
in:1870 out:1867 type:P dur:2 cpbdur:2 q:2.06 aq:0.65 tex:157049 mv:617 misc:2022 imb:16 pmb:959 smb:1065 d:s ref:0 ;
in:1868 out:1868 type:B dur:2 cpbdur:2 q:2.74 aq:2.13 tex:59150 mv:917 misc:1573 imb:0 pmb:450 smb:1590 d:s ref:0 ;
in:1867 out:1869 type:b dur:2 cpbdur:2 q:2.79 aq:3.05 tex:26024 mv:541 misc:1131 imb:0 pmb:263 smb:1777 d:s ref:0 ;
in:1869 out:1870 type:b dur:2 cpbdur:2 q:2.79 aq:3.36 tex:37473 mv:479 misc:992 imb:0 pmb:231 smb:1809 d:- ref:0 ;
in:1871 out:1871 type:P dur:2 cpbdur:2 q:1.87 aq:0.10 tex:119572 mv:458 misc:2074 imb:1 pmb:1097 smb:942 d:s ref:0 ;
in:1873 out:1872 type:P dur:2 cpbdur:2 q:1.04 aq:0.04 tex:145556 mv:645 misc:2111 imb:4 pmb:1053 smb:983 d:s ref:0 ;
in:1872 out:1873 type:b dur:2 cpbdur:2 q:2.09 aq:3.46 tex:46195 mv:463 misc:1118 imb:0 pmb:283 smb:1757 d:s ref:0 ;
in:1877 out:1874 type:P dur:2 cpbdur:2 q:0.00 aq:0.00 tex:390443 mv:2429 misc:2016 imb:55 pmb:1162 smb:823 d:s ref:0 ;
in:1875 out:1875 type:B dur:2 cpbdur:2 q:1.37 aq:1.19 tex:96951 mv:741 misc:1908 imb:0 pmb:784 smb:1256 d:s ref:0 ;
in:1874 out:1876 type:b dur:2 cpbdur:2 q:2.68 aq:3.41 tex:40061 mv:446 misc:917 imb:0 pmb:229 smb:1811 d:s ref:0 ;
in:1876 out:1877 type:b dur:2 cpbdur:2 q:1.66 aq:2.56 tex:48312 mv:650 misc:1478 imb:3 pmb:426 smb:1611 d:- ref:0 ;
in:1881 out:1878 type:P dur:2 cpbdur:2 q:0.00 aq:0.00 tex:170929 mv:654 misc:2065 imb:2 pmb:1128 smb:910 d:s ref:0 ;
in:1879 out:1879 type:B dur:2 cpbdur:2 q:0.00 aq:0.47 tex:85833 mv:527 misc:2024 imb:0 pmb:916 smb:1124 d:s ref:0 ;
in:1878 out:1880 type:b dur:2 cpbdur:2 q:0.00 aq:1.21 tex:52133 mv:444 misc:1823 imb:0 pmb:610 smb:1430 d:s ref:0 ;
in:1880 out:1881 type:b dur:2 cpbdur:2 q:0.00 aq:1.26 tex:52452 mv:355 misc:1729 imb:0 pmb:557 smb:1483 d:- ref:0 ;
in:1885 out:1882 type:P dur:2 cpbdur:2 q:0.00 aq:0.00 tex:167678 mv:553 misc:2057 imb:1 pmb:1142 smb:897 d:s ref:0 ;
in:1883 out:1883 type:B dur:2 cpbdur:2 q:0.00 aq:0.62 tex:80228 mv:633 misc:2019 imb:0 pmb:908 smb:1132 d:s ref:0 ;
in:1882 out:1884 type:b dur:2 cpbdur:2 q:0.00 aq:1.32 tex:49725 mv:474 misc:1761 imb:0 pmb:567 smb:1473 d:s ref:0 ;
in:1884 out:1885 type:b dur:2 cpbdur:2 q:0.00 aq:1.20 tex:46870 mv:401 misc:1673 imb:0 pmb:532 smb:1508 d:- ref:0 ;
in:1889 out:1886 type:P dur:2 cpbdur:2 q:1.24 aq:0.05 tex:116612 mv:387 misc:2073 imb:4 pmb:1064 smb:972 d:s ref:0 ;
in:1887 out:1887 type:B dur:2 cpbdur:2 q:1.50 aq:1.05 tex:52284 mv:412 misc:1832 imb:0 pmb:643 smb:1397 d:s ref:0 ;
in:1886 out:1888 type:b dur:2 cpbdur:2 q:1.76 aq:2.47 tex:20700 mv:268 misc:1224 imb:0 pmb:294 smb:1746 d:s ref:0 ;
in:1888 out:1889 type:b dur:2 cpbdur:2 q:2.12 aq:2.50 tex:15037 mv:354 misc:1121 imb:0 pmb:257 smb:1783 d:- ref:0 ;
in:1893 out:1890 type:P dur:2 cpbdur:2 q:3.01 aq:0.08 tex:96978 mv:302 misc:2040 imb:2 pmb:1006 smb:1032 d:s ref:0 ;
in:1891 out:1891 type:B dur:2 cpbdur:2 q:3.25 aq:1.96 tex:37623 mv:325 misc:1300 imb:0 pmb:334 smb:1706 d:s ref:0 ;
in:1890 out:1892 type:b dur:2 cpbdur:2 q:3.31 aq:3.90 tex:20187 mv:276 misc:817 imb:0 pmb:156 smb:1884 d:s ref:0 ;
in:1892 out:1893 type:b dur:2 cpbdur:2 q:3.32 aq:3.75 tex:12268 mv:244 misc:792 imb:0 pmb:154 smb:1886 d:- ref:0 ;
in:1894 out:1894 type:P dur:2 cpbdur:2 q:2.46 aq:0.18 tex:240131 mv:1522 misc:2075 imb:103 pmb:1019 smb:918 d:s ref:0 ;
in:1895 out:1895 type:P dur:2 cpbdur:2 q:1.87 aq:0.01 tex:179668 mv:1041 misc:2043 imb:49 pmb:1076 smb:915 d:s ref:0 ;
in:1898 out:1896 type:P dur:2 cpbdur:2 q:2.40 aq:0.03 tex:224701 mv:1080 misc:2019 imb:15 pmb:1108 smb:917 d:s ref:0 ;
in:1896 out:1897 type:B dur:2 cpbdur:2 q:2.62 aq:2.16 tex:93721 mv:572 misc:1251 imb:0 pmb:382 smb:1658 d:s ref:0 ;
in:1897 out:1898 type:b dur:2 cpbdur:2 q:2.79 aq:3.11 tex:82552 mv:800 misc:944 imb:0 pmb:276 smb:1764 d:- ref:0 ;
in:1902 out:1899 type:P dur:2 cpbdur:2 q:2.41 aq:0.03 tex:156800 mv:679 misc:2057 imb:3 pmb:1057 smb:980 d:s ref:0 ;
in:1900 out:1900 type:B dur:2 cpbdur:2 q:2.59 aq:1.49 tex:60514 mv:308 misc:1474 imb:0 pmb:464 smb:1576 d:s ref:0 ;
in:1899 out:1901 type:b dur:2 cpbdur:2 q:3.41 aq:3.80 tex:25254 mv:210 misc:752 imb:0 pmb:169 smb:1871 d:s ref:0 ;
in:1901 out:1902 type:b dur:2 cpbdur:2 q:2.76 aq:3.28 tex:24806 mv:236 misc:910 imb:0 pmb:207 smb:1833 d:- ref:0 ;
in:1906 out:1903 type:P dur:2 cpbdur:2 q:3.41 aq:0.11 tex:252733 mv:819 misc:1472 imb:11 pmb:1510 smb:519 d:s ref:0 ;
in:1904 out:1904 type:B dur:2 cpbdur:2 q:3.41 aq:2.62 tex:47251 mv:1001 misc:1836 imb:0 pmb:614 smb:1426 d:s ref:0 ;
in:1903 out:1905 type:b dur:2 cpbdur:2 q:3.41 aq:3.72 tex:16750 mv:453 misc:1141 imb:0 pmb:270 smb:1770 d:s ref:0 ;
in:1905 out:1906 type:b dur:2 cpbdur:2 q:3.41 aq:3.95 tex:15561 mv:498 misc:1229 imb:0 pmb:305 smb:1735 d:- ref:0 ;
in:1910 out:1907 type:P dur:2 cpbdur:2 q:2.78 aq:0.14 tex:338592 mv:1988 misc:1884 imb:43 pmb:1235 smb:762 d:s ref:0 ;
in:1908 out:1908 type:B dur:2 cpbdur:2 q:3.41 aq:2.26 tex:50199 mv:806 misc:1547 imb:0 pmb:451 smb:1589 d:s ref:0 ;
in:1907 out:1909 type:b dur:2 cpbdur:2 q:3.41 aq:3.97 tex:13030 mv:285 misc:901 imb:0 pmb:207 smb:1833 d:s ref:0 ;
in:1909 out:1910 type:b dur:2 cpbdur:2 q:3.41 aq:3.89 tex:32546 mv:578 misc:1044 imb:1 pmb:280 smb:1759 d:- ref:0 ;
in:1914 out:1911 type:P dur:2 cpbdur:2 q:3.01 aq:0.70 tex:148896 mv:576 misc:1944 imb:8 pmb:867 smb:1165 d:s ref:0 ;
in:1912 out:1912 type:B dur:2 cpbdur:2 q:3.06 aq:2.13 tex:52371 mv:665 misc:1452 imb:0 pmb:420 smb:1620 d:s ref:0 ;
in:1911 out:1913 type:b dur:2 cpbdur:2 q:3.10 aq:3.74 tex:8809 mv:348 misc:1027 imb:0 pmb:217 smb:1823 d:s ref:0 ;
in:1913 out:1914 type:b dur:2 cpbdur:2 q:3.10 aq:3.66 tex:34062 mv:565 misc:1053 imb:0 pmb:239 smb:1801 d:- ref:0 ;
in:1918 out:1915 type:P dur:2 cpbdur:2 q:2.78 aq:0.15 tex:176470 mv:683 misc:1991 imb:11 pmb:1105 smb:924 d:s ref:0 ;
in:1916 out:1916 type:B dur:2 cpbdur:2 q:3.06 aq:2.02 tex:64093 mv:398 misc:1397 imb:1 pmb:386 smb:1653 d:s ref:0 ;
in:1915 out:1917 type:b dur:2 cpbdur:2 q:3.10 aq:3.91 tex:41111 mv:385 misc:952 imb:4 pmb:217 smb:1819 d:s ref:0 ;
in:1917 out:1918 type:b dur:2 cpbdur:2 q:3.10 aq:3.89 tex:35781 mv:465 misc:930 imb:0 pmb:209 smb:1831 d:- ref:0 ;
in:1921 out:1919 type:P dur:2 cpbdur:2 q:2.88 aq:0.14 tex:643137 mv:2378 misc:981 imb:69 pmb:1633 smb:338 d:s ref:0 ;
in:1919 out:1920 type:B dur:2 cpbdur:2 q:2.99 aq:2.24 tex:59486 mv:870 misc:1668 imb:0 pmb:516 smb:1524 d:s ref:0 ;
in:1920 out:1921 type:b dur:2 cpbdur:2 q:3.07 aq:3.70 tex:40956 mv:833 misc:1507 imb:2 pmb:453 smb:1585 d:- ref:0 ;
in:1925 out:1922 type:P dur:2 cpbdur:2 q:3.41 aq:0.20 tex:201322 mv:812 misc:1746 imb:8 pmb:1334 smb:698 d:s ref:0 ;
in:1923 out:1923 type:B dur:2 cpbdur:2 q:3.41 aq:2.39 tex:47315 mv:840 misc:1781 imb:0 pmb:586 smb:1454 d:s ref:0 ;
in:1922 out:1924 type:b dur:2 cpbdur:2 q:3.41 aq:4.36 tex:14064 mv:355 misc:1101 imb:0 pmb:251 smb:1789 d:s ref:0 ;
in:1924 out:1925 type:b dur:2 cpbdur:2 q:3.41 aq:4.39 tex:17855 mv:261 misc:820 imb:1 pmb:175 smb:1864 d:- ref:0 ;
in:1928 out:1926 type:P dur:2 cpbdur:2 q:3.41 aq:0.42 tex:143676 mv:458 misc:1946 imb:1 pmb:1107 smb:932 d:s ref:0 ;
in:1926 out:1927 type:B dur:2 cpbdur:2 q:3.41 aq:3.30 tex:18752 mv:229 misc:923 imb:0 pmb:226 smb:1814 d:s ref:0 ;
in:1927 out:1928 type:b dur:2 cpbdur:2 q:3.41 aq:3.96 tex:11578 mv:252 misc:722 imb:0 pmb:162 smb:1878 d:- ref:0 ;
in:1930 out:1929 type:P dur:2 cpbdur:2 q:3.18 aq:0.42 tex:315943 mv:2612 misc:1917 imb:152 pmb:1090 smb:798 d:s ref:0 ;
in:1929 out:1930 type:b dur:2 cpbdur:2 q:3.41 aq:4.30 tex:91649 mv:1159 misc:736 imb:19 pmb:347 smb:1674 d:s ref:0 ;
in:1931 out:1931 type:P dur:2 cpbdur:2 q:2.96 aq:0.36 tex:280744 mv:2371 misc:1941 imb:112 pmb:1119 smb:809 d:s ref:0 ;
in:1933 out:1932 type:P dur:2 cpbdur:2 q:2.82 aq:0.85 tex:271288 mv:2461 misc:1851 imb:131 pmb:831 smb:1078 d:s ref:0 ;
in:1932 out:1933 type:b dur:2 cpbdur:2 q:2.97 aq:3.76 tex:73553 mv:1306 misc:893 imb:7 pmb:388 smb:1645 d:s ref:0 ;
in:1934 out:1934 type:P dur:2 cpbdur:2 q:2.04 aq:0.26 tex:186466 mv:1474 misc:1876 imb:40 pmb:1196 smb:804 d:s ref:0 ;
in:1938 out:1935 type:P dur:2 cpbdur:2 q:2.21 aq:0.24 tex:249341 mv:1728 misc:1875 imb:59 pmb:1244 smb:737 d:s ref:0 ;
in:1936 out:1936 type:B dur:2 cpbdur:2 q:2.43 aq:1.52 tex:59776 mv:706 misc:1774 imb:0 pmb:675 smb:1365 d:s ref:0 ;
in:1935 out:1937 type:b dur:2 cpbdur:2 q:3.18 aq:3.71 tex:20510 mv:342 misc:1004 imb:0 pmb:247 smb:1793 d:s ref:0 ;
in:1937 out:1938 type:b dur:2 cpbdur:2 q:2.57 aq:3.18 tex:43397 mv:520 misc:1171 imb:13 pmb:288 smb:1739 d:- ref:0 ;
in:1940 out:1939 type:P dur:2 cpbdur:2 q:2.44 aq:0.22 tex:137966 mv:423 misc:2027 imb:10 pmb:1049 smb:981 d:s ref:0 ;
in:1939 out:1940 type:b dur:2 cpbdur:2 q:2.60 aq:2.95 tex:20375 mv:262 misc:1083 imb:0 pmb:268 smb:1772 d:s ref:0 ;
in:1941 out:1941 type:P dur:2 cpbdur:2 q:0.44 aq:0.10 tex:260070 mv:1911 misc:1923 imb:40 pmb:1190 smb:810 d:s ref:0 ;
in:1942 out:1942 type:P dur:2 cpbdur:2 q:0.38 aq:0.05 tex:254456 mv:1743 misc:1881 imb:28 pmb:1247 smb:765 d:s ref:0 ;
in:1946 out:1943 type:P dur:2 cpbdur:2 q:0.38 aq:0.00 tex:315508 mv:1993 misc:1883 imb:27 pmb:1248 smb:765 d:s ref:0 ;
in:1944 out:1944 type:B dur:2 cpbdur:2 q:0.38 aq:0.51 tex:98039 mv:425 misc:1960 imb:0 pmb:985 smb:1055 d:s ref:0 ;
in:1943 out:1945 type:b dur:2 cpbdur:2 q:0.38 aq:1.76 tex:112769 mv:1296 misc:1615 imb:2 pmb:657 smb:1381 d:s ref:0 ;
in:1945 out:1946 type:b dur:2 cpbdur:2 q:0.38 aq:1.56 tex:50326 mv:461 misc:1677 imb:0 pmb:525 smb:1515 d:- ref:0 ;
in:1950 out:1947 type:P dur:2 cpbdur:2 q:0.66 aq:0.04 tex:196539 mv:875 misc:1954 imb:15 pmb:1219 smb:806 d:s ref:0 ;
in:1948 out:1948 type:B dur:2 cpbdur:2 q:0.94 aq:0.81 tex:75501 mv:606 misc:1941 imb:0 pmb:773 smb:1267 d:s ref:0 ;
in:1947 out:1949 type:b dur:2 cpbdur:2 q:1.50 aq:2.16 tex:28975 mv:359 misc:1370 imb:0 pmb:347 smb:1693 d:s ref:0 ;
in:1949 out:1950 type:b dur:2 cpbdur:2 q:1.22 aq:2.03 tex:28068 mv:312 misc:1412 imb:0 pmb:363 smb:1677 d:- ref:0 ;
in:1953 out:1951 type:P dur:2 cpbdur:2 q:0.37 aq:0.07 tex:259869 mv:1522 misc:1929 imb:59 pmb:1178 smb:803 d:s ref:0 ;
in:1951 out:1952 type:B dur:2 cpbdur:2 q:0.94 aq:1.02 tex:80134 mv:580 misc:1838 imb:10 pmb:687 smb:1343 d:s ref:0 ;
in:1952 out:1953 type:b dur:2 cpbdur:2 q:1.22 aq:2.15 tex:40064 mv:515 misc:1429 imb:4 pmb:424 smb:1612 d:- ref:0 ;
in:1956 out:1954 type:P dur:2 cpbdur:2 q:0.40 aq:0.00 tex:261978 mv:1461 misc:1889 imb:16 pmb:1234 smb:790 d:s ref:0 ;
in:1954 out:1955 type:B dur:2 cpbdur:2 q:0.40 aq:1.11 tex:116606 mv:888 misc:1826 imb:8 pmb:870 smb:1162 d:s ref:0 ;
in:1955 out:1956 type:b dur:2 cpbdur:2 q:0.40 aq:1.57 tex:35972 mv:630 misc:1686 imb:0 pmb:558 smb:1482 d:- ref:0 ;
in:1960 out:1957 type:P dur:2 cpbdur:2 q:2.81 aq:0.14 tex:204429 mv:429 misc:1534 imb:9 pmb:1514 smb:517 d:s ref:0 ;
in:1958 out:1958 type:B dur:2 cpbdur:2 q:2.81 aq:2.25 tex:62890 mv:1199 misc:1903 imb:0 pmb:729 smb:1311 d:s ref:0 ;
in:1957 out:1959 type:b dur:2 cpbdur:2 q:2.81 aq:3.27 tex:17191 mv:612 misc:1333 imb:1 pmb:326 smb:1713 d:s ref:0 ;
in:1959 out:1960 type:b dur:2 cpbdur:2 q:2.81 aq:3.19 tex:26337 mv:675 misc:1532 imb:0 pmb:430 smb:1610 d:- ref:0 ;
in:1963 out:1961 type:P dur:2 cpbdur:2 q:2.99 aq:0.21 tex:135856 mv:345 misc:1903 imb:0 pmb:1226 smb:814 d:s ref:0 ;
in:1961 out:1962 type:B dur:2 cpbdur:2 q:3.00 aq:2.36 tex:25449 mv:379 misc:1380 imb:0 pmb:344 smb:1696 d:s ref:0 ;
in:1962 out:1963 type:b dur:2 cpbdur:2 q:3.00 aq:3.18 tex:15370 mv:252 misc:834 imb:0 pmb:186 smb:1854 d:- ref:0 ;
in:1964 out:1964 type:P dur:2 cpbdur:2 q:2.88 aq:0.31 tex:238787 mv:1478 misc:1735 imb:85 pmb:1289 smb:666 d:s ref:0 ;
in:1965 out:1965 type:P dur:2 cpbdur:2 q:2.69 aq:0.06 tex:232684 mv:1430 misc:1774 imb:77 pmb:1260 smb:703 d:s ref:0 ;
in:1969 out:1966 type:P dur:2 cpbdur:2 q:2.99 aq:0.11 tex:211506 mv:897 misc:1925 imb:5 pmb:1220 smb:815 d:s ref:0 ;
in:1967 out:1967 type:B dur:2 cpbdur:2 q:2.99 aq:1.82 tex:73203 mv:702 misc:1639 imb:0 pmb:493 smb:1547 d:s ref:0 ;
in:1966 out:1968 type:b dur:2 cpbdur:2 q:2.99 aq:3.61 tex:19558 mv:328 misc:1098 imb:0 pmb:265 smb:1775 d:s ref:0 ;
in:1968 out:1969 type:b dur:2 cpbdur:2 q:2.99 aq:3.57 tex:33941 mv:564 misc:1015 imb:1 pmb:254 smb:1785 d:- ref:0 ;
in:1971 out:1970 type:P dur:2 cpbdur:2 q:2.99 aq:0.18 tex:157411 mv:505 misc:1980 imb:0 pmb:1147 smb:893 d:s ref:0 ;
in:1970 out:1971 type:b dur:2 cpbdur:2 q:2.99 aq:3.37 tex:52345 mv:494 misc:849 imb:0 pmb:222 smb:1818 d:s ref:0 ;
in:1975 out:1972 type:P dur:2 cpbdur:2 q:1.81 aq:0.10 tex:392955 mv:2775 misc:1782 imb:55 pmb:1293 smb:692 d:s ref:0 ;
in:1973 out:1973 type:B dur:2 cpbdur:2 q:2.99 aq:1.86 tex:104919 mv:980 misc:1725 imb:1 pmb:602 smb:1437 d:s ref:0 ;
in:1972 out:1974 type:b dur:2 cpbdur:2 q:2.99 aq:3.66 tex:24415 mv:343 misc:1098 imb:0 pmb:263 smb:1777 d:s ref:0 ;
in:1974 out:1975 type:b dur:2 cpbdur:2 q:2.99 aq:3.59 tex:47921 mv:535 misc:1216 imb:2 pmb:351 smb:1687 d:- ref:0 ;
in:1979 out:1976 type:P dur:2 cpbdur:2 q:2.03 aq:0.07 tex:175350 mv:637 misc:1845 imb:8 pmb:1268 smb:764 d:s ref:0 ;
in:1977 out:1977 type:B dur:2 cpbdur:2 q:2.16 aq:1.54 tex:70723 mv:1008 misc:1853 imb:0 pmb:663 smb:1377 d:s ref:0 ;
in:1976 out:1978 type:b dur:2 cpbdur:2 q:2.47 aq:3.22 tex:28515 mv:450 misc:1155 imb:0 pmb:280 smb:1760 d:s ref:0 ;
in:1978 out:1979 type:b dur:2 cpbdur:2 q:2.25 aq:3.12 tex:27315 mv:540 misc:1169 imb:0 pmb:276 smb:1764 d:- ref:0 ;
in:1983 out:1980 type:P dur:2 cpbdur:2 q:2.56 aq:0.37 tex:464216 mv:863 misc:1161 imb:24 pmb:1596 smb:420 d:s ref:0 ;
in:1981 out:1981 type:B dur:2 cpbdur:2 q:2.56 aq:1.74 tex:106833 mv:1113 misc:1982 imb:2 pmb:919 smb:1119 d:s ref:0 ;
in:1980 out:1982 type:b dur:2 cpbdur:2 q:2.56 aq:4.08 tex:54309 mv:1260 misc:1807 imb:12 pmb:597 smb:1431 d:s ref:0 ;
in:1982 out:1983 type:b dur:2 cpbdur:2 q:2.56 aq:3.41 tex:31164 mv:542 misc:1358 imb:0 pmb:338 smb:1702 d:- ref:0 ;
in:1987 out:1984 type:P dur:2 cpbdur:2 q:1.79 aq:0.01 tex:422186 mv:3057 misc:1573 imb:83 pmb:1358 smb:599 d:s ref:0 ;
in:1985 out:1985 type:B dur:2 cpbdur:2 q:2.56 aq:2.04 tex:57925 mv:934 misc:1965 imb:0 pmb:751 smb:1289 d:s ref:0 ;
in:1984 out:1986 type:b dur:2 cpbdur:2 q:2.56 aq:3.34 tex:37046 mv:842 misc:1520 imb:0 pmb:422 smb:1618 d:s ref:0 ;
in:1986 out:1987 type:b dur:2 cpbdur:2 q:2.56 aq:3.14 tex:20607 mv:313 misc:1096 imb:0 pmb:253 smb:1787 d:- ref:0 ;
in:1991 out:1988 type:P dur:2 cpbdur:2 q:2.56 aq:0.03 tex:185412 mv:652 misc:1936 imb:3 pmb:1225 smb:812 d:s ref:0 ;
in:1989 out:1989 type:B dur:2 cpbdur:2 q:2.56 aq:1.73 tex:57800 mv:653 misc:1715 imb:0 pmb:540 smb:1500 d:s ref:0 ;
in:1988 out:1990 type:b dur:2 cpbdur:2 q:2.56 aq:3.32 tex:24124 mv:414 misc:1166 imb:0 pmb:284 smb:1756 d:s ref:0 ;
in:1990 out:1991 type:b dur:2 cpbdur:2 q:2.56 aq:3.29 tex:22680 mv:201 misc:959 imb:0 pmb:217 smb:1823 d:- ref:0 ;
in:1995 out:1992 type:P dur:2 cpbdur:2 q:2.56 aq:0.07 tex:153818 mv:662 misc:1984 imb:3 pmb:1112 smb:925 d:s ref:0 ;
in:1993 out:1993 type:B dur:2 cpbdur:2 q:2.56 aq:1.55 tex:52631 mv:281 misc:1528 imb:1 pmb:412 smb:1627 d:s ref:0 ;
in:1992 out:1994 type:b dur:2 cpbdur:2 q:2.56 aq:3.24 tex:20438 mv:227 misc:999 imb:0 pmb:231 smb:1809 d:s ref:0 ;
in:1994 out:1995 type:b dur:2 cpbdur:2 q:2.56 aq:3.32 tex:21557 mv:250 misc:1009 imb:1 pmb:235 smb:1804 d:- ref:0 ;
in:1999 out:1996 type:P dur:2 cpbdur:2 q:2.56 aq:0.29 tex:169453 mv:803 misc:1976 imb:8 pmb:1120 smb:912 d:s ref:0 ;
in:1997 out:1997 type:B dur:2 cpbdur:2 q:2.56 aq:1.59 tex:40805 mv:378 misc:1529 imb:0 pmb:430 smb:1610 d:s ref:0 ;
in:1996 out:1998 type:b dur:2 cpbdur:2 q:2.56 aq:3.18 tex:15777 mv:157 misc:906 imb:0 pmb:204 smb:1836 d:s ref:0 ;
in:1998 out:1999 type:b dur:2 cpbdur:2 q:2.56 aq:3.08 tex:11362 mv:351 misc:1031 imb:0 pmb:235 smb:1805 d:- ref:0 ;
in:2003 out:2000 type:P dur:2 cpbdur:2 q:1.71 aq:0.20 tex:264661 mv:1261 misc:1966 imb:83 pmb:1055 smb:902 d:s ref:0 ;
in:2001 out:2001 type:B dur:2 cpbdur:2 q:2.56 aq:1.61 tex:153612 mv:1447 misc:1669 imb:47 pmb:482 smb:1511 d:s ref:0 ;
in:2000 out:2002 type:b dur:2 cpbdur:2 q:2.56 aq:3.10 tex:67198 mv:932 misc:1086 imb:8 pmb:305 smb:1727 d:s ref:0 ;
in:2002 out:2003 type:b dur:2 cpbdur:2 q:2.56 aq:3.34 tex:53803 mv:845 misc:1152 imb:2 pmb:316 smb:1722 d:- ref:0 ;
in:2004 out:2004 type:P dur:2 cpbdur:2 q:1.41 aq:0.01 tex:172643 mv:818 misc:1947 imb:15 pmb:1174 smb:851 d:s ref:0 ;
in:2005 out:2005 type:P dur:2 cpbdur:2 q:1.46 aq:0.02 tex:177245 mv:769 misc:1970 imb:20 pmb:1169 smb:851 d:s ref:0 ;
in:2006 out:2006 type:P dur:2 cpbdur:2 q:1.50 aq:0.03 tex:182791 mv:715 misc:1982 imb:11 pmb:1166 smb:863 d:s ref:0 ;
in:2007 out:2007 type:P dur:2 cpbdur:2 q:1.75 aq:0.04 tex:150700 mv:627 misc:2017 imb:5 pmb:1143 smb:892 d:s ref:0 ;
in:2008 out:2008 type:P dur:2 cpbdur:2 q:1.66 aq:0.01 tex:206759 mv:681 misc:2008 imb:7 pmb:1163 smb:870 d:s ref:0 ;
in:2012 out:2009 type:P dur:2 cpbdur:2 q:1.18 aq:0.07 tex:509046 mv:3224 misc:1410 imb:67 pmb:1499 smb:474 d:s ref:0 ;
in:2010 out:2010 type:B dur:2 cpbdur:2 q:1.87 aq:1.28 tex:96295 mv:1215 misc:2010 imb:1 pmb:922 smb:1117 d:s ref:0 ;
in:2009 out:2011 type:b dur:2 cpbdur:2 q:2.06 aq:2.72 tex:27815 mv:383 misc:1258 imb:0 pmb:316 smb:1724 d:s ref:0 ;
in:2011 out:2012 type:b dur:2 cpbdur:2 q:2.06 aq:3.20 tex:63923 mv:1398 misc:1887 imb:3 pmb:686 smb:1351 d:- ref:0 ;
in:2016 out:2013 type:P dur:2 cpbdur:2 q:1.22 aq:0.00 tex:443969 mv:3194 misc:1733 imb:73 pmb:1340 smb:627 d:s ref:0 ;
in:2014 out:2014 type:B dur:2 cpbdur:2 q:1.49 aq:1.22 tex:81313 mv:924 misc:2035 imb:0 pmb:879 smb:1161 d:s ref:0 ;
in:2013 out:2015 type:b dur:2 cpbdur:2 q:1.59 aq:2.26 tex:31495 mv:471 misc:1498 imb:0 pmb:412 smb:1628 d:s ref:0 ;
in:2015 out:2016 type:b dur:2 cpbdur:2 q:1.54 aq:2.46 tex:38225 mv:679 misc:1704 imb:0 pmb:551 smb:1489 d:- ref:0 ;
in:2017 out:2017 type:P dur:2 cpbdur:2 q:2.12 aq:0.04 tex:132264 mv:367 misc:2001 imb:1 pmb:1234 smb:805 d:s ref:0 ;
in:2018 out:2018 type:P dur:2 cpbdur:2 q:2.13 aq:0.32 tex:128044 mv:309 misc:2007 imb:1 pmb:1097 smb:942 d:s ref:0 ;
in:2022 out:2019 type:P dur:2 cpbdur:2 q:2.13 aq:0.08 tex:141671 mv:492 misc:2013 imb:1 pmb:1204 smb:835 d:s ref:0 ;
in:2020 out:2020 type:B dur:2 cpbdur:2 q:2.13 aq:1.28 tex:55594 mv:462 misc:1752 imb:1 pmb:552 smb:1487 d:s ref:0 ;
in:2019 out:2021 type:b dur:2 cpbdur:2 q:2.13 aq:2.90 tex:21761 mv:307 misc:1228 imb:0 pmb:276 smb:1764 d:s ref:0 ;
in:2021 out:2022 type:b dur:2 cpbdur:2 q:2.13 aq:2.91 tex:20001 mv:290 misc:1165 imb:1 pmb:260 smb:1779 d:- ref:0 ;
in:2026 out:2023 type:P dur:2 cpbdur:2 q:2.07 aq:0.14 tex:123367 mv:289 misc:1984 imb:1 pmb:1149 smb:890 d:s ref:0 ;
in:2024 out:2024 type:B dur:2 cpbdur:2 q:2.13 aq:1.26 tex:43363 mv:461 misc:1712 imb:1 pmb:527 smb:1512 d:s ref:0 ;
in:2023 out:2025 type:b dur:2 cpbdur:2 q:2.13 aq:2.77 tex:16348 mv:325 misc:1175 imb:0 pmb:264 smb:1776 d:s ref:0 ;
in:2025 out:2026 type:b dur:2 cpbdur:2 q:2.13 aq:2.75 tex:16577 mv:346 misc:1229 imb:0 pmb:267 smb:1773 d:- ref:0 ;
in:2028 out:2027 type:P dur:2 cpbdur:2 q:1.91 aq:0.42 tex:338596 mv:2171 misc:1945 imb:41 pmb:1213 smb:786 d:s ref:0 ;
in:2027 out:2028 type:b dur:2 cpbdur:2 q:2.13 aq:2.80 tex:50980 mv:607 misc:1365 imb:2 pmb:412 smb:1626 d:s ref:0 ;
in:2030 out:2029 type:P dur:2 cpbdur:2 q:1.13 aq:0.19 tex:308601 mv:1972 misc:1947 imb:98 pmb:1161 smb:781 d:s ref:0 ;
in:2029 out:2030 type:b dur:2 cpbdur:2 q:1.91 aq:2.60 tex:125567 mv:1607 misc:1354 imb:52 pmb:404 smb:1584 d:s ref:0 ;
in:2031 out:2031 type:P dur:2 cpbdur:2 q:1.24 aq:0.20 tex:354819 mv:1844 misc:1793 imb:52 pmb:1321 smb:667 d:s ref:0 ;
in:2032 out:2032 type:P dur:2 cpbdur:2 q:1.33 aq:0.20 tex:388654 mv:2432 misc:1762 imb:38 pmb:1339 smb:663 d:s ref:0 ;
in:2033 out:2033 type:P dur:2 cpbdur:2 q:0.79 aq:0.05 tex:375091 mv:2196 misc:1609 imb:53 pmb:1412 smb:575 d:s ref:0 ;
in:2035 out:2034 type:P dur:2 cpbdur:2 q:0.59 aq:0.02 tex:367253 mv:2405 misc:1758 imb:66 pmb:1348 smb:626 d:s ref:0 ;
in:2034 out:2035 type:b dur:2 cpbdur:2 q:1.10 aq:2.54 tex:219183 mv:2386 misc:1463 imb:17 pmb:697 smb:1326 d:s ref:0 ;
in:2039 out:2036 type:P dur:2 cpbdur:2 q:0.60 aq:0.10 tex:392572 mv:2315 misc:1769 imb:46 pmb:1342 smb:652 d:s ref:0 ;
in:2037 out:2037 type:B dur:2 cpbdur:2 q:0.76 aq:1.03 tex:229418 mv:1826 misc:1852 imb:18 pmb:1079 smb:943 d:s ref:0 ;
in:2036 out:2038 type:b dur:2 cpbdur:2 q:0.76 aq:2.39 tex:216883 mv:2163 misc:1546 imb:10 pmb:751 smb:1279 d:s ref:0 ;
in:2038 out:2039 type:b dur:2 cpbdur:2 q:0.76 aq:1.78 tex:44617 mv:379 misc:1716 imb:0 pmb:570 smb:1470 d:- ref:0 ;
in:2040 out:2040 type:P dur:2 cpbdur:2 q:0.91 aq:0.01 tex:136656 mv:396 misc:1900 imb:9 pmb:1291 smb:740 d:s ref:0 ;
in:2041 out:2041 type:P dur:2 cpbdur:2 q:0.97 aq:0.01 tex:604219 mv:3152 misc:973 imb:76 pmb:1679 smb:285 d:s ref:0 ;
in:2045 out:2042 type:P dur:2 cpbdur:2 q:1.69 aq:0.02 tex:165684 mv:522 misc:1762 imb:7 pmb:1386 smb:647 d:s ref:0 ;
in:2043 out:2043 type:B dur:2 cpbdur:2 q:1.69 aq:1.25 tex:61613 mv:1090 misc:2017 imb:0 pmb:873 smb:1167 d:s ref:0 ;
in:2042 out:2044 type:b dur:2 cpbdur:2 q:1.69 aq:2.44 tex:22688 mv:614 misc:1634 imb:0 pmb:470 smb:1570 d:s ref:0 ;
in:2044 out:2045 type:b dur:2 cpbdur:2 q:1.69 aq:2.31 tex:20493 mv:351 misc:1292 imb:0 pmb:313 smb:1727 d:- ref:0 ;
in:2049 out:2046 type:P dur:2 cpbdur:2 q:1.71 aq:0.07 tex:141831 mv:493 misc:1964 imb:7 pmb:1182 smb:851 d:s ref:0 ;
in:2047 out:2047 type:B dur:2 cpbdur:2 q:1.71 aq:1.16 tex:62941 mv:672 misc:1835 imb:0 pmb:658 smb:1382 d:s ref:0 ;
in:2046 out:2048 type:b dur:2 cpbdur:2 q:1.71 aq:2.36 tex:14651 mv:485 misc:1328 imb:0 pmb:316 smb:1724 d:s ref:0 ;
in:2048 out:2049 type:b dur:2 cpbdur:2 q:1.71 aq:2.49 tex:25351 mv:470 misc:1347 imb:0 pmb:324 smb:1716 d:- ref:0 ;
in:2053 out:2050 type:P dur:2 cpbdur:2 q:1.60 aq:0.08 tex:178256 mv:727 misc:2033 imb:20 pmb:1105 smb:915 d:s ref:0 ;
in:2051 out:2051 type:B dur:2 cpbdur:2 q:1.71 aq:1.10 tex:85430 mv:637 misc:1765 imb:2 pmb:619 smb:1419 d:s ref:0 ;
in:2050 out:2052 type:b dur:2 cpbdur:2 q:1.71 aq:2.36 tex:50302 mv:421 misc:1261 imb:7 pmb:311 smb:1722 d:s ref:0 ;
in:2052 out:2053 type:b dur:2 cpbdur:2 q:1.71 aq:2.37 tex:43170 mv:392 misc:1182 imb:0 pmb:285 smb:1755 d:- ref:0 ;
in:2057 out:2054 type:P dur:2 cpbdur:2 q:1.51 aq:0.50 tex:161109 mv:835 misc:1944 imb:3 pmb:865 smb:1172 d:s ref:0 ;
in:2055 out:2055 type:B dur:2 cpbdur:2 q:1.62 aq:1.04 tex:92286 mv:803 misc:1839 imb:1 pmb:676 smb:1363 d:s ref:0 ;
in:2054 out:2056 type:b dur:2 cpbdur:2 q:1.63 aq:2.35 tex:46244 mv:492 misc:1320 imb:0 pmb:333 smb:1707 d:s ref:0 ;
in:2056 out:2057 type:b dur:2 cpbdur:2 q:1.63 aq:2.35 tex:47853 mv:427 misc:1208 imb:1 pmb:297 smb:1742 d:- ref:0 ;
in:2060 out:2058 type:P dur:2 cpbdur:2 q:1.57 aq:0.11 tex:156028 mv:720 misc:2036 imb:1 pmb:1093 smb:946 d:s ref:0 ;
in:2058 out:2059 type:B dur:2 cpbdur:2 q:1.62 aq:1.52 tex:59484 mv:260 misc:1536 imb:0 pmb:428 smb:1612 d:s ref:0 ;
in:2059 out:2060 type:b dur:2 cpbdur:2 q:1.66 aq:2.24 tex:41071 mv:386 misc:1127 imb:0 pmb:270 smb:1770 d:- ref:0 ;
in:2064 out:2061 type:P dur:2 cpbdur:2 q:1.47 aq:0.03 tex:162059 mv:843 misc:2042 imb:12 pmb:1087 smb:941 d:s ref:0 ;
in:2062 out:2062 type:B dur:2 cpbdur:2 q:1.62 aq:0.98 tex:61289 mv:231 misc:1768 imb:0 pmb:637 smb:1403 d:s ref:0 ;
in:2061 out:2063 type:b dur:2 cpbdur:2 q:1.66 aq:2.39 tex:21337 mv:246 misc:1185 imb:0 pmb:276 smb:1764 d:s ref:0 ;
in:2063 out:2064 type:b dur:2 cpbdur:2 q:1.66 aq:2.31 tex:20728 mv:263 misc:1153 imb:0 pmb:266 smb:1774 d:- ref:0 ;
in:2068 out:2065 type:P dur:2 cpbdur:2 q:1.50 aq:0.03 tex:123437 mv:458 misc:2033 imb:1 pmb:1086 smb:953 d:s ref:0 ;
in:2066 out:2066 type:B dur:2 cpbdur:2 q:1.59 aq:0.99 tex:55893 mv:239 misc:1740 imb:0 pmb:581 smb:1459 d:s ref:0 ;
in:2065 out:2067 type:b dur:2 cpbdur:2 q:1.65 aq:2.31 tex:19688 mv:191 misc:1145 imb:0 pmb:258 smb:1782 d:s ref:0 ;
in:2067 out:2068 type:b dur:2 cpbdur:2 q:1.65 aq:2.32 tex:19790 mv:274 misc:1160 imb:0 pmb:255 smb:1785 d:- ref:0 ;
in:2072 out:2069 type:P dur:2 cpbdur:2 q:1.71 aq:0.07 tex:190786 mv:572 misc:1706 imb:10 pmb:1435 smb:595 d:s ref:0 ;
in:2070 out:2070 type:B dur:2 cpbdur:2 q:1.71 aq:1.59 tex:77110 mv:1182 misc:2020 imb:0 pmb:857 smb:1183 d:s ref:0 ;
in:2069 out:2071 type:b dur:2 cpbdur:2 q:1.71 aq:2.56 tex:24620 mv:703 misc:1517 imb:0 pmb:417 smb:1623 d:s ref:0 ;
in:2071 out:2072 type:b dur:2 cpbdur:2 q:1.71 aq:2.81 tex:50921 mv:994 misc:1773 imb:1 pmb:579 smb:1460 d:- ref:0 ;
in:2076 out:2073 type:P dur:2 cpbdur:2 q:1.71 aq:0.01 tex:155871 mv:711 misc:1978 imb:14 pmb:1221 smb:805 d:s ref:0 ;
in:2074 out:2074 type:B dur:2 cpbdur:2 q:1.71 aq:1.08 tex:98206 mv:827 misc:1895 imb:8 pmb:711 smb:1321 d:s ref:0 ;
in:2073 out:2075 type:b dur:2 cpbdur:2 q:1.71 aq:2.39 tex:45789 mv:690 misc:1465 imb:0 pmb:381 smb:1659 d:s ref:0 ;
in:2075 out:2076 type:b dur:2 cpbdur:2 q:1.71 aq:2.18 tex:30024 mv:406 misc:1338 imb:1 pmb:329 smb:1710 d:- ref:0 ;
in:2080 out:2077 type:P dur:2 cpbdur:2 q:1.71 aq:0.00 tex:160855 mv:626 misc:1943 imb:5 pmb:1232 smb:803 d:s ref:0 ;
in:2078 out:2078 type:B dur:2 cpbdur:2 q:1.71 aq:1.04 tex:71543 mv:786 misc:1871 imb:0 pmb:705 smb:1335 d:s ref:0 ;
in:2077 out:2079 type:b dur:2 cpbdur:2 q:1.71 aq:2.35 tex:31896 mv:530 misc:1422 imb:0 pmb:381 smb:1659 d:s ref:0 ;
in:2079 out:2080 type:b dur:2 cpbdur:2 q:1.71 aq:2.11 tex:25858 mv:389 misc:1313 imb:0 pmb:333 smb:1707 d:- ref:0 ;
in:2081 out:2081 type:I dur:2 cpbdur:2 q:14.64 aq:5.09 tex:2211351 mv:73146 misc:183 imb:2040 pmb:0 smb:0 d:s ref:;
in:2085 out:2082 type:P dur:2 cpbdur:2 q:4.93 aq:0.23 tex:576893 mv:1039 misc:1028 imb:19 pmb:1678 smb:343 d:s ref:0 ;
in:2083 out:2083 type:B dur:2 cpbdur:2 q:14.21 aq:14.08 tex:8105 mv:145 misc:382 imb:0 pmb:85 smb:1955 d:s ref:0 ;
in:2082 out:2084 type:b dur:2 cpbdur:2 q:14.21 aq:15.20 tex:2468 mv:88 misc:364 imb:0 pmb:36 smb:2004 d:s ref:0 ;
in:2084 out:2085 type:b dur:2 cpbdur:2 q:14.21 aq:14.90 tex:325 mv:63 misc:316 imb:0 pmb:24 smb:2016 d:- ref:0 ;
in:2089 out:2086 type:P dur:2 cpbdur:2 q:2.13 aq:0.04 tex:197363 mv:550 misc:1639 imb:5 pmb:1403 smb:632 d:s ref:0 ;
in:2087 out:2087 type:B dur:2 cpbdur:2 q:4.93 aq:4.87 tex:25166 mv:419 misc:999 imb:0 pmb:271 smb:1769 d:s ref:0 ;
in:2086 out:2088 type:b dur:2 cpbdur:2 q:4.93 aq:6.17 tex:6704 mv:228 misc:572 imb:0 pmb:118 smb:1922 d:s ref:0 ;
in:2088 out:2089 type:b dur:2 cpbdur:2 q:4.93 aq:6.87 tex:5742 mv:212 misc:510 imb:0 pmb:96 smb:1944 d:- ref:0 ;
in:2093 out:2090 type:P dur:2 cpbdur:2 q:2.13 aq:0.04 tex:152834 mv:436 misc:1866 imb:3 pmb:1276 smb:761 d:s ref:0 ;
in:2091 out:2091 type:B dur:2 cpbdur:2 q:2.18 aq:1.60 tex:39108 mv:855 misc:1829 imb:0 pmb:552 smb:1488 d:s ref:0 ;
in:2090 out:2092 type:b dur:2 cpbdur:2 q:2.18 aq:3.50 tex:11539 mv:368 misc:941 imb:0 pmb:199 smb:1841 d:s ref:0 ;
in:2092 out:2093 type:b dur:2 cpbdur:2 q:2.18 aq:3.43 tex:6413 mv:317 misc:918 imb:0 pmb:174 smb:1866 d:- ref:0 ;
in:2097 out:2094 type:P dur:2 cpbdur:2 q:1.49 aq:0.00 tex:310112 mv:1628 misc:1796 imb:47 pmb:1285 smb:708 d:s ref:0 ;
in:2095 out:2095 type:B dur:2 cpbdur:2 q:2.38 aq:2.10 tex:184405 mv:2253 misc:1550 imb:18 pmb:672 smb:1350 d:t ref:0 ;
in:2094 out:2096 type:b dur:2 cpbdur:2 q:2.37 aq:3.78 tex:72215 mv:946 misc:951 imb:9 pmb:441 smb:1590 d:s ref:0 ;
in:2096 out:2097 type:b dur:2 cpbdur:2 q:2.38 aq:3.93 tex:148323 mv:1835 misc:842 imb:4 pmb:462 smb:1574 d:- ref:0 ;
in:2101 out:2098 type:P dur:2 cpbdur:2 q:1.60 aq:0.00 tex:642419 mv:1999 misc:838 imb:73 pmb:1717 smb:250 d:s ref:0 ;
in:2099 out:2099 type:B dur:2 cpbdur:2 q:1.93 aq:2.11 tex:133758 mv:1617 misc:1841 imb:10 pmb:959 smb:1071 d:s ref:0 ;
in:2098 out:2100 type:b dur:2 cpbdur:2 q:2.50 aq:3.82 tex:120562 mv:1100 misc:978 imb:3 pmb:493 smb:1544 d:s ref:0 ;
in:2100 out:2101 type:b dur:2 cpbdur:2 q:2.10 aq:3.62 tex:191764 mv:2696 misc:1868 imb:17 pmb:1005 smb:1018 d:- ref:0 ;
in:2105 out:2102 type:P dur:2 cpbdur:2 q:1.69 aq:0.01 tex:310433 mv:1208 misc:1535 imb:24 pmb:1471 smb:545 d:s ref:0 ;
in:2103 out:2103 type:B dur:2 cpbdur:2 q:1.88 aq:1.47 tex:79457 mv:1079 misc:2000 imb:0 pmb:811 smb:1229 d:s ref:0 ;
in:2102 out:2104 type:b dur:2 cpbdur:2 q:2.47 aq:3.71 tex:150234 mv:2311 misc:1159 imb:0 pmb:569 smb:1471 d:s ref:0 ;
in:2104 out:2105 type:b dur:2 cpbdur:2 q:2.07 aq:2.64 tex:28335 mv:366 misc:1251 imb:0 pmb:300 smb:1740 d:- ref:0 ;
in:2109 out:2106 type:P dur:2 cpbdur:2 q:1.78 aq:0.01 tex:174356 mv:625 misc:1931 imb:7 pmb:1248 smb:785 d:s ref:0 ;
in:2107 out:2107 type:B dur:2 cpbdur:2 q:2.04 aq:1.49 tex:55328 mv:556 misc:1740 imb:0 pmb:542 smb:1498 d:s ref:0 ;
in:2106 out:2108 type:b dur:2 cpbdur:2 q:2.56 aq:3.14 tex:18132 mv:291 misc:953 imb:0 pmb:209 smb:1831 d:s ref:0 ;
in:2108 out:2109 type:b dur:2 cpbdur:2 q:2.24 aq:3.09 tex:27099 mv:462 misc:1159 imb:0 pmb:276 smb:1764 d:- ref:0 ;
in:2113 out:2110 type:P dur:2 cpbdur:2 q:1.75 aq:0.03 tex:130734 mv:406 misc:2044 imb:1 pmb:1138 smb:901 d:s ref:0 ;
in:2111 out:2111 type:B dur:2 cpbdur:2 q:2.06 aq:1.40 tex:52473 mv:328 misc:1671 imb:0 pmb:519 smb:1521 d:s ref:0 ;
in:2110 out:2112 type:b dur:2 cpbdur:2 q:2.24 aq:2.95 tex:20003 mv:256 misc:1061 imb:0 pmb:233 smb:1807 d:s ref:0 ;
in:2112 out:2113 type:b dur:2 cpbdur:2 q:2.24 aq:3.05 tex:16640 mv:322 misc:1014 imb:0 pmb:215 smb:1825 d:- ref:0 ;
in:2117 out:2114 type:P dur:2 cpbdur:2 q:1.75 aq:0.05 tex:142672 mv:628 misc:2028 imb:29 pmb:1102 smb:909 d:s ref:0 ;
in:2115 out:2115 type:B dur:2 cpbdur:2 q:1.94 aq:1.35 tex:49685 mv:413 misc:1558 imb:0 pmb:461 smb:1579 d:s ref:0 ;
in:2114 out:2116 type:b dur:2 cpbdur:2 q:2.13 aq:2.99 tex:12615 mv:290 misc:991 imb:0 pmb:206 smb:1834 d:s ref:0 ;
in:2116 out:2117 type:b dur:2 cpbdur:2 q:2.13 aq:2.75 tex:42761 mv:367 misc:1040 imb:1 pmb:254 smb:1785 d:- ref:0 ;
in:2120 out:2118 type:P dur:2 cpbdur:2 q:1.68 aq:0.15 tex:201007 mv:663 misc:1722 imb:21 pmb:1373 smb:646 d:s ref:0 ;
in:2118 out:2119 type:B dur:2 cpbdur:2 q:2.10 aq:1.67 tex:55686 mv:421 misc:1493 imb:3 pmb:418 smb:1619 d:s ref:0 ;
in:2119 out:2120 type:b dur:2 cpbdur:2 q:2.26 aq:2.82 tex:26048 mv:539 misc:1333 imb:0 pmb:343 smb:1697 d:- ref:0 ;
in:2124 out:2121 type:P dur:2 cpbdur:2 q:1.68 aq:0.32 tex:209589 mv:603 misc:1632 imb:4 pmb:1419 smb:617 d:s ref:0 ;
in:2122 out:2122 type:B dur:2 cpbdur:2 q:1.84 aq:1.40 tex:80876 mv:1254 misc:1974 imb:0 pmb:902 smb:1138 d:s ref:0 ;
in:2121 out:2123 type:b dur:2 cpbdur:2 q:1.99 aq:2.86 tex:26535 mv:685 misc:1644 imb:0 pmb:484 smb:1556 d:s ref:0 ;
in:2123 out:2124 type:b dur:2 cpbdur:2 q:1.99 aq:2.72 tex:23959 mv:533 misc:1372 imb:0 pmb:351 smb:1689 d:- ref:0 ;
in:2128 out:2125 type:P dur:2 cpbdur:2 q:0.00 aq:0.00 tex:527078 mv:5209 misc:1625 imb:327 pmb:1181 smb:532 d:s ref:0 ;
in:2126 out:2126 type:B dur:2 cpbdur:2 q:1.84 aq:1.33 tex:66244 mv:678 misc:1838 imb:0 pmb:639 smb:1401 d:s ref:0 ;
in:2125 out:2127 type:b dur:2 cpbdur:2 q:2.13 aq:2.85 tex:20977 mv:311 misc:1160 imb:0 pmb:266 smb:1774 d:s ref:0 ;
in:2127 out:2128 type:b dur:2 cpbdur:2 q:1.99 aq:3.19 tex:36752 mv:517 misc:1507 imb:2 pmb:469 smb:1569 d:- ref:0 ;
in:2132 out:2129 type:P dur:2 cpbdur:2 q:0.00 aq:0.02 tex:232648 mv:1149 misc:1635 imb:63 pmb:1366 smb:611 d:s ref:0 ;
in:2130 out:2130 type:B dur:2 cpbdur:2 q:0.00 aq:0.72 tex:91974 mv:1317 misc:1997 imb:1 pmb:1057 smb:982 d:s ref:0 ;
in:2129 out:2131 type:b dur:2 cpbdur:2 q:0.00 aq:1.55 tex:53954 mv:1047 misc:1943 imb:0 pmb:772 smb:1268 d:s ref:0 ;
in:2131 out:2132 type:b dur:2 cpbdur:2 q:0.00 aq:1.38 tex:49907 mv:685 misc:1840 imb:0 pmb:655 smb:1385 d:- ref:0 ;
in:2136 out:2133 type:P dur:2 cpbdur:2 q:0.00 aq:0.01 tex:155425 mv:648 misc:1959 imb:38 pmb:1124 smb:878 d:s ref:0 ;
in:2134 out:2134 type:B dur:2 cpbdur:2 q:0.00 aq:0.34 tex:103576 mv:864 misc:2000 imb:15 pmb:993 smb:1032 d:s ref:0 ;
in:2133 out:2135 type:b dur:2 cpbdur:2 q:0.00 aq:1.28 tex:63785 mv:620 misc:1755 imb:14 pmb:566 smb:1460 d:s ref:0 ;
in:2135 out:2136 type:b dur:2 cpbdur:2 q:0.00 aq:1.39 tex:38934 mv:471 misc:1691 imb:3 pmb:551 smb:1486 d:- ref:0 ;
in:2140 out:2137 type:P dur:2 cpbdur:2 q:0.00 aq:0.00 tex:120372 mv:327 misc:1869 imb:4 pmb:1155 smb:881 d:s ref:0 ;
in:2138 out:2138 type:B dur:2 cpbdur:2 q:0.00 aq:0.34 tex:85804 mv:927 misc:1909 imb:0 pmb:983 smb:1057 d:s ref:0 ;
in:2137 out:2139 type:b dur:2 cpbdur:2 q:0.00 aq:1.46 tex:34410 mv:731 misc:1747 imb:0 pmb:572 smb:1468 d:s ref:0 ;
in:2139 out:2140 type:b dur:2 cpbdur:2 q:0.00 aq:1.35 tex:45202 mv:493 misc:1681 imb:0 pmb:520 smb:1520 d:- ref:0 ;
in:2144 out:2141 type:P dur:2 cpbdur:2 q:0.00 aq:0.00 tex:147287 mv:521 misc:1936 imb:4 pmb:1085 smb:951 d:s ref:0 ;
in:2142 out:2142 type:B dur:2 cpbdur:2 q:0.00 aq:0.33 tex:87453 mv:285 misc:1838 imb:0 pmb:902 smb:1138 d:s ref:0 ;
in:2141 out:2143 type:b dur:2 cpbdur:2 q:0.00 aq:1.45 tex:54694 mv:259 misc:1687 imb:1 pmb:526 smb:1513 d:s ref:0 ;
in:2143 out:2144 type:b dur:2 cpbdur:2 q:0.00 aq:1.48 tex:54693 mv:198 misc:1637 imb:0 pmb:508 smb:1532 d:- ref:0 ;
in:2148 out:2145 type:P dur:2 cpbdur:2 q:0.00 aq:0.01 tex:157561 mv:618 misc:1973 imb:1 pmb:1095 smb:944 d:s ref:0 ;
in:2146 out:2146 type:B dur:2 cpbdur:2 q:0.00 aq:0.34 tex:91294 mv:418 misc:1856 imb:0 pmb:899 smb:1141 d:s ref:0 ;
in:2145 out:2147 type:b dur:2 cpbdur:2 q:0.00 aq:1.45 tex:49385 mv:369 misc:1662 imb:0 pmb:533 smb:1507 d:s ref:0 ;
in:2147 out:2148 type:b dur:2 cpbdur:2 q:0.00 aq:1.40 tex:50361 mv:284 misc:1603 imb:0 pmb:508 smb:1532 d:- ref:0 ;
in:2151 out:2149 type:P dur:2 cpbdur:2 q:0.54 aq:0.03 tex:140682 mv:485 misc:1953 imb:0 pmb:1082 smb:958 d:s ref:0 ;
in:2149 out:2150 type:B dur:2 cpbdur:2 q:0.87 aq:1.13 tex:62995 mv:227 misc:1778 imb:0 pmb:598 smb:1442 d:s ref:0 ;
in:2150 out:2151 type:b dur:2 cpbdur:2 q:1.21 aq:2.24 tex:32219 mv:265 misc:1244 imb:0 pmb:295 smb:1745 d:- ref:0 ;
in:2155 out:2152 type:P dur:2 cpbdur:2 q:0.63 aq:0.01 tex:172883 mv:846 misc:1943 imb:33 pmb:1078 smb:929 d:s ref:0 ;
in:2153 out:2153 type:B dur:2 cpbdur:2 q:1.03 aq:0.89 tex:68221 mv:406 misc:1813 imb:0 pmb:689 smb:1351 d:s ref:0 ;
in:2152 out:2154 type:b dur:2 cpbdur:2 q:1.22 aq:2.32 tex:44556 mv:365 misc:1335 imb:1 pmb:338 smb:1701 d:s ref:0 ;
in:2154 out:2155 type:b dur:2 cpbdur:2 q:1.22 aq:2.23 tex:27519 mv:300 misc:1325 imb:0 pmb:318 smb:1722 d:- ref:0 ;
in:2159 out:2156 type:P dur:2 cpbdur:2 q:0.75 aq:0.00 tex:118220 mv:374 misc:1942 imb:6 pmb:1069 smb:965 d:s ref:0 ;
in:2157 out:2157 type:B dur:2 cpbdur:2 q:1.09 aq:0.89 tex:55328 mv:361 misc:1783 imb:0 pmb:583 smb:1457 d:s ref:0 ;
in:2156 out:2158 type:b dur:2 cpbdur:2 q:1.43 aq:2.29 tex:26033 mv:258 misc:1237 imb:0 pmb:294 smb:1746 d:s ref:0 ;
in:2158 out:2159 type:b dur:2 cpbdur:2 q:1.43 aq:2.29 tex:21091 mv:340 misc:1233 imb:0 pmb:281 smb:1759 d:- ref:0 ;
in:2163 out:2160 type:P dur:2 cpbdur:2 q:1.82 aq:0.01 tex:490950 mv:1216 misc:786 imb:119 pmb:1636 smb:285 d:s ref:0 ;
in:2161 out:2161 type:B dur:2 cpbdur:2 q:1.82 aq:1.86 tex:93046 mv:678 misc:1940 imb:2 pmb:875 smb:1163 d:s ref:0 ;
in:2160 out:2162 type:b dur:2 cpbdur:2 q:1.82 aq:2.82 tex:40893 mv:765 misc:1766 imb:0 pmb:552 smb:1488 d:s ref:0 ;
in:2162 out:2163 type:b dur:2 cpbdur:2 q:1.82 aq:2.70 tex:33790 mv:688 misc:1570 imb:0 pmb:449 smb:1591 d:- ref:0 ;
in:2166 out:2164 type:P dur:2 cpbdur:2 q:1.76 aq:0.79 tex:144965 mv:498 misc:1985 imb:4 pmb:1036 smb:1000 d:s ref:0 ;
in:2164 out:2165 type:B dur:2 cpbdur:2 q:1.82 aq:1.77 tex:42174 mv:856 misc:1890 imb:0 pmb:688 smb:1352 d:s ref:0 ;
in:2165 out:2166 type:b dur:2 cpbdur:2 q:1.82 aq:2.60 tex:28735 mv:329 misc:1112 imb:0 pmb:252 smb:1788 d:- ref:0 ;
in:2170 out:2167 type:P dur:2 cpbdur:2 q:1.71 aq:0.00 tex:169626 mv:645 misc:1833 imb:6 pmb:1228 smb:806 d:s ref:0 ;
in:2168 out:2168 type:B dur:2 cpbdur:2 q:1.76 aq:1.02 tex:66969 mv:789 misc:1834 imb:0 pmb:672 smb:1368 d:s ref:0 ;
in:2167 out:2169 type:b dur:2 cpbdur:2 q:1.76 aq:2.47 tex:25913 mv:381 misc:1218 imb:0 pmb:298 smb:1742 d:s ref:0 ;
in:2169 out:2170 type:b dur:2 cpbdur:2 q:1.76 aq:2.36 tex:24203 mv:343 misc:1198 imb:0 pmb:282 smb:1758 d:- ref:0 ;
in:2174 out:2171 type:P dur:2 cpbdur:2 q:1.71 aq:0.00 tex:211076 mv:813 misc:1575 imb:7 pmb:1404 smb:629 d:s ref:0 ;
in:2172 out:2172 type:B dur:2 cpbdur:2 q:1.71 aq:1.58 tex:84989 mv:1284 misc:1911 imb:0 pmb:919 smb:1121 d:s ref:0 ;
in:2171 out:2173 type:b dur:2 cpbdur:2 q:1.71 aq:2.51 tex:34785 mv:850 misc:1701 imb:0 pmb:563 smb:1477 d:s ref:0 ;
in:2173 out:2174 type:b dur:2 cpbdur:2 q:1.71 aq:2.67 tex:28148 mv:841 misc:1603 imb:0 pmb:501 smb:1539 d:- ref:0 ;
in:2178 out:2175 type:P dur:2 cpbdur:2 q:1.71 aq:0.00 tex:148481 mv:526 misc:1929 imb:0 pmb:1170 smb:870 d:s ref:0 ;
in:2176 out:2176 type:B dur:2 cpbdur:2 q:1.71 aq:1.04 tex:61666 mv:764 misc:1898 imb:0 pmb:689 smb:1351 d:s ref:0 ;
in:2175 out:2177 type:b dur:2 cpbdur:2 q:1.71 aq:2.57 tex:20746 mv:517 misc:1377 imb:0 pmb:344 smb:1696 d:s ref:0 ;
in:2177 out:2178 type:b dur:2 cpbdur:2 q:1.71 aq:2.61 tex:18082 mv:253 misc:977 imb:0 pmb:212 smb:1828 d:- ref:0 ;
in:2182 out:2179 type:P dur:2 cpbdur:2 q:1.66 aq:0.01 tex:112646 mv:292 misc:1990 imb:1 pmb:1144 smb:895 d:s ref:0 ;
in:2180 out:2180 type:B dur:2 cpbdur:2 q:1.71 aq:0.97 tex:45029 mv:722 misc:1769 imb:0 pmb:635 smb:1405 d:s ref:0 ;
in:2179 out:2181 type:b dur:2 cpbdur:2 q:1.71 aq:2.47 tex:14464 mv:277 misc:1067 imb:0 pmb:233 smb:1807 d:s ref:0 ;
in:2181 out:2182 type:b dur:2 cpbdur:2 q:1.71 aq:2.45 tex:12603 mv:434 misc:1123 imb:0 pmb:261 smb:1779 d:- ref:0 ;
in:2186 out:2183 type:P dur:2 cpbdur:2 q:1.62 aq:0.02 tex:110173 mv:322 misc:2009 imb:1 pmb:1091 smb:948 d:s ref:0 ;
in:2184 out:2184 type:B dur:2 cpbdur:2 q:1.68 aq:0.93 tex:57781 mv:702 misc:1789 imb:0 pmb:607 smb:1433 d:s ref:0 ;
in:2183 out:2185 type:b dur:2 cpbdur:2 q:1.69 aq:2.52 tex:23548 mv:379 misc:1153 imb:0 pmb:263 smb:1777 d:s ref:0 ;
in:2185 out:2186 type:b dur:2 cpbdur:2 q:1.69 aq:2.63 tex:21829 mv:238 misc:1117 imb:0 pmb:260 smb:1780 d:- ref:0 ;
in:2190 out:2187 type:P dur:2 cpbdur:2 q:1.62 aq:0.01 tex:152675 mv:705 misc:2020 imb:11 pmb:1117 smb:912 d:s ref:0 ;
in:2188 out:2188 type:B dur:2 cpbdur:2 q:1.65 aq:1.02 tex:64011 mv:568 misc:1757 imb:2 pmb:583 smb:1455 d:s ref:0 ;
in:2187 out:2189 type:b dur:2 cpbdur:2 q:1.68 aq:2.57 tex:25761 mv:257 misc:1142 imb:0 pmb:263 smb:1777 d:s ref:0 ;
in:2189 out:2190 type:b dur:2 cpbdur:2 q:1.68 aq:2.68 tex:26559 mv:348 misc:1165 imb:0 pmb:281 smb:1759 d:- ref:0 ;
in:2192 out:2191 type:P dur:2 cpbdur:2 q:1.59 aq:0.00 tex:127103 mv:387 misc:2078 imb:0 pmb:1052 smb:988 d:s ref:0 ;
in:2191 out:2192 type:b dur:2 cpbdur:2 q:1.65 aq:2.56 tex:23102 mv:239 misc:1067 imb:0 pmb:245 smb:1795 d:s ref:0 ;
in:2196 out:2193 type:P dur:2 cpbdur:2 q:1.59 aq:0.00 tex:143255 mv:626 misc:2047 imb:1 pmb:1027 smb:1012 d:s ref:0 ;
in:2194 out:2194 type:B dur:2 cpbdur:2 q:1.63 aq:0.95 tex:67601 mv:218 misc:1709 imb:0 pmb:571 smb:1469 d:s ref:0 ;
in:2193 out:2195 type:b dur:2 cpbdur:2 q:1.68 aq:2.67 tex:23699 mv:224 misc:1045 imb:0 pmb:236 smb:1804 d:s ref:0 ;
in:2195 out:2196 type:b dur:2 cpbdur:2 q:1.68 aq:2.67 tex:20881 mv:215 misc:1024 imb:0 pmb:235 smb:1805 d:- ref:0 ;
in:2200 out:2197 type:P dur:2 cpbdur:2 q:1.59 aq:0.01 tex:136223 mv:536 misc:2049 imb:0 pmb:1053 smb:987 d:s ref:0 ;
in:2198 out:2198 type:B dur:2 cpbdur:2 q:1.63 aq:1.03 tex:56816 mv:338 misc:1750 imb:0 pmb:573 smb:1467 d:s ref:0 ;
in:2197 out:2199 type:b dur:2 cpbdur:2 q:1.68 aq:2.65 tex:20261 mv:215 misc:1044 imb:0 pmb:232 smb:1808 d:s ref:0 ;
in:2199 out:2200 type:b dur:2 cpbdur:2 q:1.68 aq:2.69 tex:18100 mv:226 misc:1050 imb:0 pmb:227 smb:1813 d:- ref:0 ;
in:2204 out:2201 type:P dur:2 cpbdur:2 q:1.54 aq:0.02 tex:113386 mv:324 misc:2042 imb:1 pmb:1064 smb:975 d:s ref:0 ;
in:2202 out:2202 type:B dur:2 cpbdur:2 q:1.63 aq:0.89 tex:49610 mv:481 misc:1797 imb:0 pmb:601 smb:1439 d:s ref:0 ;
in:2201 out:2203 type:b dur:2 cpbdur:2 q:1.68 aq:2.75 tex:16604 mv:243 misc:1057 imb:0 pmb:228 smb:1812 d:s ref:0 ;
in:2203 out:2204 type:b dur:2 cpbdur:2 q:1.68 aq:2.61 tex:13655 mv:402 misc:1063 imb:0 pmb:234 smb:1806 d:- ref:0 ;
in:2208 out:2205 type:P dur:2 cpbdur:2 q:1.50 aq:0.00 tex:104372 mv:322 misc:2042 imb:1 pmb:1060 smb:979 d:s ref:0 ;
in:2206 out:2206 type:B dur:2 cpbdur:2 q:1.60 aq:0.97 tex:55851 mv:530 misc:1779 imb:0 pmb:585 smb:1455 d:s ref:0 ;
in:2205 out:2207 type:b dur:2 cpbdur:2 q:1.66 aq:2.79 tex:10963 mv:338 misc:955 imb:0 pmb:202 smb:1838 d:s ref:0 ;
in:2207 out:2208 type:b dur:2 cpbdur:2 q:1.66 aq:2.85 tex:19271 mv:202 misc:903 imb:0 pmb:186 smb:1854 d:- ref:0 ;
in:2211 out:2209 type:P dur:2 cpbdur:2 q:1.46 aq:0.00 tex:121245 mv:462 misc:2053 imb:1 pmb:1023 smb:1016 d:s ref:0 ;
in:2209 out:2210 type:B dur:2 cpbdur:2 q:1.57 aq:1.49 tex:41783 mv:89 misc:1504 imb:0 pmb:401 smb:1639 d:s ref:0 ;
in:2210 out:2211 type:b dur:2 cpbdur:2 q:1.65 aq:2.82 tex:19706 mv:193 misc:853 imb:0 pmb:180 smb:1860 d:- ref:0 ;
in:2215 out:2212 type:P dur:2 cpbdur:2 q:1.43 aq:0.03 tex:140763 mv:565 misc:2072 imb:0 pmb:1046 smb:994 d:s ref:0 ;
in:2213 out:2213 type:B dur:2 cpbdur:2 q:1.54 aq:1.04 tex:62346 mv:241 misc:1725 imb:0 pmb:535 smb:1505 d:s ref:0 ;
in:2212 out:2214 type:b dur:2 cpbdur:2 q:1.63 aq:2.65 tex:23906 mv:241 misc:1053 imb:0 pmb:241 smb:1799 d:s ref:0 ;
in:2214 out:2215 type:b dur:2 cpbdur:2 q:1.63 aq:2.67 tex:24115 mv:189 misc:1016 imb:0 pmb:231 smb:1809 d:- ref:0 ;
in:2219 out:2216 type:P dur:2 cpbdur:2 q:1.43 aq:0.00 tex:145104 mv:651 misc:2093 imb:2 pmb:1044 smb:994 d:s ref:0 ;
in:2217 out:2217 type:B dur:2 cpbdur:2 q:1.53 aq:0.93 tex:64754 mv:294 misc:1656 imb:0 pmb:552 smb:1488 d:s ref:0 ;
in:2216 out:2218 type:b dur:2 cpbdur:2 q:1.63 aq:2.67 tex:26706 mv:205 misc:1017 imb:0 pmb:233 smb:1807 d:s ref:0 ;
in:2218 out:2219 type:b dur:2 cpbdur:2 q:1.63 aq:2.63 tex:22464 mv:254 misc:1042 imb:0 pmb:246 smb:1794 d:- ref:0 ;
in:2223 out:2220 type:P dur:2 cpbdur:2 q:1.76 aq:0.80 tex:361340 mv:943 misc:1213 imb:33 pmb:1463 smb:544 d:s ref:0 ;
in:2221 out:2221 type:B dur:2 cpbdur:2 q:1.76 aq:1.23 tex:99799 mv:875 misc:1846 imb:2 pmb:1070 smb:968 d:s ref:0 ;
in:2220 out:2222 type:b dur:2 cpbdur:2 q:1.76 aq:3.40 tex:61685 mv:1128 misc:1963 imb:7 pmb:870 smb:1163 d:s ref:0 ;
in:2222 out:2223 type:b dur:2 cpbdur:2 q:1.76 aq:2.75 tex:22669 mv:709 misc:1606 imb:0 pmb:471 smb:1569 d:- ref:0 ;
in:2227 out:2224 type:P dur:2 cpbdur:2 q:1.75 aq:0.02 tex:140374 mv:352 misc:1634 imb:4 pmb:1303 smb:733 d:s ref:0 ;
in:2225 out:2225 type:B dur:2 cpbdur:2 q:1.76 aq:1.10 tex:49712 mv:972 misc:1860 imb:1 pmb:791 smb:1248 d:s ref:0 ;
in:2224 out:2226 type:b dur:2 cpbdur:2 q:1.76 aq:2.61 tex:17943 mv:550 misc:1507 imb:0 pmb:408 smb:1632 d:s ref:0 ;
in:2226 out:2227 type:b dur:2 cpbdur:2 q:1.76 aq:2.64 tex:12536 mv:396 misc:1260 imb:0 pmb:282 smb:1758 d:- ref:0 ;
in:2231 out:2228 type:P dur:2 cpbdur:2 q:1.65 aq:0.03 tex:123795 mv:329 misc:1828 imb:4 pmb:1184 smb:852 d:s ref:0 ;
in:2229 out:2229 type:B dur:2 cpbdur:2 q:1.76 aq:0.97 tex:58827 mv:837 misc:1728 imb:0 pmb:632 smb:1408 d:s ref:0 ;
in:2228 out:2230 type:b dur:2 cpbdur:2 q:1.76 aq:2.61 tex:25088 mv:478 misc:1386 imb:0 pmb:345 smb:1695 d:s ref:0 ;
in:2230 out:2231 type:b dur:2 cpbdur:2 q:1.76 aq:2.57 tex:24314 mv:217 misc:1133 imb:0 pmb:252 smb:1788 d:- ref:0 ;
in:2234 out:2232 type:P dur:2 cpbdur:2 q:1.62 aq:0.02 tex:134858 mv:439 misc:1895 imb:3 pmb:1133 smb:904 d:s ref:0 ;
in:2232 out:2233 type:B dur:2 cpbdur:2 q:1.68 aq:1.74 tex:41681 mv:183 misc:1504 imb:0 pmb:404 smb:1636 d:s ref:0 ;
in:2233 out:2234 type:b dur:2 cpbdur:2 q:1.69 aq:2.63 tex:26401 mv:217 misc:1150 imb:0 pmb:264 smb:1776 d:- ref:0 ;
in:2238 out:2235 type:P dur:2 cpbdur:2 q:1.62 aq:0.01 tex:153002 mv:683 misc:1947 imb:4 pmb:1131 smb:905 d:s ref:0 ;
in:2236 out:2236 type:B dur:2 cpbdur:2 q:1.66 aq:1.01 tex:63932 mv:397 misc:1639 imb:0 pmb:549 smb:1491 d:s ref:0 ;
in:2235 out:2237 type:b dur:2 cpbdur:2 q:1.69 aq:2.57 tex:26454 mv:248 misc:1186 imb:0 pmb:268 smb:1772 d:s ref:0 ;
in:2237 out:2238 type:b dur:2 cpbdur:2 q:1.69 aq:2.53 tex:27638 mv:209 misc:1105 imb:0 pmb:251 smb:1789 d:- ref:0 ;
in:2242 out:2239 type:P dur:2 cpbdur:2 q:1.62 aq:0.00 tex:145530 mv:620 misc:1938 imb:4 pmb:1111 smb:925 d:s ref:0 ;
in:2240 out:2240 type:B dur:2 cpbdur:2 q:1.66 aq:1.00 tex:63565 mv:231 misc:1620 imb:0 pmb:550 smb:1490 d:s ref:0 ;
in:2239 out:2241 type:b dur:2 cpbdur:2 q:1.69 aq:2.54 tex:27991 mv:217 misc:1120 imb:0 pmb:254 smb:1786 d:s ref:0 ;
in:2241 out:2242 type:b dur:2 cpbdur:2 q:1.69 aq:2.57 tex:22996 mv:209 misc:1107 imb:0 pmb:251 smb:1789 d:- ref:0 ;
in:2246 out:2243 type:P dur:2 cpbdur:2 q:1.62 aq:0.00 tex:140150 mv:598 misc:1908 imb:4 pmb:1123 smb:913 d:s ref:0 ;
in:2244 out:2244 type:B dur:2 cpbdur:2 q:1.66 aq:1.00 tex:56521 mv:332 misc:1611 imb:0 pmb:532 smb:1508 d:s ref:0 ;
in:2243 out:2245 type:b dur:2 cpbdur:2 q:1.69 aq:2.53 tex:23265 mv:251 misc:1156 imb:0 pmb:277 smb:1763 d:s ref:0 ;
in:2245 out:2246 type:b dur:2 cpbdur:2 q:1.69 aq:2.49 tex:20550 mv:216 misc:1066 imb:0 pmb:240 smb:1800 d:- ref:0 ;
in:2250 out:2247 type:P dur:2 cpbdur:2 q:1.57 aq:0.00 tex:117811 mv:298 misc:1915 imb:2 pmb:1138 smb:900 d:s ref:0 ;
in:2248 out:2248 type:B dur:2 cpbdur:2 q:1.66 aq:1.04 tex:49995 mv:481 misc:1588 imb:0 pmb:547 smb:1493 d:s ref:0 ;
in:2247 out:2249 type:b dur:2 cpbdur:2 q:1.69 aq:2.53 tex:17455 mv:264 misc:1041 imb:0 pmb:232 smb:1808 d:s ref:0 ;
in:2249 out:2250 type:b dur:2 cpbdur:2 q:1.69 aq:2.52 tex:16080 mv:344 misc:1120 imb:0 pmb:243 smb:1797 d:- ref:0 ;
in:2254 out:2251 type:P dur:2 cpbdur:2 q:1.53 aq:0.00 tex:120098 mv:373 misc:1913 imb:3 pmb:1114 smb:923 d:s ref:0 ;
in:2252 out:2252 type:B dur:2 cpbdur:2 q:1.63 aq:1.03 tex:59990 mv:424 misc:1650 imb:0 pmb:573 smb:1467 d:s ref:0 ;
in:2251 out:2253 type:b dur:2 cpbdur:2 q:1.68 aq:2.49 tex:25742 mv:313 misc:1193 imb:0 pmb:258 smb:1782 d:s ref:0 ;
in:2253 out:2254 type:b dur:2 cpbdur:2 q:1.68 aq:2.50 tex:27403 mv:241 misc:1172 imb:0 pmb:265 smb:1775 d:- ref:0 ;
in:2258 out:2255 type:P dur:2 cpbdur:2 q:1.53 aq:0.02 tex:145728 mv:615 misc:1913 imb:4 pmb:1125 smb:911 d:s ref:0 ;
in:2256 out:2256 type:B dur:2 cpbdur:2 q:1.60 aq:0.94 tex:66441 mv:313 misc:1670 imb:0 pmb:583 smb:1457 d:s ref:0 ;
in:2255 out:2257 type:b dur:2 cpbdur:2 q:1.66 aq:2.53 tex:28525 mv:234 misc:1129 imb:0 pmb:257 smb:1783 d:s ref:0 ;
in:2257 out:2258 type:b dur:2 cpbdur:2 q:1.66 aq:2.54 tex:26491 mv:237 misc:1120 imb:0 pmb:254 smb:1786 d:- ref:0 ;
in:2262 out:2259 type:P dur:2 cpbdur:2 q:1.51 aq:0.06 tex:154993 mv:693 misc:1930 imb:3 pmb:1114 smb:923 d:s ref:0 ;
in:2260 out:2260 type:B dur:2 cpbdur:2 q:1.60 aq:0.87 tex:65232 mv:210 misc:1718 imb:0 pmb:603 smb:1437 d:s ref:0 ;
in:2259 out:2261 type:b dur:2 cpbdur:2 q:1.66 aq:2.58 tex:27224 mv:242 misc:1166 imb:0 pmb:274 smb:1766 d:s ref:0 ;
in:2261 out:2262 type:b dur:2 cpbdur:2 q:1.66 aq:2.48 tex:26534 mv:221 misc:1181 imb:0 pmb:268 smb:1772 d:- ref:0 ;
in:2266 out:2263 type:P dur:2 cpbdur:2 q:1.44 aq:0.00 tex:275601 mv:1171 misc:1228 imb:51 pmb:1492 smb:497 d:s ref:0 ;
in:2264 out:2264 type:B dur:2 cpbdur:2 q:1.60 aq:1.44 tex:66805 mv:1265 misc:1938 imb:0 pmb:853 smb:1187 d:s ref:0 ;
in:2263 out:2265 type:b dur:2 cpbdur:2 q:1.71 aq:2.73 tex:26387 mv:441 misc:1284 imb:0 pmb:328 smb:1712 d:s ref:0 ;
in:2265 out:2266 type:b dur:2 cpbdur:2 q:1.66 aq:2.85 tex:32959 mv:916 misc:1853 imb:0 pmb:670 smb:1370 d:- ref:0 ;
in:2268 out:2267 type:P dur:2 cpbdur:2 q:1.47 aq:0.00 tex:137449 mv:356 misc:1771 imb:3 pmb:1269 smb:768 d:s ref:0 ;
in:2267 out:2268 type:b dur:2 cpbdur:2 q:1.62 aq:2.57 tex:29445 mv:581 misc:1622 imb:0 pmb:474 smb:1566 d:s ref:0 ;
in:2272 out:2269 type:P dur:2 cpbdur:2 q:1.76 aq:0.01 tex:278748 mv:579 misc:1121 imb:27 pmb:1557 smb:456 d:s ref:0 ;
in:2270 out:2270 type:B dur:2 cpbdur:2 q:1.76 aq:1.25 tex:84902 mv:1145 misc:1921 imb:0 pmb:1124 smb:916 d:s ref:0 ;
in:2269 out:2271 type:b dur:2 cpbdur:2 q:1.76 aq:2.73 tex:33456 mv:972 misc:1860 imb:0 pmb:714 smb:1326 d:s ref:0 ;
in:2271 out:2272 type:b dur:2 cpbdur:2 q:1.76 aq:2.60 tex:16038 mv:622 misc:1500 imb:0 pmb:391 smb:1649 d:- ref:0 ;
in:2276 out:2273 type:P dur:2 cpbdur:2 q:1.76 aq:0.00 tex:360803 mv:563 misc:1098 imb:23 pmb:1584 smb:433 d:s ref:0 ;
in:2274 out:2274 type:B dur:2 cpbdur:2 q:1.76 aq:1.82 tex:86932 mv:783 misc:1933 imb:0 pmb:896 smb:1144 d:s ref:0 ;
in:2273 out:2275 type:b dur:2 cpbdur:2 q:1.76 aq:2.94 tex:54061 mv:1563 misc:1784 imb:0 pmb:927 smb:1113 d:s ref:0 ;
in:2275 out:2276 type:b dur:2 cpbdur:2 q:1.76 aq:2.49 tex:28273 mv:787 misc:1572 imb:0 pmb:472 smb:1568 d:- ref:0 ;
in:2280 out:2277 type:P dur:2 cpbdur:2 q:1.76 aq:0.00 tex:236940 mv:695 misc:1261 imb:10 pmb:1470 smb:560 d:s ref:0 ;
in:2278 out:2278 type:B dur:2 cpbdur:2 q:1.76 aq:1.41 tex:98250 mv:1642 misc:1828 imb:0 pmb:1077 smb:963 d:s ref:0 ;
in:2277 out:2279 type:b dur:2 cpbdur:2 q:1.76 aq:2.68 tex:30071 mv:746 misc:1575 imb:0 pmb:465 smb:1575 d:s ref:0 ;
in:2279 out:2280 type:b dur:2 cpbdur:2 q:1.76 aq:2.80 tex:39488 mv:1105 misc:1751 imb:0 pmb:648 smb:1392 d:- ref:0 ;
in:2284 out:2281 type:P dur:2 cpbdur:2 q:1.76 aq:0.00 tex:648406 mv:1759 misc:643 imb:137 pmb:1684 smb:219 d:s ref:0 ;
in:2282 out:2282 type:B dur:2 cpbdur:2 q:1.76 aq:1.05 tex:128391 mv:608 misc:1689 imb:0 pmb:1201 smb:839 d:s ref:0 ;
in:2281 out:2283 type:b dur:2 cpbdur:2 q:1.76 aq:2.87 tex:41444 mv:672 misc:1820 imb:0 pmb:626 smb:1414 d:s ref:0 ;
in:2283 out:2284 type:b dur:2 cpbdur:2 q:1.76 aq:2.84 tex:28290 mv:771 misc:1739 imb:0 pmb:572 smb:1468 d:- ref:0 ;
in:2288 out:2285 type:P dur:2 cpbdur:2 q:1.71 aq:0.01 tex:233022 mv:876 misc:1318 imb:33 pmb:1449 smb:558 d:s ref:0 ;
in:2286 out:2286 type:B dur:2 cpbdur:2 q:1.76 aq:1.23 tex:75748 mv:1509 misc:1855 imb:0 pmb:996 smb:1044 d:s ref:0 ;
in:2285 out:2287 type:b dur:2 cpbdur:2 q:1.76 aq:2.46 tex:22598 mv:662 misc:1700 imb:0 pmb:524 smb:1516 d:s ref:0 ;
in:2287 out:2288 type:b dur:2 cpbdur:2 q:1.76 aq:2.68 tex:36124 mv:582 misc:1494 imb:0 pmb:409 smb:1631 d:- ref:0 ;
in:2290 out:2289 type:P dur:2 cpbdur:2 q:1.71 aq:0.02 tex:128872 mv:372 misc:1860 imb:2 pmb:1209 smb:829 d:s ref:0 ;
in:2289 out:2290 type:b dur:2 cpbdur:2 q:1.71 aq:2.52 tex:26176 mv:380 misc:1284 imb:0 pmb:318 smb:1722 d:s ref:0 ;
in:2293 out:2291 type:P dur:2 cpbdur:2 q:1.66 aq:0.01 tex:116132 mv:372 misc:1928 imb:4 pmb:1139 smb:897 d:s ref:0 ;
in:2291 out:2292 type:B dur:2 cpbdur:2 q:1.71 aq:1.62 tex:37207 mv:272 misc:1585 imb:0 pmb:462 smb:1578 d:s ref:0 ;
in:2292 out:2293 type:b dur:2 cpbdur:2 q:1.71 aq:2.51 tex:17655 mv:295 misc:1106 imb:0 pmb:239 smb:1801 d:- ref:0 ;
in:2297 out:2294 type:P dur:2 cpbdur:2 q:1.62 aq:0.00 tex:122772 mv:341 misc:1799 imb:2 pmb:1257 smb:781 d:s ref:0 ;
in:2295 out:2295 type:B dur:2 cpbdur:2 q:1.68 aq:1.23 tex:71220 mv:880 misc:1836 imb:1 pmb:725 smb:1314 d:s ref:0 ;
in:2294 out:2296 type:b dur:2 cpbdur:2 q:1.69 aq:2.68 tex:20214 mv:578 misc:1432 imb:0 pmb:369 smb:1671 d:s ref:0 ;
in:2296 out:2297 type:b dur:2 cpbdur:2 q:1.69 aq:2.42 tex:23012 mv:449 misc:1283 imb:0 pmb:300 smb:1740 d:- ref:0 ;
in:2298 out:2298 type:P dur:2 cpbdur:2 q:1.57 aq:0.01 tex:97429 mv:330 misc:1961 imb:4 pmb:1135 smb:901 d:s ref:0 ;
in:2301 out:2299 type:P dur:2 cpbdur:2 q:1.57 aq:0.03 tex:133641 mv:487 misc:1920 imb:2 pmb:1122 smb:916 d:s ref:0 ;
in:2299 out:2300 type:B dur:2 cpbdur:2 q:1.62 aq:1.49 tex:43254 mv:175 misc:1595 imb:0 pmb:448 smb:1592 d:s ref:0 ;
in:2300 out:2301 type:b dur:2 cpbdur:2 q:1.66 aq:2.49 tex:22049 mv:210 misc:1053 imb:0 pmb:228 smb:1812 d:- ref:0 ;
in:2305 out:2302 type:P dur:2 cpbdur:2 q:1.44 aq:0.02 tex:182265 mv:741 misc:1874 imb:10 pmb:1164 smb:866 d:s ref:0 ;
in:2303 out:2303 type:B dur:2 cpbdur:2 q:1.62 aq:1.14 tex:75899 mv:418 misc:1811 imb:0 pmb:675 smb:1365 d:s ref:0 ;
in:2302 out:2304 type:b dur:2 cpbdur:2 q:1.66 aq:2.38 tex:25527 mv:295 misc:1218 imb:0 pmb:296 smb:1744 d:s ref:0 ;
in:2304 out:2305 type:b dur:2 cpbdur:2 q:1.66 aq:2.56 tex:42796 mv:474 misc:1218 imb:0 pmb:310 smb:1730 d:- ref:0 ;
in:2309 out:2306 type:P dur:2 cpbdur:2 q:1.46 aq:0.04 tex:184297 mv:884 misc:1923 imb:19 pmb:1179 smb:842 d:s ref:0 ;
in:2307 out:2307 type:B dur:2 cpbdur:2 q:1.57 aq:1.07 tex:80400 mv:690 misc:1742 imb:5 pmb:649 smb:1386 d:s ref:0 ;
in:2306 out:2308 type:b dur:2 cpbdur:2 q:1.65 aq:2.47 tex:35426 mv:346 misc:1148 imb:1 pmb:273 smb:1766 d:s ref:0 ;
in:2308 out:2309 type:b dur:2 cpbdur:2 q:1.65 aq:2.37 tex:23720 mv:402 misc:1278 imb:0 pmb:311 smb:1729 d:- ref:0 ;
in:2312 out:2310 type:P dur:2 cpbdur:2 q:1.44 aq:0.00 tex:147975 mv:824 misc:1897 imb:13 pmb:1181 smb:846 d:s ref:0 ;
in:2310 out:2311 type:B dur:2 cpbdur:2 q:1.54 aq:1.62 tex:47078 mv:461 misc:1709 imb:0 pmb:539 smb:1501 d:s ref:0 ;
in:2311 out:2312 type:b dur:2 cpbdur:2 q:1.63 aq:2.47 tex:23466 mv:390 misc:1136 imb:0 pmb:272 smb:1768 d:- ref:0 ;
in:2316 out:2313 type:P dur:2 cpbdur:2 q:1.40 aq:0.00 tex:115537 mv:319 misc:1944 imb:3 pmb:1131 smb:906 d:s ref:0 ;
in:2314 out:2314 type:B dur:2 cpbdur:2 q:1.54 aq:0.95 tex:51480 mv:353 misc:1767 imb:0 pmb:634 smb:1406 d:s ref:0 ;
in:2313 out:2315 type:b dur:2 cpbdur:2 q:1.63 aq:2.35 tex:19498 mv:260 misc:1130 imb:0 pmb:263 smb:1777 d:s ref:0 ;
in:2315 out:2316 type:b dur:2 cpbdur:2 q:1.63 aq:2.34 tex:16359 mv:306 misc:1143 imb:0 pmb:257 smb:1783 d:- ref:0 ;
in:2320 out:2317 type:P dur:2 cpbdur:2 q:1.35 aq:0.00 tex:107703 mv:373 misc:1916 imb:13 pmb:1146 smb:881 d:s ref:0 ;
in:2318 out:2318 type:B dur:2 cpbdur:2 q:1.71 aq:1.20 tex:59189 mv:519 misc:1764 imb:0 pmb:630 smb:1410 d:s ref:0 ;
in:2317 out:2319 type:b dur:2 cpbdur:2 q:1.71 aq:2.37 tex:14402 mv:382 misc:1184 imb:0 pmb:270 smb:1770 d:s ref:0 ;
in:2319 out:2320 type:b dur:2 cpbdur:2 q:1.71 aq:2.28 tex:24494 mv:304 misc:1186 imb:0 pmb:268 smb:1772 d:- ref:0 ;
in:2324 out:2321 type:P dur:2 cpbdur:2 q:1.31 aq:0.00 tex:139704 mv:506 misc:1902 imb:2 pmb:1140 smb:898 d:s ref:0 ;
in:2322 out:2322 type:B dur:2 cpbdur:2 q:1.49 aq:1.01 tex:71351 mv:331 misc:1798 imb:0 pmb:713 smb:1327 d:s ref:0 ;
in:2321 out:2323 type:b dur:2 cpbdur:2 q:1.60 aq:2.35 tex:26110 mv:221 misc:1197 imb:0 pmb:277 smb:1763 d:s ref:0 ;
in:2323 out:2324 type:b dur:2 cpbdur:2 q:1.60 aq:2.32 tex:26889 mv:307 misc:1244 imb:0 pmb:302 smb:1738 d:- ref:0 ;
in:2328 out:2325 type:P dur:2 cpbdur:2 q:1.29 aq:0.03 tex:248394 mv:815 misc:1255 imb:10 pmb:1475 smb:555 d:s ref:0 ;
in:2326 out:2326 type:B dur:2 cpbdur:2 q:1.46 aq:0.89 tex:86966 mv:1504 misc:1818 imb:0 pmb:1057 smb:983 d:s ref:0 ;
in:2325 out:2327 type:b dur:2 cpbdur:2 q:1.59 aq:2.54 tex:27909 mv:429 misc:1358 imb:0 pmb:336 smb:1704 d:s ref:0 ;
in:2327 out:2328 type:b dur:2 cpbdur:2 q:1.59 aq:2.62 tex:40370 mv:1098 misc:1812 imb:0 pmb:676 smb:1364 d:- ref:0 ;
in:2330 out:2329 type:P dur:2 cpbdur:2 q:0.41 aq:0.86 tex:229493 mv:465 misc:1322 imb:2 pmb:1417 smb:621 d:s ref:0 ;
in:2329 out:2330 type:b dur:2 cpbdur:2 q:1.69 aq:2.83 tex:60545 mv:1184 misc:1783 imb:0 pmb:861 smb:1179 d:s ref:0 ;
in:2331 out:2331 type:I dur:2 cpbdur:2 q:13.95 aq:4.48 tex:2197668 mv:70006 misc:206 imb:2040 pmb:0 smb:0 d:s ref:;
in:2335 out:2332 type:P dur:2 cpbdur:2 q:0.25 aq:0.13 tex:515132 mv:1158 misc:1022 imb:58 pmb:1610 smb:372 d:s ref:0 ;
in:2333 out:2333 type:B dur:2 cpbdur:2 q:13.54 aq:10.20 tex:2638 mv:103 misc:403 imb:0 pmb:56 smb:1984 d:s ref:0 ;
in:2332 out:2334 type:b dur:2 cpbdur:2 q:13.54 aq:15.49 tex:316 mv:59 misc:265 imb:0 pmb:15 smb:2025 d:s ref:0 ;
in:2334 out:2335 type:b dur:2 cpbdur:2 q:13.54 aq:15.29 tex:220 mv:19 misc:241 imb:0 pmb:8 smb:2032 d:- ref:0 ;
in:2339 out:2336 type:P dur:2 cpbdur:2 q:0.00 aq:0.00 tex:257552 mv:1657 misc:1399 imb:160 pmb:1364 smb:516 d:s ref:0 ;
in:2337 out:2337 type:B dur:2 cpbdur:2 q:0.25 aq:0.47 tex:91766 mv:1731 misc:1783 imb:0 pmb:1206 smb:834 d:s ref:0 ;
in:2336 out:2338 type:b dur:2 cpbdur:2 q:0.25 aq:1.81 tex:39109 mv:992 misc:1859 imb:0 pmb:734 smb:1306 d:s ref:0 ;
in:2338 out:2339 type:b dur:2 cpbdur:2 q:0.25 aq:1.85 tex:35984 mv:1009 misc:1871 imb:0 pmb:658 smb:1382 d:- ref:0 ;
in:2343 out:2340 type:P dur:2 cpbdur:2 q:0.00 aq:0.00 tex:398246 mv:951 misc:963 imb:92 pmb:1576 smb:372 d:s ref:0 ;
in:2341 out:2341 type:B dur:2 cpbdur:2 q:0.00 aq:0.54 tex:120239 mv:982 misc:1771 imb:0 pmb:1196 smb:844 d:s ref:0 ;
in:2340 out:2342 type:b dur:2 cpbdur:2 q:0.00 aq:1.77 tex:79655 mv:933 misc:1948 imb:11 pmb:975 smb:1054 d:s ref:0 ;
in:2342 out:2343 type:b dur:2 cpbdur:2 q:0.00 aq:1.37 tex:52211 mv:883 misc:1770 imb:0 pmb:721 smb:1319 d:- ref:0 ;
in:2347 out:2344 type:P dur:2 cpbdur:2 q:0.00 aq:0.00 tex:166126 mv:513 misc:1593 imb:1 pmb:1242 smb:797 d:s ref:0 ;
in:2345 out:2345 type:B dur:2 cpbdur:2 q:0.00 aq:0.50 tex:88638 mv:1087 misc:1771 imb:0 pmb:959 smb:1081 d:s ref:0 ;
in:2344 out:2346 type:b dur:2 cpbdur:2 q:0.00 aq:1.38 tex:52568 mv:878 misc:1754 imb:0 pmb:716 smb:1324 d:s ref:0 ;
in:2346 out:2347 type:b dur:2 cpbdur:2 q:0.00 aq:1.39 tex:55321 mv:364 misc:1699 imb:0 pmb:616 smb:1424 d:- ref:0 ;
in:2349 out:2348 type:P dur:2 cpbdur:2 q:0.00 aq:0.00 tex:133885 mv:426 misc:1841 imb:0 pmb:1101 smb:939 d:s ref:0 ;
in:2348 out:2349 type:b dur:2 cpbdur:2 q:0.00 aq:1.25 tex:55436 mv:552 misc:1684 imb:1 pmb:612 smb:1427 d:s ref:0 ;
in:2353 out:2350 type:P dur:2 cpbdur:2 q:0.00 aq:0.00 tex:270137 mv:2015 misc:1880 imb:165 pmb:1084 smb:791 d:s ref:0 ;
in:2351 out:2351 type:B dur:2 cpbdur:2 q:0.00 aq:0.66 tex:106612 mv:569 misc:1883 imb:5 pmb:802 smb:1233 d:s ref:0 ;
in:2350 out:2352 type:b dur:2 cpbdur:2 q:0.00 aq:1.33 tex:53827 mv:311 misc:1710 imb:0 pmb:589 smb:1451 d:s ref:0 ;
in:2352 out:2353 type:b dur:2 cpbdur:2 q:0.00 aq:1.36 tex:62644 mv:543 misc:1773 imb:2 pmb:639 smb:1399 d:- ref:0 ;
in:2357 out:2354 type:P dur:2 cpbdur:2 q:0.00 aq:0.02 tex:171850 mv:870 misc:1800 imb:30 pmb:1186 smb:824 d:s ref:0 ;
in:2355 out:2355 type:B dur:2 cpbdur:2 q:0.00 aq:0.55 tex:89373 mv:795 misc:1856 imb:2 pmb:962 smb:1076 d:s ref:0 ;
in:2354 out:2356 type:b dur:2 cpbdur:2 q:0.00 aq:1.49 tex:55165 mv:766 misc:1781 imb:1 pmb:693 smb:1346 d:s ref:0 ;
in:2356 out:2357 type:b dur:2 cpbdur:2 q:0.00 aq:1.36 tex:50250 mv:525 misc:1753 imb:0 pmb:625 smb:1415 d:- ref:0 ;
in:2361 out:2358 type:P dur:2 cpbdur:2 q:0.00 aq:0.00 tex:180810 mv:1529 misc:1861 imb:163 pmb:1080 smb:797 d:s ref:0 ;
in:2359 out:2359 type:B dur:2 cpbdur:2 q:0.00 aq:0.44 tex:75620 mv:650 misc:1938 imb:1 pmb:962 smb:1077 d:s ref:0 ;
in:2358 out:2360 type:b dur:2 cpbdur:2 q:0.00 aq:1.40 tex:49661 mv:392 misc:1715 imb:0 pmb:599 smb:1441 d:s ref:0 ;
in:2360 out:2361 type:b dur:2 cpbdur:2 q:0.00 aq:1.36 tex:41222 mv:528 misc:1730 imb:0 pmb:640 smb:1400 d:- ref:0 ;
in:2365 out:2362 type:P dur:2 cpbdur:2 q:0.00 aq:0.00 tex:109188 mv:486 misc:1846 imb:26 pmb:1130 smb:884 d:s ref:0 ;
in:2363 out:2363 type:B dur:2 cpbdur:2 q:0.00 aq:0.47 tex:81095 mv:748 misc:1869 imb:0 pmb:946 smb:1094 d:s ref:0 ;
in:2362 out:2364 type:b dur:2 cpbdur:2 q:0.00 aq:1.43 tex:35962 mv:555 misc:1723 imb:0 pmb:607 smb:1433 d:s ref:0 ;
in:2364 out:2365 type:b dur:2 cpbdur:2 q:0.00 aq:1.35 tex:46352 mv:451 misc:1701 imb:0 pmb:575 smb:1465 d:- ref:0 ;
in:2369 out:2366 type:P dur:2 cpbdur:2 q:0.00 aq:0.00 tex:133132 mv:474 misc:1850 imb:1 pmb:1063 smb:976 d:s ref:0 ;
in:2367 out:2367 type:B dur:2 cpbdur:2 q:0.00 aq:0.39 tex:85435 mv:179 misc:1842 imb:0 pmb:861 smb:1179 d:s ref:0 ;
in:2366 out:2368 type:b dur:2 cpbdur:2 q:0.00 aq:1.33 tex:49444 mv:198 misc:1662 imb:0 pmb:567 smb:1473 d:s ref:0 ;
in:2368 out:2369 type:b dur:2 cpbdur:2 q:0.00 aq:1.34 tex:50906 mv:187 misc:1635 imb:0 pmb:564 smb:1476 d:- ref:0 ;
in:2373 out:2370 type:P dur:2 cpbdur:2 q:0.00 aq:0.00 tex:249164 mv:1842 misc:1818 imb:149 pmb:1094 smb:797 d:s ref:0 ;
in:2371 out:2371 type:B dur:2 cpbdur:2 q:0.00 aq:0.35 tex:94142 mv:446 misc:1892 imb:0 pmb:957 smb:1083 d:s ref:0 ;
in:2370 out:2372 type:b dur:2 cpbdur:2 q:0.00 aq:1.43 tex:52192 mv:285 misc:1691 imb:0 pmb:589 smb:1451 d:s ref:0 ;
in:2372 out:2373 type:b dur:2 cpbdur:2 q:0.00 aq:1.45 tex:61267 mv:503 misc:1774 imb:1 pmb:674 smb:1365 d:- ref:0 ;
in:2377 out:2374 type:P dur:2 cpbdur:2 q:0.00 aq:0.00 tex:149452 mv:685 misc:1895 imb:9 pmb:1113 smb:918 d:s ref:0 ;
in:2375 out:2375 type:B dur:2 cpbdur:2 q:0.00 aq:0.61 tex:80570 mv:362 misc:1884 imb:1 pmb:769 smb:1270 d:s ref:0 ;
in:2374 out:2376 type:b dur:2 cpbdur:2 q:0.00 aq:1.30 tex:55346 mv:361 misc:1709 imb:1 pmb:598 smb:1441 d:s ref:0 ;
in:2376 out:2377 type:b dur:2 cpbdur:2 q:0.00 aq:1.33 tex:47529 mv:286 misc:1649 imb:0 pmb:547 smb:1493 d:- ref:0 ;
in:2381 out:2378 type:P dur:2 cpbdur:2 q:0.00 aq:0.06 tex:145914 mv:754 misc:1868 imb:17 pmb:1155 smb:868 d:s ref:0 ;
in:2379 out:2379 type:B dur:2 cpbdur:2 q:0.00 aq:0.34 tex:87528 mv:556 misc:1916 imb:0 pmb:1012 smb:1028 d:s ref:0 ;
in:2378 out:2380 type:b dur:2 cpbdur:2 q:0.00 aq:1.35 tex:49820 mv:516 misc:1784 imb:0 pmb:647 smb:1393 d:s ref:0 ;
in:2380 out:2381 type:b dur:2 cpbdur:2 q:0.00 aq:1.32 tex:46552 mv:360 misc:1720 imb:0 pmb:594 smb:1446 d:- ref:0 ;
in:2385 out:2382 type:P dur:2 cpbdur:2 q:0.00 aq:0.00 tex:181824 mv:1526 misc:1850 imb:163 pmb:1082 smb:795 d:s ref:0 ;
in:2383 out:2383 type:B dur:2 cpbdur:2 q:0.00 aq:0.39 tex:79806 mv:724 misc:1926 imb:0 pmb:947 smb:1093 d:s ref:0 ;
in:2382 out:2384 type:b dur:2 cpbdur:2 q:0.00 aq:1.30 tex:42141 mv:463 misc:1756 imb:0 pmb:631 smb:1409 d:s ref:0 ;
in:2384 out:2385 type:b dur:2 cpbdur:2 q:0.00 aq:1.33 tex:39862 mv:527 misc:1747 imb:0 pmb:602 smb:1438 d:- ref:0 ;
in:2389 out:2386 type:P dur:2 cpbdur:2 q:0.00 aq:0.00 tex:214953 mv:491 misc:1388 imb:16 pmb:1453 smb:571 d:s ref:0 ;
in:2387 out:2387 type:B dur:2 cpbdur:2 q:0.00 aq:0.75 tex:125722 mv:1900 misc:1602 imb:0 pmb:1260 smb:780 d:s ref:0 ;
in:2386 out:2388 type:b dur:2 cpbdur:2 q:0.00 aq:1.64 tex:63851 mv:1496 misc:1869 imb:0 pmb:932 smb:1108 d:s ref:0 ;
in:2388 out:2389 type:b dur:2 cpbdur:2 q:0.00 aq:1.64 tex:63214 mv:1380 misc:1822 imb:0 pmb:907 smb:1133 d:- ref:0 ;
in:2393 out:2390 type:P dur:2 cpbdur:2 q:0.00 aq:0.00 tex:168557 mv:588 misc:1679 imb:2 pmb:1246 smb:792 d:s ref:0 ;
in:2391 out:2391 type:B dur:2 cpbdur:2 q:0.00 aq:0.38 tex:105741 mv:1198 misc:1829 imb:0 pmb:1081 smb:959 d:t ref:0 ;
in:2390 out:2392 type:b dur:2 cpbdur:2 q:0.00 aq:1.56 tex:57874 mv:1063 misc:1847 imb:0 pmb:753 smb:1287 d:s ref:0 ;
in:2392 out:2393 type:b dur:2 cpbdur:2 q:0.00 aq:1.50 tex:51907 mv:774 misc:1783 imb:0 pmb:629 smb:1411 d:- ref:0 ;
in:2397 out:2394 type:P dur:2 cpbdur:2 q:0.00 aq:0.00 tex:257096 mv:1771 misc:1789 imb:138 pmb:1138 smb:764 d:s ref:0 ;
in:2395 out:2395 type:B dur:2 cpbdur:2 q:0.00 aq:0.79 tex:79680 mv:799 misc:1881 imb:0 pmb:787 smb:1253 d:s ref:0 ;
in:2394 out:2396 type:b dur:2 cpbdur:2 q:0.00 aq:1.50 tex:50271 mv:595 misc:1694 imb:0 pmb:598 smb:1442 d:s ref:0 ;
in:2396 out:2397 type:b dur:2 cpbdur:2 q:0.00 aq:1.60 tex:46974 mv:634 misc:1704 imb:0 pmb:596 smb:1444 d:- ref:0 ;
in:2401 out:2398 type:P dur:2 cpbdur:2 q:0.00 aq:0.01 tex:623181 mv:1808 misc:699 imb:139 pmb:1671 smb:230 d:s ref:0 ;
in:2399 out:2399 type:B dur:2 cpbdur:2 q:0.00 aq:0.57 tex:103556 mv:1205 misc:1927 imb:0 pmb:1157 smb:883 d:s ref:0 ;
in:2398 out:2400 type:b dur:2 cpbdur:2 q:0.00 aq:1.58 tex:54582 mv:823 misc:1803 imb:0 pmb:674 smb:1366 d:s ref:0 ;
in:2400 out:2401 type:b dur:2 cpbdur:2 q:0.00 aq:1.67 tex:76895 mv:1174 misc:1923 imb:10 pmb:946 smb:1084 d:- ref:0 ;
in:2405 out:2402 type:P dur:2 cpbdur:2 q:0.00 aq:0.06 tex:186766 mv:585 misc:1401 imb:10 pmb:1423 smb:607 d:s ref:0 ;
in:2403 out:2403 type:B dur:2 cpbdur:2 q:0.00 aq:0.58 tex:83863 mv:1359 misc:1794 imb:0 pmb:1085 smb:955 d:s ref:0 ;
in:2402 out:2404 type:b dur:2 cpbdur:2 q:0.00 aq:1.31 tex:50556 mv:1116 misc:1888 imb:0 pmb:843 smb:1197 d:s ref:0 ;
in:2404 out:2405 type:b dur:2 cpbdur:2 q:0.00 aq:1.33 tex:44267 mv:515 misc:1738 imb:0 pmb:633 smb:1407 d:- ref:0 ;
in:2409 out:2406 type:P dur:2 cpbdur:2 q:0.00 aq:0.00 tex:180487 mv:1547 misc:1734 imb:159 pmb:1171 smb:710 d:s ref:0 ;
in:2407 out:2407 type:B dur:2 cpbdur:2 q:0.00 aq:0.46 tex:74165 mv:950 misc:1901 imb:0 pmb:1067 smb:973 d:s ref:0 ;
in:2406 out:2408 type:b dur:2 cpbdur:2 q:0.00 aq:1.34 tex:35874 mv:900 misc:1802 imb:0 pmb:672 smb:1368 d:s ref:0 ;
in:2408 out:2409 type:b dur:2 cpbdur:2 q:0.00 aq:1.32 tex:51934 mv:730 misc:1752 imb:0 pmb:653 smb:1387 d:- ref:0 ;
in:2412 out:2410 type:P dur:2 cpbdur:2 q:0.00 aq:0.00 tex:122922 mv:335 misc:1839 imb:0 pmb:1110 smb:930 d:s ref:0 ;
in:2410 out:2411 type:B dur:2 cpbdur:2 q:0.00 aq:0.70 tex:66749 mv:350 misc:1821 imb:0 pmb:771 smb:1269 d:s ref:0 ;
in:2411 out:2412 type:b dur:2 cpbdur:2 q:0.00 aq:1.35 tex:46667 mv:232 misc:1621 imb:0 pmb:528 smb:1512 d:- ref:0 ;
in:2416 out:2413 type:P dur:2 cpbdur:2 q:0.00 aq:0.01 tex:153792 mv:567 misc:1841 imb:1 pmb:1129 smb:910 d:s ref:0 ;
in:2414 out:2414 type:B dur:2 cpbdur:2 q:0.00 aq:0.44 tex:95031 mv:459 misc:1814 imb:0 pmb:960 smb:1080 d:s ref:0 ;
in:2413 out:2415 type:b dur:2 cpbdur:2 q:0.00 aq:1.35 tex:55048 mv:472 misc:1672 imb:0 pmb:583 smb:1457 d:s ref:0 ;
in:2415 out:2416 type:b dur:2 cpbdur:2 q:0.00 aq:1.32 tex:58419 mv:601 misc:1740 imb:0 pmb:683 smb:1357 d:- ref:0 ;
in:2420 out:2417 type:P dur:2 cpbdur:2 q:0.00 aq:0.02 tex:171681 mv:1016 misc:1895 imb:31 pmb:1100 smb:909 d:s ref:0 ;
in:2418 out:2418 type:B dur:2 cpbdur:2 q:0.00 aq:0.48 tex:89395 mv:359 misc:1814 imb:0 pmb:866 smb:1174 d:s ref:0 ;
in:2417 out:2419 type:b dur:2 cpbdur:2 q:0.00 aq:1.36 tex:54207 mv:365 misc:1612 imb:0 pmb:563 smb:1477 d:s ref:0 ;
in:2419 out:2420 type:b dur:2 cpbdur:2 q:0.00 aq:1.40 tex:50773 mv:383 misc:1668 imb:0 pmb:584 smb:1456 d:- ref:0 ;
in:2424 out:2421 type:P dur:2 cpbdur:2 q:0.00 aq:0.00 tex:149356 mv:720 misc:1836 imb:3 pmb:1121 smb:916 d:s ref:0 ;
in:2422 out:2422 type:B dur:2 cpbdur:2 q:0.00 aq:0.61 tex:77985 mv:423 misc:1808 imb:0 pmb:847 smb:1193 d:t ref:0 ;
in:2421 out:2423 type:b dur:2 cpbdur:2 q:0.00 aq:1.30 tex:46876 mv:512 misc:1652 imb:0 pmb:586 smb:1454 d:s ref:0 ;
in:2423 out:2424 type:b dur:2 cpbdur:2 q:0.00 aq:1.40 tex:46869 mv:581 misc:1670 imb:0 pmb:600 smb:1440 d:- ref:0 ;
in:2428 out:2425 type:P dur:2 cpbdur:2 q:0.00 aq:0.03 tex:128689 mv:399 misc:1848 imb:1 pmb:1096 smb:943 d:s ref:0 ;
in:2426 out:2426 type:B dur:2 cpbdur:2 q:0.00 aq:0.53 tex:73262 mv:301 misc:1789 imb:0 pmb:824 smb:1216 d:s ref:0 ;
in:2425 out:2427 type:b dur:2 cpbdur:2 q:0.00 aq:1.36 tex:44498 mv:285 misc:1617 imb:0 pmb:548 smb:1492 d:s ref:0 ;
in:2427 out:2428 type:b dur:2 cpbdur:2 q:0.00 aq:1.29 tex:44515 mv:380 misc:1665 imb:1 pmb:572 smb:1467 d:- ref:0 ;
in:2432 out:2429 type:P dur:2 cpbdur:2 q:0.00 aq:0.00 tex:108556 mv:261 misc:1863 imb:2 pmb:1113 smb:925 d:s ref:0 ;
in:2430 out:2430 type:B dur:2 cpbdur:2 q:0.00 aq:0.51 tex:89357 mv:513 misc:1850 imb:0 pmb:921 smb:1119 d:s ref:0 ;
in:2429 out:2431 type:b dur:2 cpbdur:2 q:0.00 aq:1.38 tex:40138 mv:568 misc:1606 imb:0 pmb:528 smb:1512 d:s ref:0 ;
in:2431 out:2432 type:b dur:2 cpbdur:2 q:0.00 aq:1.34 tex:46338 mv:435 misc:1627 imb:0 pmb:547 smb:1493 d:- ref:0 ;
in:2436 out:2433 type:P dur:2 cpbdur:2 q:0.00 aq:0.02 tex:149219 mv:634 misc:1851 imb:7 pmb:1101 smb:932 d:s ref:0 ;
in:2434 out:2434 type:B dur:2 cpbdur:2 q:0.00 aq:0.41 tex:88562 mv:294 misc:1864 imb:0 pmb:915 smb:1125 d:s ref:0 ;
in:2433 out:2435 type:b dur:2 cpbdur:2 q:0.00 aq:1.41 tex:50964 mv:372 misc:1616 imb:0 pmb:554 smb:1486 d:s ref:0 ;
in:2435 out:2436 type:b dur:2 cpbdur:2 q:0.00 aq:1.38 tex:49245 mv:351 misc:1644 imb:0 pmb:565 smb:1475 d:- ref:0 ;
in:2438 out:2437 type:P dur:2 cpbdur:2 q:0.00 aq:0.00 tex:224834 mv:1573 misc:1889 imb:138 pmb:1124 smb:778 d:s ref:0 ;
in:2437 out:2438 type:b dur:2 cpbdur:2 q:0.00 aq:1.26 tex:61308 mv:524 misc:1736 imb:8 pmb:665 smb:1367 d:s ref:0 ;
in:2442 out:2439 type:P dur:2 cpbdur:2 q:0.00 aq:0.00 tex:170117 mv:764 misc:1823 imb:11 pmb:1215 smb:814 d:s ref:0 ;
in:2440 out:2440 type:B dur:2 cpbdur:2 q:0.00 aq:0.62 tex:88585 mv:823 misc:1928 imb:2 pmb:933 smb:1105 d:s ref:0 ;
in:2439 out:2441 type:b dur:2 cpbdur:2 q:0.00 aq:1.48 tex:58821 mv:580 misc:1783 imb:0 pmb:664 smb:1376 d:s ref:0 ;
in:2441 out:2442 type:b dur:2 cpbdur:2 q:0.00 aq:1.41 tex:53336 mv:450 misc:1694 imb:0 pmb:600 smb:1440 d:- ref:0 ;
in:2446 out:2443 type:P dur:2 cpbdur:2 q:0.00 aq:0.03 tex:212062 mv:850 misc:1464 imb:23 pmb:1399 smb:618 d:s ref:0 ;
in:2444 out:2444 type:B dur:2 cpbdur:2 q:0.00 aq:0.68 tex:105181 mv:1363 misc:1808 imb:0 pmb:1094 smb:946 d:s ref:0 ;
in:2443 out:2445 type:b dur:2 cpbdur:2 q:0.00 aq:1.41 tex:57548 mv:1123 misc:1865 imb:0 pmb:800 smb:1240 d:s ref:0 ;
in:2445 out:2446 type:b dur:2 cpbdur:2 q:0.00 aq:1.48 tex:72303 mv:1283 misc:1886 imb:0 pmb:930 smb:1110 d:- ref:0 ;
in:2450 out:2447 type:P dur:2 cpbdur:2 q:0.00 aq:0.01 tex:140172 mv:427 misc:1841 imb:3 pmb:1200 smb:837 d:s ref:0 ;
in:2448 out:2448 type:B dur:2 cpbdur:2 q:0.00 aq:0.32 tex:87780 mv:775 misc:1917 imb:0 pmb:1041 smb:999 d:s ref:0 ;
in:2447 out:2449 type:b dur:2 cpbdur:2 q:0.00 aq:1.37 tex:50843 mv:601 misc:1788 imb:0 pmb:651 smb:1389 d:s ref:0 ;
in:2449 out:2450 type:b dur:2 cpbdur:2 q:0.00 aq:1.30 tex:46767 mv:403 misc:1750 imb:0 pmb:630 smb:1410 d:- ref:0 ;
in:2454 out:2451 type:P dur:2 cpbdur:2 q:0.00 aq:0.06 tex:121060 mv:320 misc:1772 imb:3 pmb:1211 smb:826 d:s ref:0 ;
in:2452 out:2452 type:B dur:2 cpbdur:2 q:0.00 aq:0.48 tex:79549 mv:926 misc:1885 imb:0 pmb:1036 smb:1004 d:s ref:0 ;
in:2451 out:2453 type:b dur:2 cpbdur:2 q:0.00 aq:1.33 tex:42470 mv:823 misc:1795 imb:0 pmb:673 smb:1367 d:s ref:0 ;
in:2453 out:2454 type:b dur:2 cpbdur:2 q:0.00 aq:1.42 tex:57698 mv:862 misc:1760 imb:1 pmb:683 smb:1356 d:- ref:0 ;
in:2458 out:2455 type:P dur:2 cpbdur:2 q:0.00 aq:0.00 tex:135548 mv:445 misc:1927 imb:2 pmb:1120 smb:918 d:s ref:0 ;
in:2456 out:2456 type:B dur:2 cpbdur:2 q:0.00 aq:0.48 tex:89210 mv:367 misc:1911 imb:0 pmb:904 smb:1136 d:s ref:0 ;
in:2455 out:2457 type:b dur:2 cpbdur:2 q:0.00 aq:1.32 tex:55952 mv:443 misc:1725 imb:0 pmb:626 smb:1414 d:s ref:0 ;
in:2457 out:2458 type:b dur:2 cpbdur:2 q:0.00 aq:1.31 tex:55826 mv:343 misc:1727 imb:0 pmb:613 smb:1427 d:- ref:0 ;
in:2462 out:2459 type:P dur:2 cpbdur:2 q:0.00 aq:0.02 tex:520856 mv:1420 misc:900 imb:96 pmb:1634 smb:310 d:s ref:0 ;
in:2460 out:2460 type:B dur:2 cpbdur:2 q:0.00 aq:1.22 tex:147528 mv:921 misc:1727 imb:11 pmb:1283 smb:746 d:s ref:0 ;
in:2459 out:2461 type:b dur:2 cpbdur:2 q:0.00 aq:1.43 tex:71012 mv:843 misc:1937 imb:0 pmb:883 smb:1157 d:s ref:0 ;
in:2461 out:2462 type:b dur:2 cpbdur:2 q:0.00 aq:1.56 tex:63076 mv:1559 misc:1901 imb:0 pmb:947 smb:1093 d:- ref:0 ;
in:2466 out:2463 type:P dur:2 cpbdur:2 q:0.00 aq:0.00 tex:188781 mv:716 misc:1679 imb:5 pmb:1278 smb:757 d:s ref:0 ;
in:2464 out:2464 type:B dur:2 cpbdur:2 q:0.00 aq:0.77 tex:83098 mv:1088 misc:1934 imb:0 pmb:903 smb:1137 d:s ref:0 ;
in:2463 out:2465 type:b dur:2 cpbdur:2 q:0.00 aq:1.36 tex:55926 mv:971 misc:1815 imb:0 pmb:783 smb:1257 d:s ref:0 ;
in:2465 out:2466 type:b dur:2 cpbdur:2 q:0.00 aq:1.36 tex:52461 mv:488 misc:1683 imb:0 pmb:607 smb:1433 d:- ref:0 ;
in:2470 out:2467 type:P dur:2 cpbdur:2 q:0.00 aq:0.00 tex:146764 mv:539 misc:1905 imb:2 pmb:1084 smb:954 d:s ref:0 ;
in:2468 out:2468 type:B dur:2 cpbdur:2 q:0.00 aq:0.73 tex:70237 mv:692 misc:1871 imb:0 pmb:749 smb:1291 d:s ref:0 ;
in:2467 out:2469 type:b dur:2 cpbdur:2 q:0.00 aq:1.25 tex:46567 mv:579 misc:1678 imb:0 pmb:580 smb:1460 d:s ref:0 ;
in:2469 out:2470 type:b dur:2 cpbdur:2 q:0.00 aq:1.26 tex:46681 mv:395 misc:1612 imb:0 pmb:528 smb:1512 d:- ref:0 ;
in:2474 out:2471 type:P dur:2 cpbdur:2 q:0.00 aq:0.00 tex:114839 mv:339 misc:1990 imb:1 pmb:1009 smb:1030 d:s ref:0 ;
in:2472 out:2472 type:B dur:2 cpbdur:2 q:0.00 aq:0.35 tex:72473 mv:435 misc:1884 imb:0 pmb:885 smb:1155 d:s ref:0 ;
in:2471 out:2473 type:b dur:2 cpbdur:2 q:0.00 aq:1.23 tex:45087 mv:381 misc:1636 imb:0 pmb:554 smb:1486 d:s ref:0 ;
in:2473 out:2474 type:b dur:2 cpbdur:2 q:0.00 aq:1.20 tex:36741 mv:434 misc:1609 imb:0 pmb:534 smb:1506 d:- ref:0 ;
in:2478 out:2475 type:P dur:2 cpbdur:2 q:0.00 aq:0.00 tex:219565 mv:1849 misc:1882 imb:188 pmb:1048 smb:804 d:s ref:0 ;
in:2476 out:2476 type:B dur:2 cpbdur:2 q:0.00 aq:0.42 tex:91190 mv:789 misc:1917 imb:0 pmb:910 smb:1130 d:s ref:0 ;
in:2475 out:2477 type:b dur:2 cpbdur:2 q:0.00 aq:1.21 tex:48755 mv:526 misc:1679 imb:0 pmb:568 smb:1472 d:s ref:0 ;
in:2477 out:2478 type:b dur:2 cpbdur:2 q:0.00 aq:1.23 tex:42015 mv:590 misc:1683 imb:0 pmb:586 smb:1454 d:- ref:0 ;
in:2482 out:2479 type:P dur:2 cpbdur:2 q:0.00 aq:0.01 tex:139408 mv:590 misc:1986 imb:3 pmb:1055 smb:982 d:s ref:0 ;
in:2480 out:2480 type:B dur:2 cpbdur:2 q:0.00 aq:0.51 tex:78670 mv:394 misc:1872 imb:0 pmb:822 smb:1218 d:s ref:0 ;
in:2479 out:2481 type:b dur:2 cpbdur:2 q:0.00 aq:1.23 tex:47787 mv:463 misc:1686 imb:0 pmb:576 smb:1464 d:s ref:0 ;
in:2481 out:2482 type:b dur:2 cpbdur:2 q:0.00 aq:1.30 tex:50934 mv:399 misc:1627 imb:0 pmb:535 smb:1505 d:- ref:0 ;
in:2486 out:2483 type:P dur:2 cpbdur:2 q:0.00 aq:0.01 tex:164779 mv:659 misc:1914 imb:6 pmb:1090 smb:944 d:s ref:0 ;
in:2484 out:2484 type:B dur:2 cpbdur:2 q:0.00 aq:0.37 tex:92975 mv:711 misc:1898 imb:0 pmb:960 smb:1080 d:s ref:0 ;
in:2483 out:2485 type:b dur:2 cpbdur:2 q:0.00 aq:1.35 tex:55753 mv:618 misc:1733 imb:0 pmb:650 smb:1390 d:s ref:0 ;
in:2485 out:2486 type:b dur:2 cpbdur:2 q:0.00 aq:1.26 tex:52663 mv:427 misc:1670 imb:0 pmb:565 smb:1475 d:- ref:0 ;
in:2490 out:2487 type:P dur:2 cpbdur:2 q:0.00 aq:0.00 tex:150507 mv:667 misc:1970 imb:3 pmb:1045 smb:992 d:s ref:0 ;
in:2488 out:2488 type:B dur:2 cpbdur:2 q:0.00 aq:0.84 tex:73281 mv:482 misc:1733 imb:0 pmb:614 smb:1426 d:s ref:0 ;
in:2487 out:2489 type:b dur:2 cpbdur:2 q:0.00 aq:1.16 tex:52741 mv:385 misc:1626 imb:0 pmb:536 smb:1504 d:s ref:0 ;
in:2489 out:2490 type:b dur:2 cpbdur:2 q:0.00 aq:1.20 tex:48230 mv:396 misc:1622 imb:0 pmb:530 smb:1510 d:- ref:0 ;
in:2494 out:2491 type:P dur:2 cpbdur:2 q:0.00 aq:0.00 tex:127370 mv:474 misc:1964 imb:1 pmb:1011 smb:1028 d:s ref:0 ;
in:2492 out:2492 type:B dur:2 cpbdur:2 q:0.00 aq:0.32 tex:81171 mv:214 misc:1887 imb:0 pmb:885 smb:1155 d:s ref:0 ;
in:2491 out:2493 type:b dur:2 cpbdur:2 q:0.00 aq:1.26 tex:46399 mv:344 misc:1617 imb:0 pmb:542 smb:1498 d:s ref:0 ;
in:2493 out:2494 type:b dur:2 cpbdur:2 q:0.00 aq:1.25 tex:45409 mv:328 misc:1599 imb:0 pmb:539 smb:1501 d:- ref:0 ;
in:2498 out:2495 type:P dur:2 cpbdur:2 q:0.00 aq:0.00 tex:192703 mv:643 misc:1342 imb:31 pmb:1432 smb:577 d:s ref:0 ;
in:2496 out:2496 type:B dur:2 cpbdur:2 q:0.00 aq:0.67 tex:94314 mv:1851 misc:1763 imb:0 pmb:1148 smb:892 d:s ref:0 ;
in:2495 out:2497 type:b dur:2 cpbdur:2 q:0.00 aq:1.39 tex:43140 mv:982 misc:1838 imb:0 pmb:687 smb:1353 d:s ref:0 ;
in:2497 out:2498 type:b dur:2 cpbdur:2 q:0.00 aq:1.66 tex:54461 mv:1408 misc:1835 imb:0 pmb:857 smb:1183 d:- ref:0 ;
in:2502 out:2499 type:P dur:2 cpbdur:2 q:0.00 aq:0.00 tex:211883 mv:555 misc:1290 imb:19 pmb:1414 smb:607 d:s ref:0 ;
in:2500 out:2500 type:B dur:2 cpbdur:2 q:0.00 aq:0.40 tex:115319 mv:1575 misc:1714 imb:0 pmb:1197 smb:843 d:s ref:0 ;
in:2499 out:2501 type:b dur:2 cpbdur:2 q:0.00 aq:1.60 tex:59228 mv:1227 misc:1849 imb:0 pmb:847 smb:1193 d:s ref:0 ;
in:2501 out:2502 type:b dur:2 cpbdur:2 q:0.00 aq:1.54 tex:58902 mv:1021 misc:1797 imb:0 pmb:771 smb:1269 d:- ref:0 ;
in:2504 out:2503 type:P dur:2 cpbdur:2 q:0.00 aq:0.00 tex:145980 mv:436 misc:1672 imb:8 pmb:1221 smb:811 d:s ref:0 ;
in:2503 out:2504 type:b dur:2 cpbdur:2 q:0.00 aq:1.40 tex:54101 mv:774 misc:1805 imb:0 pmb:673 smb:1367 d:s ref:0 ;
in:2508 out:2505 type:P dur:2 cpbdur:2 q:0.00 aq:0.01 tex:156588 mv:678 misc:1870 imb:2 pmb:1106 smb:932 d:s ref:0 ;
in:2506 out:2506 type:B dur:2 cpbdur:2 q:0.00 aq:0.49 tex:94784 mv:676 misc:1900 imb:2 pmb:878 smb:1160 d:s ref:0 ;
in:2505 out:2507 type:b dur:2 cpbdur:2 q:0.00 aq:1.45 tex:53800 mv:648 misc:1752 imb:0 pmb:635 smb:1405 d:s ref:0 ;
in:2507 out:2508 type:b dur:2 cpbdur:2 q:0.00 aq:1.43 tex:53409 mv:581 misc:1714 imb:0 pmb:600 smb:1440 d:- ref:0 ;
in:2512 out:2509 type:P dur:2 cpbdur:2 q:0.00 aq:0.00 tex:139495 mv:584 misc:1937 imb:2 pmb:1035 smb:1003 d:s ref:0 ;
in:2510 out:2510 type:B dur:2 cpbdur:2 q:0.00 aq:0.59 tex:76306 mv:299 misc:1875 imb:0 pmb:707 smb:1333 d:s ref:0 ;
in:2509 out:2511 type:b dur:2 cpbdur:2 q:0.00 aq:1.42 tex:49370 mv:492 misc:1658 imb:0 pmb:563 smb:1477 d:s ref:0 ;
in:2511 out:2512 type:b dur:2 cpbdur:2 q:0.00 aq:1.42 tex:48181 mv:542 misc:1677 imb:1 pmb:578 smb:1461 d:- ref:0 ;
in:2516 out:2513 type:P dur:2 cpbdur:2 q:0.00 aq:0.00 tex:147111 mv:611 misc:1846 imb:4 pmb:1124 smb:912 d:s ref:0 ;
in:2514 out:2514 type:B dur:2 cpbdur:2 q:0.00 aq:0.36 tex:90598 mv:721 misc:1889 imb:1 pmb:992 smb:1047 d:s ref:0 ;
in:2513 out:2515 type:b dur:2 cpbdur:2 q:0.00 aq:1.36 tex:50583 mv:621 misc:1716 imb:0 pmb:588 smb:1452 d:s ref:0 ;
in:2515 out:2516 type:b dur:2 cpbdur:2 q:0.00 aq:1.35 tex:50375 mv:852 misc:1773 imb:0 pmb:661 smb:1379 d:- ref:0 ;
in:2519 out:2517 type:P dur:2 cpbdur:2 q:0.00 aq:0.00 tex:103276 mv:298 misc:1930 imb:2 pmb:1051 smb:987 d:s ref:0 ;
in:2517 out:2518 type:B dur:2 cpbdur:2 q:0.00 aq:0.94 tex:55955 mv:627 misc:1866 imb:0 pmb:734 smb:1306 d:s ref:0 ;
in:2518 out:2519 type:b dur:2 cpbdur:2 q:0.00 aq:1.47 tex:37172 mv:668 misc:1704 imb:0 pmb:558 smb:1482 d:- ref:0 ;
in:2520 out:2520 type:P dur:2 cpbdur:2 q:0.00 aq:0.00 tex:89737 mv:308 misc:1891 imb:3 pmb:1033 smb:1004 d:s ref:0 ;
in:2524 out:2521 type:P dur:2 cpbdur:2 q:0.00 aq:0.00 tex:350138 mv:1107 misc:1107 imb:84 pmb:1494 smb:462 d:s ref:0 ;
in:2522 out:2522 type:B dur:2 cpbdur:2 q:0.00 aq:0.54 tex:109106 mv:874 misc:1812 imb:2 pmb:1071 smb:967 d:s ref:0 ;
in:2521 out:2523 type:b dur:2 cpbdur:2 q:0.00 aq:1.61 tex:78296 mv:1057 misc:1943 imb:2 pmb:907 smb:1131 d:s ref:0 ;
in:2523 out:2524 type:b dur:2 cpbdur:2 q:0.00 aq:1.40 tex:47204 mv:836 misc:1784 imb:0 pmb:672 smb:1368 d:- ref:0 ;
in:2528 out:2525 type:P dur:2 cpbdur:2 q:0.00 aq:0.03 tex:174407 mv:679 misc:1698 imb:14 pmb:1249 smb:777 d:s ref:0 ;
in:2526 out:2526 type:B dur:2 cpbdur:2 q:0.00 aq:0.45 tex:94649 mv:1277 misc:1866 imb:0 pmb:1010 smb:1030 d:s ref:0 ;
in:2525 out:2527 type:b dur:2 cpbdur:2 q:0.00 aq:1.38 tex:47853 mv:848 misc:1771 imb:0 pmb:668 smb:1372 d:s ref:0 ;
in:2527 out:2528 type:b dur:2 cpbdur:2 q:0.00 aq:1.58 tex:55348 mv:686 misc:1766 imb:0 pmb:672 smb:1368 d:- ref:0 ;
in:2529 out:2529 type:P dur:2 cpbdur:2 q:0.00 aq:0.03 tex:107892 mv:372 misc:1928 imb:5 pmb:1044 smb:991 d:s ref:0 ;
in:2533 out:2530 type:P dur:2 cpbdur:2 q:0.00 aq:0.00 tex:155607 mv:928 misc:1945 imb:40 pmb:1005 smb:995 d:s ref:0 ;
in:2531 out:2531 type:B dur:2 cpbdur:2 q:0.00 aq:0.45 tex:77894 mv:318 misc:1844 imb:0 pmb:775 smb:1265 d:s ref:0 ;
in:2530 out:2532 type:b dur:2 cpbdur:2 q:0.00 aq:1.24 tex:50570 mv:367 misc:1543 imb:0 pmb:513 smb:1527 d:s ref:0 ;
in:2532 out:2533 type:b dur:2 cpbdur:2 q:0.00 aq:1.26 tex:43664 mv:277 misc:1539 imb:0 pmb:488 smb:1552 d:- ref:0 ;
in:2536 out:2534 type:P dur:2 cpbdur:2 q:0.00 aq:0.00 tex:145760 mv:575 misc:1913 imb:5 pmb:1077 smb:958 d:s ref:0 ;
in:2534 out:2535 type:B dur:2 cpbdur:2 q:0.00 aq:0.95 tex:72185 mv:543 misc:1808 imb:0 pmb:755 smb:1285 d:s ref:0 ;
in:2535 out:2536 type:b dur:2 cpbdur:2 q:0.00 aq:1.53 tex:45673 mv:615 misc:1624 imb:0 pmb:544 smb:1496 d:- ref:0 ;
in:2539 out:2537 type:P dur:2 cpbdur:2 q:0.00 aq:0.00 tex:112606 mv:382 misc:1964 imb:1 pmb:999 smb:1040 d:s ref:0 ;
in:2537 out:2538 type:B dur:2 cpbdur:2 q:0.00 aq:1.07 tex:48493 mv:344 misc:1547 imb:0 pmb:480 smb:1560 d:s ref:0 ;
in:2538 out:2539 type:b dur:2 cpbdur:2 q:0.00 aq:1.29 tex:38935 mv:297 misc:1408 imb:0 pmb:436 smb:1604 d:- ref:0 ;
in:2543 out:2540 type:P dur:2 cpbdur:2 q:0.00 aq:0.00 tex:109077 mv:342 misc:1981 imb:3 pmb:1031 smb:1006 d:s ref:0 ;
in:2541 out:2541 type:B dur:2 cpbdur:2 q:0.00 aq:0.29 tex:70122 mv:680 misc:1886 imb:0 pmb:892 smb:1148 d:s ref:0 ;
in:2540 out:2542 type:b dur:2 cpbdur:2 q:0.00 aq:1.26 tex:37390 mv:437 misc:1573 imb:0 pmb:499 smb:1541 d:s ref:0 ;
in:2542 out:2543 type:b dur:2 cpbdur:2 q:0.00 aq:1.41 tex:35864 mv:529 misc:1607 imb:0 pmb:532 smb:1508 d:- ref:0 ;
in:2545 out:2544 type:P dur:2 cpbdur:2 q:0.00 aq:0.03 tex:110141 mv:428 misc:1999 imb:9 pmb:1008 smb:1023 d:s ref:0 ;
in:2544 out:2545 type:b dur:2 cpbdur:2 q:0.00 aq:1.23 tex:42775 mv:361 misc:1608 imb:0 pmb:517 smb:1523 d:s ref:0 ;
in:2549 out:2546 type:P dur:2 cpbdur:2 q:0.00 aq:0.00 tex:151192 mv:990 misc:1986 imb:62 pmb:1018 smb:960 d:s ref:0 ;
in:2547 out:2547 type:B dur:2 cpbdur:2 q:0.00 aq:0.29 tex:84493 mv:467 misc:1904 imb:0 pmb:874 smb:1166 d:s ref:0 ;
in:2546 out:2548 type:b dur:2 cpbdur:2 q:0.00 aq:1.19 tex:45340 mv:409 misc:1595 imb:1 pmb:514 smb:1525 d:s ref:0 ;
in:2548 out:2549 type:b dur:2 cpbdur:2 q:0.00 aq:1.27 tex:47371 mv:464 misc:1589 imb:0 pmb:514 smb:1526 d:- ref:0 ;
in:2553 out:2550 type:P dur:2 cpbdur:2 q:0.00 aq:0.01 tex:154724 mv:652 misc:1960 imb:3 pmb:1014 smb:1023 d:s ref:0 ;
in:2551 out:2551 type:B dur:2 cpbdur:2 q:0.00 aq:0.30 tex:102434 mv:513 misc:1909 imb:0 pmb:900 smb:1140 d:s ref:0 ;
in:2550 out:2552 type:b dur:2 cpbdur:2 q:0.00 aq:1.39 tex:47967 mv:468 misc:1573 imb:0 pmb:496 smb:1544 d:s ref:0 ;
in:2552 out:2553 type:b dur:2 cpbdur:2 q:0.00 aq:1.35 tex:44702 mv:323 misc:1559 imb:0 pmb:484 smb:1556 d:- ref:0 ;
in:2556 out:2554 type:P dur:2 cpbdur:2 q:0.00 aq:0.00 tex:213254 mv:1383 misc:1907 imb:82 pmb:1002 smb:956 d:s ref:0 ;
in:2554 out:2555 type:B dur:2 cpbdur:2 q:0.00 aq:0.97 tex:64906 mv:425 misc:1669 imb:2 pmb:652 smb:1386 d:s ref:0 ;
in:2555 out:2556 type:b dur:2 cpbdur:2 q:0.00 aq:1.34 tex:44879 mv:365 misc:1556 imb:0 pmb:507 smb:1533 d:- ref:0 ;
in:2560 out:2557 type:P dur:2 cpbdur:2 q:0.00 aq:0.00 tex:198533 mv:1552 misc:1931 imb:92 pmb:1009 smb:939 d:s ref:0 ;
in:2558 out:2558 type:B dur:2 cpbdur:2 q:0.00 aq:0.44 tex:98284 mv:614 misc:1862 imb:0 pmb:892 smb:1148 d:s ref:0 ;
in:2557 out:2559 type:b dur:2 cpbdur:2 q:0.00 aq:1.26 tex:44454 mv:466 misc:1648 imb:0 pmb:542 smb:1498 d:s ref:0 ;
in:2559 out:2560 type:b dur:2 cpbdur:2 q:0.00 aq:1.19 tex:46932 mv:466 misc:1650 imb:0 pmb:552 smb:1488 d:- ref:0 ;
in:2564 out:2561 type:P dur:2 cpbdur:2 q:0.00 aq:0.18 tex:201870 mv:617 misc:1449 imb:25 pmb:1393 smb:622 d:s ref:0 ;
in:2562 out:2562 type:B dur:2 cpbdur:2 q:0.00 aq:0.56 tex:77345 mv:1568 misc:1759 imb:0 pmb:1036 smb:1004 d:s ref:0 ;
in:2561 out:2563 type:b dur:2 cpbdur:2 q:0.00 aq:1.37 tex:36356 mv:574 misc:1558 imb:0 pmb:510 smb:1530 d:s ref:0 ;
in:2563 out:2564 type:b dur:2 cpbdur:2 q:0.00 aq:1.56 tex:56214 mv:1444 misc:1854 imb:0 pmb:905 smb:1135 d:- ref:0 ;
in:2567 out:2565 type:P dur:2 cpbdur:2 q:0.00 aq:0.01 tex:221979 mv:1161 misc:1548 imb:91 pmb:1260 smb:689 d:s ref:0 ;
in:2565 out:2566 type:B dur:2 cpbdur:2 q:0.00 aq:0.91 tex:87888 mv:1457 misc:1879 imb:0 pmb:1039 smb:1001 d:s ref:0 ;
in:2566 out:2567 type:b dur:2 cpbdur:2 q:0.00 aq:1.51 tex:52753 mv:991 misc:1840 imb:0 pmb:725 smb:1315 d:- ref:0 ;
in:2569 out:2568 type:P dur:2 cpbdur:2 q:0.00 aq:0.11 tex:208972 mv:662 misc:1414 imb:31 pmb:1385 smb:624 d:s ref:0 ;
in:2568 out:2569 type:b dur:2 cpbdur:2 q:0.00 aq:1.68 tex:95574 mv:1577 misc:1729 imb:3 pmb:1069 smb:968 d:s ref:0 ;
in:2573 out:2570 type:P dur:2 cpbdur:2 q:0.00 aq:0.00 tex:294684 mv:1792 misc:1452 imb:158 pmb:1306 smb:576 d:s ref:0 ;
in:2571 out:2571 type:B dur:2 cpbdur:2 q:0.00 aq:0.46 tex:119230 mv:1978 misc:1728 imb:10 pmb:1218 smb:812 d:s ref:0 ;
in:2570 out:2572 type:b dur:2 cpbdur:2 q:0.00 aq:1.50 tex:54895 mv:1076 misc:1853 imb:0 pmb:796 smb:1244 d:s ref:0 ;
in:2572 out:2573 type:b dur:2 cpbdur:2 q:0.00 aq:1.55 tex:62587 mv:1229 misc:1864 imb:5 pmb:830 smb:1205 d:- ref:0 ;
in:2577 out:2574 type:P dur:2 cpbdur:2 q:0.00 aq:0.02 tex:202926 mv:838 misc:1636 imb:15 pmb:1307 smb:718 d:s ref:0 ;
in:2575 out:2575 type:B dur:2 cpbdur:2 q:0.00 aq:0.72 tex:97293 mv:1363 misc:1840 imb:0 pmb:1024 smb:1016 d:s ref:0 ;
in:2574 out:2576 type:b dur:2 cpbdur:2 q:0.00 aq:1.61 tex:69548 mv:1190 misc:1846 imb:0 pmb:875 smb:1165 d:s ref:0 ;
in:2576 out:2577 type:b dur:2 cpbdur:2 q:0.00 aq:1.54 tex:51132 mv:879 misc:1765 imb:0 pmb:627 smb:1413 d:- ref:0 ;
in:2580 out:2578 type:P dur:2 cpbdur:2 q:0.00 aq:1.05 tex:506485 mv:1636 misc:847 imb:130 pmb:1636 smb:274 d:s ref:0 ;
in:2578 out:2579 type:B dur:2 cpbdur:2 q:0.00 aq:0.64 tex:84311 mv:834 misc:1879 imb:0 pmb:989 smb:1051 d:s ref:0 ;
in:2579 out:2580 type:b dur:2 cpbdur:2 q:0.00 aq:1.60 tex:72231 mv:940 misc:1901 imb:0 pmb:939 smb:1101 d:- ref:0 ;
in:2581 out:2581 type:I dur:2 cpbdur:2 q:11.41 aq:4.38 tex:2191378 mv:70029 misc:209 imb:2040 pmb:0 smb:0 d:s ref:;
in:2585 out:2582 type:P dur:2 cpbdur:2 q:4.13 aq:0.71 tex:447064 mv:1022 misc:1042 imb:56 pmb:1586 smb:398 d:s ref:0 ;
in:2583 out:2583 type:B dur:2 cpbdur:2 q:11.09 aq:11.13 tex:5038 mv:183 misc:443 imb:0 pmb:82 smb:1958 d:s ref:0 ;
in:2582 out:2584 type:b dur:2 cpbdur:2 q:11.09 aq:8.91 tex:477 mv:111 misc:300 imb:0 pmb:29 smb:2011 d:s ref:0 ;
in:2584 out:2585 type:b dur:2 cpbdur:2 q:11.09 aq:12.95 tex:1349 mv:93 misc:310 imb:0 pmb:25 smb:2015 d:- ref:0 ;
in:2589 out:2586 type:P dur:2 cpbdur:2 q:3.03 aq:0.31 tex:179087 mv:427 misc:1646 imb:7 pmb:1299 smb:734 d:s ref:0 ;
in:2587 out:2587 type:B dur:2 cpbdur:2 q:4.88 aq:3.92 tex:15670 mv:475 misc:1095 imb:0 pmb:277 smb:1763 d:s ref:0 ;
in:2586 out:2588 type:b dur:2 cpbdur:2 q:4.87 aq:5.48 tex:2292 mv:188 misc:584 imb:0 pmb:88 smb:1952 d:s ref:0 ;
in:2588 out:2589 type:b dur:2 cpbdur:2 q:4.89 aq:6.48 tex:11467 mv:230 misc:495 imb:0 pmb:85 smb:1955 d:- ref:0 ;
in:2593 out:2590 type:P dur:2 cpbdur:2 q:4.08 aq:1.19 tex:100634 mv:408 misc:1862 imb:2 pmb:649 smb:1389 d:s ref:0 ;
in:2591 out:2591 type:B dur:2 cpbdur:2 q:4.04 aq:3.31 tex:36314 mv:356 misc:1026 imb:0 pmb:220 smb:1820 d:s ref:0 ;
in:2590 out:2592 type:b dur:2 cpbdur:2 q:4.03 aq:5.79 tex:14152 mv:162 misc:518 imb:0 pmb:96 smb:1944 d:s ref:0 ;
in:2592 out:2593 type:b dur:2 cpbdur:2 q:4.06 aq:5.79 tex:13968 mv:213 misc:523 imb:0 pmb:106 smb:1934 d:- ref:0 ;
in:2597 out:2594 type:P dur:2 cpbdur:2 q:6.28 aq:6.84 tex:61727 mv:488 misc:481 imb:31 pmb:103 smb:1906 d:s ref:0 ;
in:2595 out:2595 type:B dur:2 cpbdur:2 q:6.25 aq:6.22 tex:27845 mv:187 misc:408 imb:0 pmb:107 smb:1933 d:s ref:0 ;
in:2594 out:2596 type:b dur:2 cpbdur:2 q:6.23 aq:8.80 tex:9514 mv:121 misc:301 imb:0 pmb:70 smb:1970 d:s ref:0 ;
in:2596 out:2597 type:b dur:2 cpbdur:2 q:6.26 aq:8.63 tex:22779 mv:205 misc:352 imb:0 pmb:111 smb:1929 d:- ref:0 ;
in:2598 out:2598 type:i dur:2 cpbdur:2 q:9.15 aq:1.19 tex:1887940 mv:65329 misc:187 imb:2040 pmb:0 smb:0 d:s ref:;
in:2602 out:2599 type:P dur:2 cpbdur:2 q:3.57 aq:0.15 tex:380760 mv:1235 misc:989 imb:74 pmb:1613 smb:353 d:s ref:0 ;
in:2600 out:2600 type:B dur:2 cpbdur:2 q:8.99 aq:4.53 tex:15470 mv:886 misc:1652 imb:0 pmb:482 smb:1558 d:s ref:0 ;
in:2599 out:2601 type:b dur:2 cpbdur:2 q:8.99 aq:7.83 tex:1001 mv:190 misc:673 imb:0 pmb:85 smb:1955 d:s ref:0 ;
in:2601 out:2602 type:b dur:2 cpbdur:2 q:8.99 aq:8.28 tex:1239 mv:217 misc:664 imb:0 pmb:90 smb:1950 d:- ref:0 ;
in:2606 out:2603 type:P dur:2 cpbdur:2 q:2.84 aq:0.03 tex:205411 mv:928 misc:1309 imb:48 pmb:1501 smb:491 d:s ref:0 ;
in:2604 out:2604 type:B dur:2 cpbdur:2 q:3.56 aq:1.35 tex:66553 mv:1702 misc:1721 imb:0 pmb:1050 smb:990 d:s ref:0 ;
in:2603 out:2605 type:b dur:2 cpbdur:2 q:3.57 aq:2.92 tex:19988 mv:862 misc:1750 imb:0 pmb:608 smb:1432 d:s ref:0 ;
in:2605 out:2606 type:b dur:2 cpbdur:2 q:3.56 aq:2.77 tex:29755 mv:861 misc:1552 imb:0 pmb:571 smb:1469 d:- ref:0 ;
in:2610 out:2607 type:P dur:2 cpbdur:2 q:1.86 aq:0.00 tex:274910 mv:583 misc:1251 imb:26 pmb:1500 smb:514 d:s ref:0 ;
in:2608 out:2608 type:B dur:2 cpbdur:2 q:2.83 aq:1.49 tex:94178 mv:1303 misc:1583 imb:0 pmb:1139 smb:901 d:s ref:0 ;
in:2607 out:2609 type:b dur:2 cpbdur:2 q:2.84 aq:2.68 tex:67372 mv:1505 misc:1467 imb:0 pmb:959 smb:1081 d:s ref:0 ;
in:2609 out:2610 type:b dur:2 cpbdur:2 q:2.82 aq:2.26 tex:29102 mv:1345 misc:1665 imb:0 pmb:727 smb:1313 d:- ref:0 ;
in:2614 out:2611 type:P dur:2 cpbdur:2 q:0.00 aq:0.01 tex:103673 mv:434 misc:1701 imb:11 pmb:1169 smb:860 d:s ref:0 ;
in:2612 out:2612 type:B dur:2 cpbdur:2 q:1.83 aq:0.74 tex:55389 mv:1198 misc:1653 imb:0 pmb:843 smb:1197 d:s ref:0 ;
in:2611 out:2613 type:b dur:2 cpbdur:2 q:1.85 aq:1.38 tex:36678 mv:951 misc:1603 imb:0 pmb:655 smb:1385 d:s ref:0 ;
in:2613 out:2614 type:b dur:2 cpbdur:2 q:1.82 aq:1.30 tex:36158 mv:365 misc:1565 imb:0 pmb:533 smb:1507 d:- ref:0 ;
in:2618 out:2615 type:P dur:2 cpbdur:2 q:0.00 aq:0.43 tex:79586 mv:489 misc:1885 imb:4 pmb:813 smb:1223 d:s ref:0 ;
in:2616 out:2616 type:B dur:2 cpbdur:2 q:0.00 aq:0.24 tex:62689 mv:557 misc:1802 imb:0 pmb:889 smb:1151 d:s ref:0 ;
in:2615 out:2617 type:b dur:2 cpbdur:2 q:0.00 aq:0.50 tex:50825 mv:527 misc:1712 imb:0 pmb:793 smb:1247 d:s ref:0 ;
in:2617 out:2618 type:b dur:2 cpbdur:2 q:0.00 aq:0.62 tex:52891 mv:419 misc:1746 imb:0 pmb:788 smb:1252 d:- ref:0 ;
in:2622 out:2619 type:P dur:2 cpbdur:2 q:0.00 aq:0.22 tex:97998 mv:518 misc:1772 imb:4 pmb:933 smb:1103 d:s ref:0 ;
in:2620 out:2620 type:B dur:2 cpbdur:2 q:0.00 aq:0.30 tex:67322 mv:415 misc:1783 imb:0 pmb:899 smb:1141 d:s ref:0 ;
in:2619 out:2621 type:b dur:2 cpbdur:2 q:0.00 aq:0.49 tex:53095 mv:363 misc:1662 imb:0 pmb:776 smb:1264 d:s ref:0 ;
in:2621 out:2622 type:b dur:2 cpbdur:2 q:0.00 aq:0.88 tex:54460 mv:327 misc:1605 imb:0 pmb:633 smb:1407 d:- ref:0 ;
in:2623 out:2623 type:I dur:2 cpbdur:2 q:13.22 aq:4.42 tex:2178150 mv:69769 misc:201 imb:2040 pmb:0 smb:0 d:s ref:;
in:2627 out:2624 type:P dur:2 cpbdur:2 q:0.25 aq:0.10 tex:568592 mv:1437 misc:883 imb:91 pmb:1653 smb:296 d:s ref:0 ;
in:2625 out:2625 type:B dur:2 cpbdur:2 q:12.84 aq:12.44 tex:7386 mv:174 misc:464 imb:0 pmb:94 smb:1946 d:s ref:0 ;
in:2624 out:2626 type:b dur:2 cpbdur:2 q:12.84 aq:14.71 tex:414 mv:80 misc:298 imb:0 pmb:23 smb:2017 d:s ref:0 ;
in:2626 out:2627 type:b dur:2 cpbdur:2 q:12.84 aq:14.44 tex:2303 mv:101 misc:332 imb:0 pmb:34 smb:2006 d:- ref:0 ;
in:2631 out:2628 type:P dur:2 cpbdur:2 q:0.00 aq:0.10 tex:658748 mv:4478 misc:718 imb:453 pmb:1361 smb:226 d:s ref:0 ;
in:2629 out:2629 type:B dur:2 cpbdur:2 q:0.25 aq:0.74 tex:111434 mv:1059 misc:1859 imb:0 pmb:1266 smb:774 d:s ref:0 ;
in:2628 out:2630 type:b dur:2 cpbdur:2 q:0.25 aq:1.89 tex:63114 mv:972 misc:1986 imb:0 pmb:941 smb:1099 d:s ref:0 ;
in:2630 out:2631 type:b dur:2 cpbdur:2 q:0.25 aq:1.74 tex:290360 mv:4531 misc:1853 imb:154 pmb:852 smb:1034 d:- ref:0 ;
in:2632 out:2632 type:P dur:2 cpbdur:2 q:0.38 aq:0.00 tex:396396 mv:3803 misc:1401 imb:331 pmb:1199 smb:510 d:s ref:0 ;
in:2635 out:2633 type:P dur:2 cpbdur:2 q:0.43 aq:0.10 tex:427546 mv:1531 misc:915 imb:111 pmb:1571 smb:358 d:s ref:0 ;
in:2633 out:2634 type:B dur:2 cpbdur:2 q:0.43 aq:1.47 tex:165078 mv:2367 misc:1907 imb:47 pmb:835 smb:1158 d:s ref:0 ;
in:2634 out:2635 type:b dur:2 cpbdur:2 q:0.43 aq:2.09 tex:197994 mv:2962 misc:1852 imb:43 pmb:1133 smb:864 d:- ref:0 ;
in:2637 out:2636 type:P dur:2 cpbdur:2 q:0.81 aq:0.01 tex:256794 mv:1633 misc:1461 imb:83 pmb:1378 smb:579 d:s ref:0 ;
in:2636 out:2637 type:b dur:2 cpbdur:2 q:0.80 aq:2.23 tex:170440 mv:2786 misc:1766 imb:27 pmb:807 smb:1206 d:s ref:0 ;
in:2641 out:2638 type:P dur:2 cpbdur:2 q:1.20 aq:0.06 tex:877421 mv:2476 misc:599 imb:203 pmb:1633 smb:204 d:s ref:0 ;
in:2639 out:2639 type:B dur:2 cpbdur:2 q:1.21 aq:1.08 tex:226928 mv:2688 misc:1832 imb:25 pmb:1191 smb:824 d:s ref:0 ;
in:2638 out:2640 type:b dur:2 cpbdur:2 q:1.21 aq:2.30 tex:104284 mv:1124 misc:1584 imb:17 pmb:621 smb:1402 d:s ref:0 ;
in:2640 out:2641 type:b dur:2 cpbdur:2 q:1.21 aq:2.57 tex:90922 mv:1076 misc:1778 imb:2 pmb:772 smb:1266 d:- ref:0 ;
in:2643 out:2642 type:P dur:2 cpbdur:2 q:1.62 aq:0.24 tex:242371 mv:799 misc:1126 imb:22 pmb:1507 smb:511 d:s ref:0 ;
in:2642 out:2643 type:b dur:2 cpbdur:2 q:1.64 aq:2.57 tex:34975 mv:912 misc:1809 imb:0 pmb:665 smb:1375 d:s ref:0 ;
in:2645 out:2644 type:P dur:2 cpbdur:2 q:1.80 aq:0.18 tex:138345 mv:473 misc:1798 imb:5 pmb:1101 smb:934 d:s ref:0 ;
in:2644 out:2645 type:b dur:2 cpbdur:2 q:1.86 aq:2.33 tex:26023 mv:491 misc:1374 imb:0 pmb:346 smb:1694 d:s ref:0 ;
in:2648 out:2646 type:P dur:2 cpbdur:2 q:0.81 aq:0.30 tex:522564 mv:4143 misc:1293 imb:386 pmb:1228 smb:426 d:s ref:0 ;
in:2646 out:2647 type:B dur:2 cpbdur:2 q:1.84 aq:1.56 tex:52400 mv:569 misc:1743 imb:1 pmb:561 smb:1478 d:s ref:0 ;
in:2647 out:2648 type:b dur:2 cpbdur:2 q:1.84 aq:2.55 tex:32705 mv:805 misc:1714 imb:1 pmb:531 smb:1508 d:- ref:0 ;
in:2651 out:2649 type:P dur:2 cpbdur:2 q:0.81 aq:0.00 tex:594012 mv:4211 misc:1193 imb:286 pmb:1385 smb:369 d:s ref:0 ;
in:2649 out:2650 type:B dur:2 cpbdur:2 q:0.81 aq:1.52 tex:94464 mv:1319 misc:2009 imb:0 pmb:1107 smb:933 d:s ref:0 ;
in:2650 out:2651 type:b dur:2 cpbdur:2 q:0.81 aq:1.94 tex:44589 mv:1119 misc:1916 imb:0 pmb:710 smb:1330 d:- ref:0 ;
in:2655 out:2652 type:P dur:2 cpbdur:2 q:2.82 aq:0.01 tex:196998 mv:413 misc:1637 imb:4 pmb:1443 smb:593 d:s ref:0 ;
in:2653 out:2653 type:B dur:2 cpbdur:2 q:2.79 aq:1.92 tex:48614 mv:1226 misc:1920 imb:0 pmb:728 smb:1312 d:s ref:0 ;
in:2652 out:2654 type:b dur:2 cpbdur:2 q:2.77 aq:3.62 tex:11288 mv:399 misc:1113 imb:0 pmb:251 smb:1789 d:s ref:0 ;
in:2654 out:2655 type:b dur:2 cpbdur:2 q:2.80 aq:3.37 tex:15755 mv:535 misc:1318 imb:0 pmb:308 smb:1732 d:- ref:0 ;
in:2659 out:2656 type:P dur:2 cpbdur:2 q:2.75 aq:0.05 tex:134429 mv:332 misc:1911 imb:2 pmb:1207 smb:831 d:s ref:0 ;
in:2657 out:2657 type:B dur:2 cpbdur:2 q:2.99 aq:1.88 tex:44370 mv:765 misc:1681 imb:0 pmb:472 smb:1568 d:s ref:0 ;
in:2656 out:2658 type:b dur:2 cpbdur:2 q:3.00 aq:3.92 tex:15785 mv:343 misc:896 imb:0 pmb:172 smb:1868 d:s ref:0 ;
in:2658 out:2659 type:b dur:2 cpbdur:2 q:2.97 aq:3.92 tex:15715 mv:257 misc:772 imb:0 pmb:147 smb:1893 d:- ref:0 ;
in:2663 out:2660 type:P dur:2 cpbdur:2 q:2.98 aq:0.03 tex:149526 mv:581 misc:1917 imb:4 pmb:1152 smb:884 d:s ref:0 ;
in:2661 out:2661 type:B dur:2 cpbdur:2 q:3.00 aq:2.13 tex:48903 mv:299 misc:1470 imb:0 pmb:376 smb:1664 d:s ref:0 ;
in:2660 out:2662 type:b dur:2 cpbdur:2 q:3.00 aq:3.93 tex:15985 mv:232 misc:799 imb:0 pmb:162 smb:1878 d:s ref:0 ;
in:2662 out:2663 type:b dur:2 cpbdur:2 q:3.00 aq:3.88 tex:14587 mv:211 misc:850 imb:0 pmb:169 smb:1871 d:- ref:0 ;
in:2667 out:2664 type:P dur:2 cpbdur:2 q:2.72 aq:0.11 tex:185998 mv:762 misc:1848 imb:10 pmb:1151 smb:879 d:s ref:0 ;
in:2665 out:2665 type:B dur:2 cpbdur:2 q:3.09 aq:1.98 tex:60586 mv:363 misc:1403 imb:0 pmb:362 smb:1678 d:s ref:0 ;
in:2664 out:2666 type:b dur:2 cpbdur:2 q:3.10 aq:3.99 tex:21221 mv:247 misc:780 imb:0 pmb:172 smb:1868 d:s ref:0 ;
in:2666 out:2667 type:b dur:2 cpbdur:2 q:3.09 aq:3.95 tex:40458 mv:455 misc:815 imb:1 pmb:188 smb:1851 d:- ref:0 ;
in:2671 out:2668 type:P dur:2 cpbdur:2 q:2.62 aq:0.15 tex:179686 mv:825 misc:1865 imb:12 pmb:1153 smb:875 d:s ref:0 ;
in:2669 out:2669 type:B dur:2 cpbdur:2 q:2.75 aq:2.25 tex:58454 mv:508 misc:1550 imb:0 pmb:451 smb:1589 d:s ref:0 ;
in:2668 out:2670 type:b dur:2 cpbdur:2 q:2.88 aq:3.82 tex:26658 mv:400 misc:886 imb:0 pmb:226 smb:1814 d:s ref:0 ;
in:2670 out:2671 type:b dur:2 cpbdur:2 q:2.78 aq:3.48 tex:16277 mv:297 misc:930 imb:0 pmb:226 smb:1814 d:- ref:0 ;
in:2675 out:2672 type:P dur:2 cpbdur:2 q:2.72 aq:0.14 tex:125534 mv:432 misc:1898 imb:2 pmb:1071 smb:967 d:s ref:0 ;
in:2673 out:2673 type:B dur:2 cpbdur:2 q:2.78 aq:1.78 tex:36368 mv:262 misc:1426 imb:0 pmb:346 smb:1694 d:s ref:0 ;
in:2672 out:2674 type:b dur:2 cpbdur:2 q:2.99 aq:3.73 tex:14905 mv:228 misc:803 imb:0 pmb:177 smb:1863 d:s ref:0 ;
in:2674 out:2675 type:b dur:2 cpbdur:2 q:2.82 aq:3.29 tex:12821 mv:255 misc:812 imb:0 pmb:172 smb:1868 d:- ref:0 ;
in:2677 out:2676 type:P dur:2 cpbdur:2 q:1.53 aq:0.53 tex:258161 mv:1851 misc:1780 imb:43 pmb:1112 smb:885 d:s ref:0 ;
in:2676 out:2677 type:b dur:2 cpbdur:2 q:2.90 aq:3.50 tex:6543 mv:318 misc:835 imb:0 pmb:201 smb:1839 d:s ref:0 ;
in:2678 out:2678 type:P dur:2 cpbdur:2 q:1.43 aq:0.12 tex:557367 mv:3505 misc:944 imb:204 pmb:1505 smb:331 d:s ref:0 ;
in:2680 out:2679 type:P dur:2 cpbdur:2 q:0.82 aq:0.01 tex:361292 mv:1609 misc:1115 imb:44 pmb:1615 smb:381 d:s ref:0 ;
in:2679 out:2680 type:b dur:2 cpbdur:2 q:1.56 aq:2.68 tex:161625 mv:2639 misc:1824 imb:12 pmb:868 smb:1160 d:s ref:0 ;
in:2684 out:2681 type:P dur:2 cpbdur:2 q:0.85 aq:0.05 tex:253763 mv:1075 misc:1666 imb:27 pmb:1361 smb:652 d:s ref:0 ;
in:2682 out:2682 type:B dur:2 cpbdur:2 q:0.85 aq:0.85 tex:235665 mv:2242 misc:1861 imb:14 pmb:1021 smb:1005 d:s ref:0 ;
in:2681 out:2683 type:b dur:2 cpbdur:2 q:0.85 aq:1.97 tex:160694 mv:1947 misc:1591 imb:11 pmb:702 smb:1327 d:s ref:0 ;
in:2683 out:2684 type:b dur:2 cpbdur:2 q:0.85 aq:1.97 tex:162904 mv:1869 misc:1523 imb:0 pmb:676 smb:1364 d:- ref:0 ;
in:2688 out:2685 type:P dur:2 cpbdur:2 q:0.82 aq:0.19 tex:326811 mv:1577 misc:1748 imb:30 pmb:1260 smb:750 d:s ref:0 ;
in:2686 out:2686 type:B dur:2 cpbdur:2 q:0.85 aq:0.75 tex:253769 mv:2180 misc:1779 imb:6 pmb:1021 smb:1013 d:s ref:0 ;
in:2685 out:2687 type:b dur:2 cpbdur:2 q:0.85 aq:1.94 tex:125456 mv:763 misc:1581 imb:1 pmb:691 smb:1348 d:s ref:0 ;
in:2687 out:2688 type:b dur:2 cpbdur:2 q:0.85 aq:2.02 tex:151272 mv:854 misc:1434 imb:1 pmb:641 smb:1398 d:- ref:0 ;
in:2692 out:2689 type:P dur:2 cpbdur:2 q:0.00 aq:0.00 tex:596705 mv:4907 misc:1316 imb:423 pmb:1214 smb:403 d:s ref:0 ;
in:2690 out:2690 type:B dur:2 cpbdur:2 q:0.82 aq:0.67 tex:251965 mv:1738 misc:1753 imb:3 pmb:1133 smb:904 d:s ref:0 ;
in:2689 out:2691 type:b dur:2 cpbdur:2 q:0.82 aq:1.81 tex:48706 mv:500 misc:1626 imb:0 pmb:543 smb:1497 d:s ref:0 ;
in:2691 out:2692 type:b dur:2 cpbdur:2 q:0.82 aq:1.83 tex:50768 mv:835 misc:1845 imb:0 pmb:673 smb:1367 d:- ref:0 ;
in:2696 out:2693 type:P dur:2 cpbdur:2 q:0.00 aq:0.00 tex:190189 mv:730 misc:1609 imb:14 pmb:1403 smb:623 d:s ref:0 ;
in:2694 out:2694 type:B dur:2 cpbdur:2 q:0.00 aq:0.72 tex:76741 mv:1192 misc:1995 imb:0 pmb:978 smb:1062 d:s ref:0 ;
in:2693 out:2695 type:b dur:2 cpbdur:2 q:0.00 aq:1.33 tex:54106 mv:1145 misc:1941 imb:0 pmb:882 smb:1158 d:s ref:0 ;
in:2695 out:2696 type:b dur:2 cpbdur:2 q:0.00 aq:1.18 tex:47370 mv:424 misc:1742 imb:0 pmb:620 smb:1420 d:- ref:0 ;
in:2700 out:2697 type:P dur:2 cpbdur:2 q:0.44 aq:0.00 tex:615586 mv:1660 misc:698 imb:137 pmb:1695 smb:208 d:s ref:0 ;
in:2698 out:2698 type:B dur:2 cpbdur:2 q:0.44 aq:0.56 tex:79390 mv:874 misc:1888 imb:0 pmb:884 smb:1156 d:s ref:0 ;
in:2697 out:2699 type:b dur:2 cpbdur:2 q:0.44 aq:1.31 tex:35047 mv:507 misc:1614 imb:0 pmb:487 smb:1553 d:s ref:0 ;
in:2699 out:2700 type:b dur:2 cpbdur:2 q:0.44 aq:1.41 tex:40162 mv:406 misc:1720 imb:0 pmb:550 smb:1490 d:- ref:0 ;
in:2704 out:2701 type:P dur:2 cpbdur:2 q:0.87 aq:0.30 tex:249350 mv:1167 misc:1243 imb:70 pmb:1555 smb:415 d:s ref:0 ;
in:2702 out:2702 type:B dur:2 cpbdur:2 q:0.87 aq:0.82 tex:91621 mv:1140 misc:1951 imb:0 pmb:1072 smb:968 d:s ref:0 ;
in:2701 out:2703 type:b dur:2 cpbdur:2 q:0.87 aq:2.11 tex:44278 mv:1104 misc:1938 imb:2 pmb:718 smb:1320 d:s ref:0 ;
in:2703 out:2704 type:b dur:2 cpbdur:2 q:0.87 aq:1.97 tex:40598 mv:658 misc:1712 imb:0 pmb:530 smb:1510 d:- ref:0 ;
in:2708 out:2705 type:P dur:2 cpbdur:2 q:0.79 aq:0.02 tex:341558 mv:2412 misc:1630 imb:108 pmb:1328 smb:604 d:s ref:0 ;
in:2706 out:2706 type:B dur:2 cpbdur:2 q:0.87 aq:0.62 tex:80482 mv:1122 misc:1932 imb:0 pmb:933 smb:1107 d:s ref:0 ;
in:2705 out:2707 type:b dur:2 cpbdur:2 q:0.87 aq:1.92 tex:39102 mv:529 misc:1673 imb:0 pmb:504 smb:1536 d:s ref:0 ;
in:2707 out:2708 type:b dur:2 cpbdur:2 q:0.87 aq:1.91 tex:39537 mv:531 misc:1628 imb:0 pmb:497 smb:1543 d:- ref:0 ;
in:2711 out:2709 type:P dur:2 cpbdur:2 q:0.74 aq:0.02 tex:324682 mv:2231 misc:1767 imb:69 pmb:1245 smb:726 d:s ref:0 ;
in:2709 out:2710 type:B dur:2 cpbdur:2 q:0.85 aq:1.42 tex:199644 mv:1919 misc:1765 imb:25 pmb:918 smb:1097 d:s ref:0 ;
in:2710 out:2711 type:b dur:2 cpbdur:2 q:0.85 aq:2.00 tex:44276 mv:658 misc:1618 imb:7 pmb:512 smb:1521 d:- ref:0 ;
in:2715 out:2712 type:P dur:2 cpbdur:2 q:0.74 aq:0.01 tex:188634 mv:886 misc:1816 imb:13 pmb:1237 smb:790 d:s ref:0 ;
in:2713 out:2713 type:B dur:2 cpbdur:2 q:0.85 aq:0.64 tex:93856 mv:1006 misc:1930 imb:1 pmb:951 smb:1088 d:s ref:0 ;
in:2712 out:2714 type:b dur:2 cpbdur:2 q:0.85 aq:1.85 tex:47301 mv:445 misc:1566 imb:0 pmb:456 smb:1584 d:s ref:0 ;
in:2714 out:2715 type:b dur:2 cpbdur:2 q:0.85 aq:1.87 tex:40388 mv:607 misc:1605 imb:1 pmb:462 smb:1577 d:- ref:0 ;
in:2717 out:2716 type:P dur:2 cpbdur:2 q:0.74 aq:0.03 tex:124120 mv:441 misc:1943 imb:4 pmb:1146 smb:890 d:s ref:0 ;
in:2716 out:2717 type:b dur:2 cpbdur:2 q:0.85 aq:1.74 tex:37026 mv:386 misc:1532 imb:0 pmb:425 smb:1615 d:s ref:0 ;
in:2721 out:2718 type:P dur:2 cpbdur:2 q:0.40 aq:0.01 tex:207396 mv:1628 misc:1872 imb:127 pmb:1148 smb:765 d:s ref:0 ;
in:2719 out:2719 type:B dur:2 cpbdur:2 q:0.85 aq:0.90 tex:63796 mv:871 misc:1949 imb:9 pmb:860 smb:1171 d:s ref:0 ;
in:2718 out:2720 type:b dur:2 cpbdur:2 q:0.85 aq:1.98 tex:43962 mv:438 misc:1608 imb:0 pmb:488 smb:1552 d:s ref:0 ;
in:2720 out:2721 type:b dur:2 cpbdur:2 q:0.85 aq:1.92 tex:27754 mv:621 misc:1625 imb:0 pmb:473 smb:1567 d:- ref:0 ;
in:2725 out:2722 type:P dur:2 cpbdur:2 q:0.43 aq:0.01 tex:120188 mv:445 misc:1943 imb:12 pmb:1180 smb:848 d:s ref:0 ;
in:2723 out:2723 type:B dur:2 cpbdur:2 q:0.43 aq:0.53 tex:80256 mv:860 misc:1940 imb:2 pmb:925 smb:1113 d:s ref:0 ;
in:2722 out:2724 type:b dur:2 cpbdur:2 q:0.43 aq:1.70 tex:27770 mv:542 misc:1696 imb:0 pmb:507 smb:1533 d:s ref:0 ;
in:2724 out:2725 type:b dur:2 cpbdur:2 q:0.43 aq:1.64 tex:41112 mv:480 misc:1632 imb:0 pmb:475 smb:1565 d:- ref:0 ;
in:2729 out:2726 type:P dur:2 cpbdur:2 q:0.43 aq:0.00 tex:138430 mv:504 misc:1978 imb:1 pmb:1134 smb:905 d:s ref:0 ;
in:2727 out:2727 type:B dur:2 cpbdur:2 q:0.43 aq:0.40 tex:86811 mv:297 misc:1908 imb:0 pmb:914 smb:1126 d:s ref:0 ;
in:2726 out:2728 type:b dur:2 cpbdur:2 q:0.43 aq:1.68 tex:45543 mv:335 misc:1674 imb:0 pmb:502 smb:1538 d:s ref:0 ;
in:2728 out:2729 type:b dur:2 cpbdur:2 q:0.43 aq:1.67 tex:46602 mv:289 misc:1677 imb:0 pmb:500 smb:1540 d:- ref:0 ;
in:2733 out:2730 type:P dur:2 cpbdur:2 q:0.43 aq:0.01 tex:154541 mv:655 misc:1948 imb:1 pmb:1126 smb:913 d:s ref:0 ;
in:2731 out:2731 type:B dur:2 cpbdur:2 q:0.43 aq:0.40 tex:90613 mv:320 misc:1947 imb:0 pmb:919 smb:1121 d:s ref:0 ;
in:2730 out:2732 type:b dur:2 cpbdur:2 q:0.43 aq:1.64 tex:47236 mv:322 misc:1674 imb:0 pmb:507 smb:1533 d:s ref:0 ;
in:2732 out:2733 type:b dur:2 cpbdur:2 q:0.43 aq:1.64 tex:49097 mv:302 misc:1657 imb:0 pmb:500 smb:1540 d:- ref:0 ;
in:2737 out:2734 type:P dur:2 cpbdur:2 q:0.43 aq:0.03 tex:247659 mv:908 misc:1297 imb:29 pmb:1497 smb:514 d:s ref:0 ;
in:2735 out:2735 type:B dur:2 cpbdur:2 q:0.43 aq:0.77 tex:85629 mv:1366 misc:1877 imb:0 pmb:1014 smb:1026 d:s ref:0 ;
in:2734 out:2736 type:b dur:2 cpbdur:2 q:0.43 aq:1.38 tex:45982 mv:529 misc:1641 imb:0 pmb:503 smb:1537 d:s ref:0 ;
in:2736 out:2737 type:b dur:2 cpbdur:2 q:0.43 aq:1.91 tex:56982 mv:1304 misc:1938 imb:0 pmb:918 smb:1122 d:- ref:0 ;
in:2741 out:2738 type:P dur:2 cpbdur:2 q:0.44 aq:0.02 tex:354590 mv:1041 misc:1113 imb:42 pmb:1615 smb:383 d:s ref:0 ;
in:2739 out:2739 type:B dur:2 cpbdur:2 q:0.44 aq:0.55 tex:140191 mv:1282 misc:1607 imb:0 pmb:1387 smb:653 d:s ref:0 ;
in:2738 out:2740 type:b dur:2 cpbdur:2 q:0.44 aq:1.86 tex:57404 mv:1012 misc:1952 imb:0 pmb:853 smb:1187 d:s ref:0 ;
in:2740 out:2741 type:b dur:2 cpbdur:2 q:0.44 aq:1.87 tex:48957 mv:1049 misc:1834 imb:0 pmb:774 smb:1266 d:- ref:0 ;
in:2745 out:2742 type:P dur:2 cpbdur:2 q:0.46 aq:0.01 tex:397431 mv:657 misc:1024 imb:31 pmb:1611 smb:398 d:s ref:0 ;
in:2743 out:2743 type:B dur:2 cpbdur:2 q:0.46 aq:0.53 tex:139443 mv:1084 misc:1529 imb:0 pmb:1380 smb:660 d:s ref:0 ;
in:2742 out:2744 type:b dur:2 cpbdur:2 q:0.46 aq:1.86 tex:44265 mv:726 misc:1921 imb:0 pmb:724 smb:1316 d:s ref:0 ;
in:2744 out:2745 type:b dur:2 cpbdur:2 q:0.46 aq:1.81 tex:37913 mv:1075 misc:1860 imb:0 pmb:733 smb:1307 d:- ref:0 ;
in:2749 out:2746 type:P dur:2 cpbdur:2 q:0.44 aq:0.02 tex:204269 mv:490 misc:1321 imb:12 pmb:1447 smb:581 d:s ref:0 ;
in:2747 out:2747 type:B dur:2 cpbdur:2 q:0.46 aq:0.73 tex:86270 mv:1360 misc:1834 imb:0 pmb:994 smb:1046 d:s ref:0 ;
in:2746 out:2748 type:b dur:2 cpbdur:2 q:0.46 aq:1.85 tex:44915 mv:1096 misc:1861 imb:0 pmb:765 smb:1275 d:s ref:0 ;
in:2748 out:2749 type:b dur:2 cpbdur:2 q:0.46 aq:1.74 tex:45364 mv:488 misc:1636 imb:0 pmb:516 smb:1524 d:- ref:0 ;
in:2753 out:2750 type:P dur:2 cpbdur:2 q:0.43 aq:0.00 tex:162813 mv:568 misc:1739 imb:3 pmb:1240 smb:797 d:s ref:0 ;
in:2751 out:2751 type:B dur:2 cpbdur:2 q:0.44 aq:0.57 tex:89078 mv:758 misc:1844 imb:0 pmb:887 smb:1153 d:s ref:0 ;
in:2750 out:2752 type:b dur:2 cpbdur:2 q:0.44 aq:1.73 tex:45513 mv:535 misc:1704 imb:0 pmb:541 smb:1499 d:s ref:0 ;
in:2752 out:2753 type:b dur:2 cpbdur:2 q:0.44 aq:1.70 tex:45015 mv:372 misc:1661 imb:0 pmb:507 smb:1533 d:- ref:0 ;
in:2757 out:2754 type:P dur:2 cpbdur:2 q:0.43 aq:0.01 tex:161665 mv:685 misc:1858 imb:2 pmb:1169 smb:869 d:s ref:0 ;
in:2755 out:2755 type:B dur:2 cpbdur:2 q:0.43 aq:0.41 tex:92002 mv:405 misc:1881 imb:0 pmb:958 smb:1082 d:s ref:0 ;
in:2754 out:2756 type:b dur:2 cpbdur:2 q:0.43 aq:1.66 tex:46676 mv:367 misc:1669 imb:0 pmb:527 smb:1513 d:s ref:0 ;
in:2756 out:2757 type:b dur:2 cpbdur:2 q:0.43 aq:1.75 tex:49048 mv:241 misc:1655 imb:0 pmb:506 smb:1534 d:- ref:0 ;
in:2760 out:2758 type:P dur:2 cpbdur:2 q:0.44 aq:0.03 tex:477569 mv:3944 misc:1687 imb:258 pmb:1154 smb:628 d:s ref:0 ;
in:2758 out:2759 type:B dur:2 cpbdur:2 q:0.44 aq:1.07 tex:65747 mv:414 misc:1879 imb:0 pmb:740 smb:1300 d:s ref:0 ;
in:2759 out:2760 type:b dur:2 cpbdur:2 q:0.44 aq:1.67 tex:44895 mv:478 misc:1715 imb:0 pmb:585 smb:1455 d:- ref:0 ;
in:2764 out:2761 type:P dur:2 cpbdur:2 q:0.46 aq:0.05 tex:876000 mv:2958 misc:570 imb:225 pmb:1661 smb:154 d:s ref:0 ;
in:2762 out:2762 type:B dur:2 cpbdur:2 q:0.46 aq:0.77 tex:307746 mv:2294 misc:1344 imb:45 pmb:1503 smb:492 d:s ref:0 ;
in:2761 out:2763 type:b dur:2 cpbdur:2 q:0.46 aq:2.06 tex:177656 mv:1863 misc:1849 imb:41 pmb:980 smb:1019 d:s ref:0 ;
in:2763 out:2764 type:b dur:2 cpbdur:2 q:0.46 aq:2.02 tex:175735 mv:2840 misc:1905 imb:42 pmb:1020 smb:978 d:- ref:0 ;
in:2768 out:2765 type:P dur:2 cpbdur:2 q:0.46 aq:0.11 tex:394579 mv:2221 misc:1232 imb:115 pmb:1511 smb:414 d:s ref:0 ;
in:2766 out:2766 type:B dur:2 cpbdur:2 q:0.46 aq:0.75 tex:197505 mv:2533 misc:1794 imb:31 pmb:1258 smb:751 d:s ref:0 ;
in:2765 out:2767 type:b dur:2 cpbdur:2 q:0.46 aq:1.82 tex:174458 mv:3187 misc:1859 imb:48 pmb:984 smb:1008 d:s ref:0 ;
in:2767 out:2768 type:b dur:2 cpbdur:2 q:0.46 aq:1.76 tex:189467 mv:2647 misc:1766 imb:44 pmb:765 smb:1231 d:- ref:0 ;
in:2772 out:2769 type:P dur:2 cpbdur:2 q:0.00 aq:0.01 tex:274459 mv:3345 misc:1684 imb:451 pmb:1026 smb:563 d:s ref:0 ;
in:2770 out:2770 type:B dur:2 cpbdur:2 q:0.46 aq:0.75 tex:257388 mv:1882 misc:1882 imb:33 pmb:1098 smb:909 d:s ref:0 ;
in:2769 out:2771 type:b dur:2 cpbdur:2 q:0.46 aq:1.79 tex:72017 mv:998 misc:1809 imb:1 pmb:694 smb:1345 d:s ref:0 ;
in:2771 out:2772 type:b dur:2 cpbdur:2 q:0.46 aq:1.85 tex:47715 mv:439 misc:1806 imb:0 pmb:613 smb:1427 d:- ref:0 ;
in:2776 out:2773 type:P dur:2 cpbdur:2 q:0.00 aq:0.00 tex:168454 mv:785 misc:1777 imb:22 pmb:1114 smb:904 d:s ref:0 ;
in:2774 out:2774 type:B dur:2 cpbdur:2 q:0.00 aq:0.59 tex:91601 mv:993 misc:1886 imb:12 pmb:928 smb:1100 d:s ref:0 ;
in:2773 out:2775 type:b dur:2 cpbdur:2 q:0.00 aq:1.29 tex:56374 mv:1044 misc:1846 imb:9 pmb:719 smb:1312 d:s ref:0 ;
in:2775 out:2776 type:b dur:2 cpbdur:2 q:0.00 aq:1.26 tex:55531 mv:866 misc:1811 imb:1 pmb:692 smb:1347 d:- ref:0 ;
in:2779 out:2777 type:P dur:2 cpbdur:2 q:0.00 aq:0.01 tex:136916 mv:605 misc:1847 imb:4 pmb:974 smb:1062 d:s ref:0 ;
in:2777 out:2778 type:B dur:2 cpbdur:2 q:0.00 aq:0.79 tex:60663 mv:367 misc:1706 imb:0 pmb:629 smb:1411 d:s ref:0 ;
in:2778 out:2779 type:b dur:2 cpbdur:2 q:0.00 aq:1.21 tex:48588 mv:240 misc:1540 imb:0 pmb:532 smb:1508 d:- ref:0 ;
in:2781 out:2780 type:P dur:2 cpbdur:2 q:0.00 aq:0.01 tex:114687 mv:413 misc:1868 imb:3 pmb:953 smb:1084 d:s ref:0 ;
in:2780 out:2781 type:b dur:2 cpbdur:2 q:0.00 aq:1.25 tex:45158 mv:190 misc:1604 imb:0 pmb:533 smb:1507 d:s ref:0 ;
in:2785 out:2782 type:P dur:2 cpbdur:2 q:0.00 aq:0.00 tex:133295 mv:607 misc:1842 imb:6 pmb:962 smb:1072 d:s ref:0 ;
in:2783 out:2783 type:B dur:2 cpbdur:2 q:0.00 aq:0.22 tex:81497 mv:334 misc:1873 imb:0 pmb:881 smb:1159 d:s ref:0 ;
in:2782 out:2784 type:b dur:2 cpbdur:2 q:0.00 aq:1.22 tex:48490 mv:366 misc:1576 imb:0 pmb:548 smb:1492 d:s ref:0 ;
in:2784 out:2785 type:b dur:2 cpbdur:2 q:0.00 aq:1.28 tex:46438 mv:331 misc:1623 imb:1 pmb:536 smb:1503 d:- ref:0 ;
in:2789 out:2786 type:P dur:2 cpbdur:2 q:0.00 aq:0.00 tex:176528 mv:447 misc:1345 imb:8 pmb:1295 smb:737 d:s ref:0 ;
in:2787 out:2787 type:B dur:2 cpbdur:2 q:0.00 aq:0.72 tex:69041 mv:1242 misc:1797 imb:0 pmb:890 smb:1150 d:s ref:0 ;
in:2786 out:2788 type:b dur:2 cpbdur:2 q:0.00 aq:1.20 tex:41964 mv:504 misc:1620 imb:0 pmb:550 smb:1490 d:s ref:0 ;
in:2788 out:2789 type:b dur:2 cpbdur:2 q:0.00 aq:1.32 tex:43156 mv:1007 misc:1813 imb:0 pmb:769 smb:1271 d:- ref:0 ;
in:2793 out:2790 type:P dur:2 cpbdur:2 q:0.00 aq:0.00 tex:195344 mv:413 misc:1203 imb:8 pmb:1352 smb:680 d:s ref:0 ;
in:2791 out:2791 type:B dur:2 cpbdur:2 q:0.00 aq:0.47 tex:94491 mv:1336 misc:1685 imb:0 pmb:1055 smb:985 d:s ref:0 ;
in:2790 out:2792 type:b dur:2 cpbdur:2 q:0.00 aq:1.69 tex:76115 mv:1433 misc:1652 imb:0 pmb:1045 smb:995 d:s ref:0 ;
in:2792 out:2793 type:b dur:2 cpbdur:2 q:0.00 aq:1.41 tex:48999 mv:772 misc:1725 imb:0 pmb:603 smb:1437 d:- ref:0 ;
in:2796 out:2794 type:P dur:2 cpbdur:2 q:0.00 aq:0.00 tex:131249 mv:445 misc:1778 imb:1 pmb:1046 smb:993 d:s ref:0 ;
in:2794 out:2795 type:B dur:2 cpbdur:2 q:0.00 aq:0.59 tex:67050 mv:663 misc:1751 imb:0 pmb:777 smb:1263 d:s ref:0 ;
in:2795 out:2796 type:b dur:2 cpbdur:2 q:0.00 aq:1.35 tex:46032 mv:254 misc:1586 imb:0 pmb:519 smb:1521 d:- ref:0 ;
in:2800 out:2797 type:P dur:2 cpbdur:2 q:0.00 aq:0.00 tex:279623 mv:2530 misc:1599 imb:339 pmb:1138 smb:563 d:s ref:0 ;
in:2798 out:2798 type:B dur:2 cpbdur:2 q:0.00 aq:0.26 tex:92654 mv:1101 misc:1797 imb:0 pmb:977 smb:1063 d:s ref:0 ;
in:2797 out:2799 type:b dur:2 cpbdur:2 q:0.00 aq:1.32 tex:51110 mv:606 misc:1636 imb:0 pmb:597 smb:1443 d:s ref:0 ;
in:2799 out:2800 type:b dur:2 cpbdur:2 q:0.00 aq:1.45 tex:54073 mv:932 misc:1739 imb:10 pmb:610 smb:1420 d:- ref:0 ;
in:2804 out:2801 type:P dur:2 cpbdur:2 q:0.00 aq:0.00 tex:199532 mv:1262 misc:1518 imb:69 pmb:1271 smb:700 d:s ref:0 ;
in:2802 out:2802 type:B dur:2 cpbdur:2 q:0.00 aq:1.06 tex:93687 mv:1451 misc:1766 imb:0 pmb:1011 smb:1029 d:s ref:0 ;
in:2801 out:2803 type:b dur:2 cpbdur:2 q:0.00 aq:1.57 tex:50766 mv:865 misc:1745 imb:0 pmb:673 smb:1367 d:s ref:0 ;
in:2803 out:2804 type:b dur:2 cpbdur:2 q:0.00 aq:2.00 tex:49102 mv:909 misc:1797 imb:0 pmb:708 smb:1332 d:- ref:0 ;
in:2808 out:2805 type:P dur:2 cpbdur:2 q:0.00 aq:0.01 tex:170857 mv:1047 misc:1648 imb:58 pmb:1186 smb:796 d:s ref:0 ;
in:2806 out:2806 type:B dur:2 cpbdur:2 q:0.00 aq:0.97 tex:81704 mv:1229 misc:1843 imb:0 pmb:1000 smb:1040 d:s ref:0 ;
in:2805 out:2807 type:b dur:2 cpbdur:2 q:0.00 aq:1.84 tex:49908 mv:925 misc:1799 imb:0 pmb:759 smb:1281 d:s ref:0 ;
in:2807 out:2808 type:b dur:2 cpbdur:2 q:0.00 aq:1.42 tex:47147 mv:407 misc:1582 imb:0 pmb:555 smb:1485 d:- ref:0 ;
in:2812 out:2809 type:P dur:2 cpbdur:2 q:0.00 aq:0.03 tex:117434 mv:548 misc:1778 imb:20 pmb:1084 smb:936 d:s ref:0 ;
in:2810 out:2810 type:B dur:2 cpbdur:2 q:0.00 aq:0.32 tex:67639 mv:796 misc:1813 imb:0 pmb:940 smb:1100 d:s ref:0 ;
in:2809 out:2811 type:b dur:2 cpbdur:2 q:0.00 aq:1.49 tex:41021 mv:452 misc:1623 imb:0 pmb:542 smb:1498 d:s ref:0 ;
in:2811 out:2812 type:b dur:2 cpbdur:2 q:0.00 aq:1.44 tex:31113 mv:594 misc:1581 imb:0 pmb:503 smb:1537 d:- ref:0 ;
in:2815 out:2813 type:P dur:2 cpbdur:2 q:0.00 aq:0.21 tex:181332 mv:2054 misc:1750 imb:241 pmb:1055 smb:744 d:s ref:0 ;
in:2813 out:2814 type:B dur:2 cpbdur:2 q:0.00 aq:0.89 tex:54158 mv:701 misc:1813 imb:0 pmb:644 smb:1396 d:s ref:0 ;
in:2814 out:2815 type:b dur:2 cpbdur:2 q:0.00 aq:1.38 tex:40044 mv:545 misc:1587 imb:0 pmb:535 smb:1505 d:- ref:0 ;
in:2816 out:2816 type:P dur:2 cpbdur:2 q:0.00 aq:0.16 tex:150152 mv:1607 misc:1849 imb:121 pmb:1033 smb:886 d:s ref:0 ;
in:2817 out:2817 type:P dur:2 cpbdur:2 q:0.00 aq:0.17 tex:138219 mv:1314 misc:1827 imb:97 pmb:1048 smb:895 d:s ref:0 ;
in:2818 out:2818 type:P dur:2 cpbdur:2 q:0.00 aq:0.34 tex:167172 mv:2199 misc:1805 imb:234 pmb:897 smb:909 d:s ref:0 ;
in:2819 out:2819 type:P dur:2 cpbdur:2 q:0.00 aq:0.26 tex:212224 mv:2585 misc:1735 imb:311 pmb:1030 smb:699 d:s ref:0 ;
in:2820 out:2820 type:P dur:2 cpbdur:2 q:0.00 aq:0.11 tex:512090 mv:2875 misc:723 imb:339 pmb:1493 smb:208 d:s ref:0 ;
in:2821 out:2821 type:P dur:2 cpbdur:2 q:0.00 aq:0.05 tex:192904 mv:1593 misc:1503 imb:127 pmb:1304 smb:609 d:s ref:0 ;
in:2822 out:2822 type:P dur:2 cpbdur:2 q:0.00 aq:0.23 tex:154137 mv:1393 misc:1838 imb:106 pmb:964 smb:970 d:s ref:0 ;
in:2823 out:2823 type:P dur:2 cpbdur:2 q:0.00 aq:0.20 tex:151015 mv:1357 misc:1860 imb:102 pmb:917 smb:1021 d:s ref:0 ;
in:2825 out:2824 type:P dur:2 cpbdur:2 q:0.00 aq:0.10 tex:179915 mv:1833 misc:1948 imb:158 pmb:1012 smb:870 d:s ref:0 ;
in:2824 out:2825 type:b dur:2 cpbdur:2 q:0.00 aq:1.39 tex:85172 mv:1141 misc:1703 imb:37 pmb:638 smb:1365 d:s ref:0 ;
in:2826 out:2826 type:P dur:2 cpbdur:2 q:0.00 aq:0.12 tex:163159 mv:1622 misc:1891 imb:147 pmb:1016 smb:877 d:s ref:0 ;
in:2827 out:2827 type:P dur:2 cpbdur:2 q:0.00 aq:0.09 tex:153580 mv:1389 misc:1895 imb:104 pmb:1016 smb:920 d:s ref:0 ;
in:2828 out:2828 type:P dur:2 cpbdur:2 q:0.00 aq:0.04 tex:168427 mv:1647 misc:1854 imb:158 pmb:1039 smb:843 d:s ref:0 ;
in:2829 out:2829 type:P dur:2 cpbdur:2 q:0.00 aq:0.04 tex:153920 mv:1413 misc:1915 imb:108 pmb:1025 smb:907 d:s ref:0 ;
in:2830 out:2830 type:P dur:2 cpbdur:2 q:0.00 aq:0.06 tex:150285 mv:1621 misc:1886 imb:162 pmb:1021 smb:857 d:s ref:0 ;
in:2832 out:2831 type:P dur:2 cpbdur:2 q:0.00 aq:0.08 tex:134475 mv:1433 misc:1908 imb:152 pmb:1031 smb:857 d:s ref:0 ;
in:2831 out:2832 type:b dur:2 cpbdur:2 q:0.00 aq:1.69 tex:76682 mv:1535 misc:1679 imb:94 pmb:567 smb:1379 d:s ref:0 ;
in:2836 out:2833 type:P dur:2 cpbdur:2 q:0.00 aq:0.26 tex:129869 mv:1267 misc:1920 imb:110 pmb:992 smb:938 d:s ref:0 ;
in:2834 out:2834 type:B dur:2 cpbdur:2 q:0.00 aq:0.60 tex:104996 mv:1487 misc:1893 imb:76 pmb:886 smb:1078 d:s ref:0 ;
in:2833 out:2835 type:b dur:2 cpbdur:2 q:0.00 aq:1.55 tex:58566 mv:1295 misc:1715 imb:69 pmb:606 smb:1365 d:s ref:0 ;
in:2835 out:2836 type:b dur:2 cpbdur:2 q:0.00 aq:1.60 tex:37898 mv:864 misc:1742 imb:30 pmb:610 smb:1400 d:- ref:0 ;
in:2837 out:2837 type:P dur:2 cpbdur:2 q:0.00 aq:0.24 tex:126649 mv:1757 misc:1850 imb:193 pmb:1064 smb:783 d:s ref:0 ;
in:2838 out:2838 type:P dur:2 cpbdur:2 q:0.00 aq:0.26 tex:216625 mv:2473 misc:1622 imb:305 pmb:1145 smb:590 d:s ref:0 ;
in:2839 out:2839 type:P dur:2 cpbdur:2 q:0.00 aq:0.18 tex:199754 mv:2369 misc:1509 imb:234 pmb:1211 smb:595 d:s ref:0 ;
in:2840 out:2840 type:P dur:2 cpbdur:2 q:0.00 aq:0.09 tex:167705 mv:1972 misc:1763 imb:189 pmb:1094 smb:757 d:s ref:0 ;
in:2841 out:2841 type:P dur:2 cpbdur:2 q:0.00 aq:0.15 tex:155790 mv:1506 misc:1856 imb:118 pmb:1057 smb:865 d:s ref:0 ;
in:2842 out:2842 type:P dur:2 cpbdur:2 q:0.04 aq:0.10 tex:176601 mv:1648 misc:1863 imb:109 pmb:1047 smb:884 d:s ref:0 ;
in:2844 out:2843 type:P dur:2 cpbdur:2 q:0.29 aq:0.15 tex:218250 mv:1840 misc:1806 imb:105 pmb:1111 smb:824 d:s ref:0 ;
in:2843 out:2844 type:b dur:2 cpbdur:2 q:0.29 aq:2.06 tex:96998 mv:1996 misc:1750 imb:43 pmb:695 smb:1302 d:s ref:0 ;
in:2845 out:2845 type:P dur:2 cpbdur:2 q:0.78 aq:0.15 tex:191596 mv:1972 misc:1776 imb:236 pmb:1092 smb:712 d:s ref:0 ;
in:2846 out:2846 type:P dur:2 cpbdur:2 q:1.19 aq:0.55 tex:188578 mv:2022 misc:1920 imb:239 pmb:939 smb:862 d:s ref:0 ;
in:2847 out:2847 type:P dur:2 cpbdur:2 q:2.12 aq:0.96 tex:135988 mv:1412 misc:1864 imb:103 pmb:921 smb:1016 d:s ref:0 ;
in:2848 out:2848 type:P dur:2 cpbdur:2 q:0.58 aq:0.34 tex:174443 mv:1906 misc:1811 imb:236 pmb:957 smb:847 d:s ref:0 ;
in:2850 out:2849 type:P dur:2 cpbdur:2 q:4.66 aq:4.72 tex:86716 mv:1205 misc:799 imb:102 pmb:225 smb:1713 d:s ref:0 ;
in:2849 out:2850 type:b dur:2 cpbdur:2 q:4.60 aq:7.65 tex:43734 mv:1027 misc:615 imb:55 pmb:210 smb:1775 d:s ref:0 ;
in:2851 out:2851 type:I dur:2 cpbdur:2 q:7.81 aq:0.77 tex:1857723 mv:65460 misc:201 imb:2040 pmb:0 smb:0 d:s ref:;
in:2853 out:2852 type:P dur:2 cpbdur:2 q:0.66 aq:0.31 tex:144881 mv:1162 misc:1925 imb:74 pmb:752 smb:1214 d:s ref:0 ;
in:2852 out:2853 type:b dur:2 cpbdur:2 q:7.60 aq:6.74 tex:32762 mv:663 misc:487 imb:20 pmb:109 smb:1911 d:s ref:0 ;
in:2857 out:2854 type:P dur:2 cpbdur:2 q:0.00 aq:0.01 tex:149627 mv:1092 misc:1905 imb:55 pmb:1007 smb:978 d:s ref:0 ;
in:2855 out:2855 type:B dur:2 cpbdur:2 q:0.65 aq:0.60 tex:46828 mv:1086 misc:1774 imb:2 pmb:639 smb:1399 d:s ref:0 ;
in:2854 out:2856 type:b dur:2 cpbdur:2 q:0.66 aq:0.89 tex:58892 mv:941 misc:1455 imb:16 pmb:432 smb:1592 d:s ref:0 ;
in:2856 out:2857 type:b dur:2 cpbdur:2 q:0.65 aq:0.83 tex:24576 mv:892 misc:1676 imb:0 pmb:574 smb:1466 d:- ref:0 ;
in:2861 out:2858 type:P dur:2 cpbdur:2 q:2.10 aq:0.01 tex:107769 mv:461 misc:1762 imb:14 pmb:1133 smb:893 d:s ref:0 ;
in:2859 out:2859 type:B dur:2 cpbdur:2 q:2.06 aq:0.43 tex:38444 mv:1012 misc:1824 imb:0 pmb:685 smb:1355 d:s ref:0 ;
in:2858 out:2860 type:b dur:2 cpbdur:2 q:2.05 aq:1.41 tex:25124 mv:865 misc:1715 imb:0 pmb:630 smb:1410 d:s ref:0 ;
in:2860 out:2861 type:b dur:2 cpbdur:2 q:2.08 aq:1.38 tex:23577 mv:410 misc:1293 imb:0 pmb:327 smb:1713 d:- ref:0 ;
in:2865 out:2862 type:P dur:2 cpbdur:2 q:2.42 aq:0.10 tex:71928 mv:514 misc:1878 imb:5 pmb:609 smb:1426 d:s ref:0 ;
in:2863 out:2863 type:B dur:2 cpbdur:2 q:2.41 aq:0.61 tex:36716 mv:467 misc:1569 imb:0 pmb:439 smb:1601 d:s ref:0 ;
in:2862 out:2864 type:b dur:2 cpbdur:2 q:2.41 aq:1.47 tex:22620 mv:356 misc:1192 imb:0 pmb:301 smb:1739 d:s ref:0 ;
in:2864 out:2865 type:b dur:2 cpbdur:2 q:2.41 aq:1.49 tex:24620 mv:240 misc:1156 imb:0 pmb:285 smb:1755 d:- ref:0 ;
in:2869 out:2866 type:P dur:2 cpbdur:2 q:0.00 aq:0.05 tex:75939 mv:548 misc:1777 imb:3 pmb:528 smb:1509 d:s ref:0 ;
in:2867 out:2867 type:B dur:2 cpbdur:2 q:2.38 aq:0.61 tex:37041 mv:248 misc:1407 imb:0 pmb:368 smb:1672 d:s ref:0 ;
in:2866 out:2868 type:b dur:2 cpbdur:2 q:2.40 aq:1.46 tex:25791 mv:201 misc:1168 imb:0 pmb:282 smb:1758 d:s ref:0 ;
in:2868 out:2869 type:b dur:2 cpbdur:2 q:2.36 aq:1.29 tex:23496 mv:113 misc:1151 imb:0 pmb:277 smb:1763 d:- ref:0 ;
in:2873 out:2870 type:P dur:2 cpbdur:2 q:8.80 aq:1.24 tex:2403598 mv:9727 misc:387 imb:1150 pmb:890 smb:0 d:s ref:0 w:7,107,102,4,29,-104,32,-128 ;
in:2871 out:2871 type:B dur:2 cpbdur:2 q:8.67 aq:4.54 tex:40510 mv:125 misc:1317 imb:0 pmb:364 smb:1676 d:s ref:0 ;
in:2870 out:2872 type:b dur:2 cpbdur:2 q:8.60 aq:8.19 tex:1921 mv:144 misc:463 imb:0 pmb:60 smb:1980 d:s ref:0 ;
in:2872 out:2873 type:b dur:2 cpbdur:2 q:8.73 aq:7.84 tex:12206 mv:135 misc:795 imb:0 pmb:205 smb:1835 d:- ref:0 ;
in:2877 out:2874 type:P dur:2 cpbdur:2 q:4.66 aq:0.56 tex:523780 mv:1463 misc:981 imb:102 pmb:1487 smb:451 d:s ref:0 ;
in:2875 out:2875 type:B dur:2 cpbdur:2 q:8.67 aq:8.20 tex:13138 mv:696 misc:1358 imb:3 pmb:332 smb:1705 d:s ref:0 ;
in:2874 out:2876 type:b dur:2 cpbdur:2 q:8.73 aq:11.49 tex:1615 mv:271 misc:746 imb:0 pmb:115 smb:1925 d:s ref:0 ;
in:2876 out:2877 type:b dur:2 cpbdur:2 q:8.60 aq:10.48 tex:5235 mv:325 misc:792 imb:1 pmb:144 smb:1895 d:- ref:0 ;
in:2881 out:2878 type:P dur:2 cpbdur:2 q:7.94 aq:1.78 tex:826908 mv:1845 misc:671 imb:182 pmb:1543 smb:315 d:s ref:0 ;
in:2879 out:2879 type:B dur:2 cpbdur:2 q:7.94 aq:7.39 tex:57033 mv:1139 misc:1732 imb:10 pmb:758 smb:1272 d:s ref:0 ;
in:2878 out:2880 type:b dur:2 cpbdur:2 q:7.94 aq:9.29 tex:8000 mv:446 misc:1154 imb:0 pmb:291 smb:1749 d:s ref:0 ;
in:2880 out:2881 type:b dur:2 cpbdur:2 q:7.94 aq:7.74 tex:19522 mv:514 misc:1012 imb:18 pmb:254 smb:1768 d:- ref:0 ;
in:2883 out:2882 type:P dur:2 cpbdur:2 q:7.28 aq:1.31 tex:264159 mv:1904 misc:1137 imb:124 pmb:1409 smb:507 d:s ref:0 ;
in:2882 out:2883 type:b dur:2 cpbdur:2 q:8.47 aq:6.75 tex:5819 mv:356 misc:689 imb:0 pmb:180 smb:1860 d:s ref:0 ;
in:2884 out:2884 type:P dur:2 cpbdur:2 q:5.66 aq:1.21 tex:190558 mv:2350 misc:1804 imb:292 pmb:1081 smb:667 d:s ref:0 ;
in:2885 out:2885 type:P dur:2 cpbdur:2 q:5.37 aq:1.52 tex:124887 mv:1879 misc:1938 imb:145 pmb:975 smb:920 d:s ref:0 ;
in:2886 out:2886 type:P dur:2 cpbdur:2 q:1.85 aq:0.50 tex:185569 mv:2546 misc:1805 imb:297 pmb:912 smb:831 d:s ref:0 ;
in:2887 out:2887 type:P dur:2 cpbdur:2 q:0.64 aq:0.17 tex:166976 mv:1986 misc:1894 imb:184 pmb:1002 smb:854 d:s ref:0 ;
in:2888 out:2888 type:P dur:2 cpbdur:2 q:0.93 aq:0.21 tex:153184 mv:1955 misc:1885 imb:198 pmb:971 smb:871 d:s ref:0 ;
in:2889 out:2889 type:P dur:2 cpbdur:2 q:0.40 aq:0.13 tex:139230 mv:1784 misc:1874 imb:182 pmb:999 smb:859 d:s ref:0 ;
in:2890 out:2890 type:P dur:2 cpbdur:2 q:2.45 aq:0.42 tex:167057 mv:2032 misc:1887 imb:208 pmb:1039 smb:793 d:s ref:0 ;
in:2891 out:2891 type:P dur:2 cpbdur:2 q:2.52 aq:0.30 tex:172050 mv:1766 misc:1744 imb:170 pmb:1128 smb:742 d:s ref:0 ;
in:2892 out:2892 type:P dur:2 cpbdur:2 q:2.40 aq:0.51 tex:200161 mv:2204 misc:1411 imb:261 pmb:1255 smb:524 d:s ref:0 ;
in:2896 out:2893 type:P dur:2 cpbdur:2 q:2.29 aq:0.01 tex:448253 mv:4162 misc:1561 imb:352 pmb:1108 smb:580 d:s ref:0 ;
in:2894 out:2894 type:B dur:2 cpbdur:2 q:2.40 aq:1.91 tex:159504 mv:2894 misc:1826 imb:106 pmb:699 smb:1235 d:s ref:0 ;
in:2893 out:2895 type:b dur:2 cpbdur:2 q:2.40 aq:4.05 tex:24509 mv:573 misc:1286 imb:10 pmb:359 smb:1671 d:s ref:0 ;
in:2895 out:2896 type:b dur:2 cpbdur:2 q:2.40 aq:3.37 tex:22594 mv:665 misc:1381 imb:1 pmb:386 smb:1653 d:- ref:0 ;
in:2900 out:2897 type:P dur:2 cpbdur:2 q:2.06 aq:0.02 tex:131824 mv:461 misc:1923 imb:4 pmb:1048 smb:988 d:s ref:0 ;
in:2898 out:2898 type:B dur:2 cpbdur:2 q:2.47 aq:1.73 tex:45795 mv:513 misc:1580 imb:0 pmb:444 smb:1596 d:s ref:0 ;
in:2897 out:2899 type:b dur:2 cpbdur:2 q:2.48 aq:3.75 tex:19187 mv:304 misc:989 imb:0 pmb:214 smb:1826 d:s ref:0 ;
in:2899 out:2900 type:b dur:2 cpbdur:2 q:2.46 aq:3.62 tex:13343 mv:260 misc:869 imb:0 pmb:174 smb:1866 d:- ref:0 ;
in:2904 out:2901 type:P dur:2 cpbdur:2 q:2.51 aq:0.02 tex:110293 mv:340 misc:1903 imb:4 pmb:1053 smb:983 d:s ref:0 ;
in:2902 out:2902 type:B dur:2 cpbdur:2 q:2.63 aq:1.97 tex:29519 mv:575 misc:1514 imb:0 pmb:411 smb:1629 d:s ref:0 ;
in:2901 out:2903 type:b dur:2 cpbdur:2 q:2.63 aq:3.66 tex:7333 mv:291 misc:784 imb:0 pmb:147 smb:1893 d:s ref:0 ;
in:2903 out:2904 type:b dur:2 cpbdur:2 q:2.63 aq:3.60 tex:14944 mv:284 misc:820 imb:0 pmb:147 smb:1893 d:- ref:0 ;
in:2908 out:2905 type:P dur:2 cpbdur:2 q:2.51 aq:0.04 tex:124361 mv:430 misc:1889 imb:4 pmb:935 smb:1101 d:s ref:0 ;
in:2906 out:2906 type:B dur:2 cpbdur:2 q:2.56 aq:1.71 tex:49733 mv:186 misc:1353 imb:0 pmb:345 smb:1695 d:s ref:0 ;
in:2905 out:2907 type:b dur:2 cpbdur:2 q:2.56 aq:3.72 tex:20645 mv:219 misc:784 imb:0 pmb:158 smb:1882 d:s ref:0 ;
in:2907 out:2908 type:b dur:2 cpbdur:2 q:2.56 aq:3.65 tex:21565 mv:190 misc:765 imb:0 pmb:156 smb:1884 d:- ref:0 ;
in:2912 out:2909 type:P dur:2 cpbdur:2 q:2.51 aq:0.01 tex:143608 mv:626 misc:1814 imb:3 pmb:939 smb:1098 d:s ref:0 ;
in:2910 out:2910 type:B dur:2 cpbdur:2 q:2.56 aq:1.67 tex:54490 mv:161 misc:1341 imb:0 pmb:352 smb:1688 d:s ref:0 ;
in:2909 out:2911 type:b dur:2 cpbdur:2 q:2.56 aq:3.52 tex:19066 mv:165 misc:753 imb:0 pmb:163 smb:1877 d:s ref:0 ;
in:2911 out:2912 type:b dur:2 cpbdur:2 q:2.56 aq:3.56 tex:22889 mv:188 misc:755 imb:0 pmb:164 smb:1876 d:- ref:0 ;
in:2916 out:2913 type:P dur:2 cpbdur:2 q:2.51 aq:0.03 tex:141947 mv:639 misc:1822 imb:2 pmb:931 smb:1107 d:s ref:0 ;
in:2914 out:2914 type:B dur:2 cpbdur:2 q:2.56 aq:1.69 tex:52578 mv:222 misc:1344 imb:0 pmb:349 smb:1691 d:s ref:0 ;
in:2913 out:2915 type:b dur:2 cpbdur:2 q:2.56 aq:3.61 tex:19932 mv:182 misc:750 imb:0 pmb:161 smb:1879 d:s ref:0 ;
in:2915 out:2916 type:b dur:2 cpbdur:2 q:2.56 aq:3.64 tex:16323 mv:220 misc:737 imb:0 pmb:159 smb:1881 d:- ref:0 ;
in:2920 out:2917 type:P dur:2 cpbdur:2 q:2.49 aq:0.05 tex:132447 mv:568 misc:1817 imb:1 pmb:942 smb:1097 d:s ref:0 ;
in:2918 out:2918 type:B dur:2 cpbdur:2 q:2.56 aq:1.73 tex:45256 mv:245 misc:1347 imb:0 pmb:358 smb:1682 d:s ref:0 ;
in:2917 out:2919 type:b dur:2 cpbdur:2 q:2.56 aq:3.94 tex:15671 mv:220 misc:821 imb:0 pmb:183 smb:1857 d:s ref:0 ;
in:2919 out:2920 type:b dur:2 cpbdur:2 q:2.56 aq:3.65 tex:15770 mv:260 misc:754 imb:0 pmb:160 smb:1880 d:- ref:0 ;
in:2922 out:2921 type:P dur:2 cpbdur:2 q:2.38 aq:0.05 tex:99001 mv:290 misc:1853 imb:1 pmb:933 smb:1106 d:s ref:0 ;
in:2921 out:2922 type:b dur:2 cpbdur:2 q:2.54 aq:3.45 tex:14680 mv:205 misc:731 imb:0 pmb:147 smb:1893 d:s ref:0 ;
in:2923 out:2923 type:P dur:2 cpbdur:2 q:2.26 aq:0.09 tex:79589 mv:312 misc:1755 imb:2 pmb:945 smb:1093 d:s ref:0 ;
in:2927 out:2924 type:P dur:2 cpbdur:2 q:1.88 aq:0.11 tex:92812 mv:271 misc:1781 imb:1 pmb:924 smb:1115 d:s ref:0 ;
in:2925 out:2925 type:B dur:2 cpbdur:2 q:2.38 aq:1.69 tex:47422 mv:335 misc:1395 imb:0 pmb:388 smb:1652 d:s ref:0 ;
in:2924 out:2926 type:b dur:2 cpbdur:2 q:2.46 aq:3.66 tex:11021 mv:354 misc:809 imb:0 pmb:156 smb:1884 d:s ref:0 ;
in:2926 out:2927 type:b dur:2 cpbdur:2 q:2.46 aq:3.58 tex:15027 mv:237 misc:808 imb:0 pmb:153 smb:1887 d:- ref:0 ;
in:2930 out:2928 type:P dur:2 cpbdur:2 q:1.79 aq:0.19 tex:109812 mv:326 misc:1726 imb:2 pmb:915 smb:1123 d:s ref:0 ;
in:2928 out:2929 type:B dur:2 cpbdur:2 q:1.99 aq:1.96 tex:31882 mv:97 misc:1317 imb:0 pmb:311 smb:1729 d:s ref:0 ;
in:2929 out:2930 type:b dur:2 cpbdur:2 q:2.04 aq:3.14 tex:31703 mv:296 misc:953 imb:0 pmb:212 smb:1828 d:- ref:0 ;
in:2934 out:2931 type:P dur:2 cpbdur:2 q:0.00 aq:0.03 tex:447924 mv:4352 misc:1612 imb:473 pmb:1017 smb:550 d:s ref:0 ;
in:2932 out:2932 type:B dur:2 cpbdur:2 q:1.93 aq:1.68 tex:83969 mv:966 misc:1753 imb:20 pmb:646 smb:1374 d:s ref:0 ;
in:2931 out:2933 type:b dur:2 cpbdur:2 q:2.12 aq:4.26 tex:51257 mv:1124 misc:1283 imb:59 pmb:443 smb:1538 d:s ref:0 ;
in:2933 out:2934 type:b dur:2 cpbdur:2 q:2.00 aq:3.16 tex:39431 mv:472 misc:1121 imb:4 pmb:296 smb:1740 d:- ref:0 ;
in:2938 out:2935 type:P dur:2 cpbdur:2 q:0.00 aq:0.04 tex:169593 mv:898 misc:1933 imb:21 pmb:1023 smb:996 d:s ref:0 ;
in:2936 out:2936 type:B dur:2 cpbdur:2 q:0.00 aq:0.51 tex:98440 mv:514 misc:1878 imb:1 pmb:888 smb:1151 d:s ref:0 ;
in:2935 out:2937 type:b dur:2 cpbdur:2 q:0.00 aq:1.33 tex:63068 mv:555 misc:1609 imb:3 pmb:538 smb:1499 d:s ref:0 ;
in:2937 out:2938 type:b dur:2 cpbdur:2 q:0.00 aq:1.31 tex:51673 mv:289 misc:1526 imb:0 pmb:486 smb:1554 d:- ref:0 ;
in:2939 out:2939 type:P dur:2 cpbdur:2 q:0.00 aq:0.12 tex:183618 mv:817 misc:1421 imb:40 pmb:1337 smb:663 d:s ref:0 ;
in:2942 out:2940 type:P dur:2 cpbdur:2 q:0.00 aq:0.34 tex:723600 mv:2400 misc:560 imb:326 pmb:1564 smb:150 d:s ref:0 ;
in:2940 out:2941 type:B dur:2 cpbdur:2 q:0.00 aq:2.02 tex:154724 mv:1998 misc:1414 imb:38 pmb:1315 smb:687 d:s ref:0 ;
in:2941 out:2942 type:b dur:2 cpbdur:2 q:0.00 aq:1.88 tex:125353 mv:566 misc:1577 imb:0 pmb:1155 smb:885 d:- ref:0 ;
in:2943 out:2943 type:P dur:2 cpbdur:2 q:0.00 aq:0.07 tex:415716 mv:3727 misc:1101 imb:362 pmb:1331 smb:347 d:s ref:0 ;
in:2947 out:2944 type:P dur:2 cpbdur:2 q:0.00 aq:0.10 tex:264492 mv:1424 misc:1820 imb:120 pmb:1210 smb:710 d:s ref:0 ;
in:2945 out:2945 type:B dur:2 cpbdur:2 q:0.00 aq:0.36 tex:94750 mv:1339 misc:1951 imb:0 pmb:1177 smb:863 d:s ref:0 ;
in:2944 out:2946 type:b dur:2 cpbdur:2 q:0.00 aq:1.41 tex:49683 mv:1021 misc:1880 imb:10 pmb:754 smb:1276 d:s ref:0 ;
in:2946 out:2947 type:b dur:2 cpbdur:2 q:0.00 aq:1.29 tex:38915 mv:777 misc:1828 imb:0 pmb:680 smb:1360 d:- ref:0 ;
in:2951 out:2948 type:P dur:2 cpbdur:2 q:0.00 aq:0.00 tex:586094 mv:4595 misc:1655 imb:402 pmb:1075 smb:563 d:s ref:0 ;
in:2949 out:2949 type:B dur:2 cpbdur:2 q:0.00 aq:0.37 tex:98014 mv:974 misc:1964 imb:0 pmb:1125 smb:915 d:s ref:0 ;
in:2948 out:2950 type:b dur:2 cpbdur:2 q:0.00 aq:1.41 tex:61222 mv:838 misc:1868 imb:0 pmb:722 smb:1318 d:s ref:0 ;
in:2950 out:2951 type:b dur:2 cpbdur:2 q:0.00 aq:1.39 tex:47512 mv:487 misc:1809 imb:0 pmb:649 smb:1391 d:- ref:0 ;
in:2955 out:2952 type:P dur:2 cpbdur:2 q:0.00 aq:0.09 tex:214267 mv:894 misc:1839 imb:26 pmb:1336 smb:678 d:s ref:0 ;
in:2953 out:2953 type:B dur:2 cpbdur:2 q:0.00 aq:0.65 tex:100059 mv:1250 misc:1939 imb:2 pmb:1075 smb:963 d:s ref:0 ;
in:2952 out:2954 type:b dur:2 cpbdur:2 q:0.00 aq:1.46 tex:61460 mv:723 misc:1889 imb:0 pmb:696 smb:1344 d:s ref:0 ;
in:2954 out:2955 type:b dur:2 cpbdur:2 q:0.00 aq:1.38 tex:50793 mv:816 misc:1871 imb:0 pmb:683 smb:1357 d:- ref:0 ;
in:2959 out:2956 type:P dur:2 cpbdur:2 q:0.00 aq:0.00 tex:604877 mv:4781 misc:1654 imb:461 pmb:1020 smb:559 d:s ref:0 ;
in:2957 out:2957 type:B dur:2 cpbdur:2 q:0.00 aq:0.41 tex:126060 mv:926 misc:1950 imb:3 pmb:1161 smb:876 d:s ref:0 ;
in:2956 out:2958 type:b dur:2 cpbdur:2 q:0.00 aq:1.34 tex:51611 mv:813 misc:1904 imb:0 pmb:711 smb:1329 d:s ref:0 ;
in:2958 out:2959 type:b dur:2 cpbdur:2 q:0.00 aq:1.40 tex:46470 mv:518 misc:1724 imb:4 pmb:591 smb:1445 d:- ref:0 ;
in:2963 out:2960 type:P dur:2 cpbdur:2 q:0.00 aq:0.01 tex:208528 mv:930 misc:1750 imb:33 pmb:1373 smb:634 d:s ref:0 ;
in:2961 out:2961 type:B dur:2 cpbdur:2 q:0.00 aq:0.65 tex:99168 mv:1117 misc:1955 imb:0 pmb:1107 smb:933 d:s ref:0 ;
in:2960 out:2962 type:b dur:2 cpbdur:2 q:0.00 aq:1.37 tex:55991 mv:942 misc:1907 imb:0 pmb:806 smb:1234 d:s ref:0 ;
in:2962 out:2963 type:b dur:2 cpbdur:2 q:0.00 aq:1.45 tex:53246 mv:886 misc:1924 imb:0 pmb:746 smb:1294 d:- ref:0 ;
in:2967 out:2964 type:P dur:2 cpbdur:2 q:0.00 aq:0.00 tex:161370 mv:718 misc:1984 imb:22 pmb:1185 smb:833 d:s ref:0 ;
in:2965 out:2965 type:B dur:2 cpbdur:2 q:0.00 aq:0.58 tex:84921 mv:704 misc:1951 imb:0 pmb:878 smb:1162 d:s ref:0 ;
in:2964 out:2966 type:b dur:2 cpbdur:2 q:0.00 aq:1.17 tex:50158 mv:605 misc:1805 imb:0 pmb:612 smb:1428 d:s ref:0 ;
in:2966 out:2967 type:b dur:2 cpbdur:2 q:0.00 aq:1.17 tex:43905 mv:461 misc:1698 imb:1 pmb:551 smb:1488 d:- ref:0 ;
in:2971 out:2968 type:P dur:2 cpbdur:2 q:0.00 aq:0.03 tex:139007 mv:429 misc:2044 imb:14 pmb:1104 smb:922 d:s ref:0 ;
in:2969 out:2969 type:B dur:2 cpbdur:2 q:0.00 aq:0.48 tex:64000 mv:567 misc:1921 imb:0 pmb:855 smb:1185 d:s ref:0 ;
in:2968 out:2970 type:b dur:2 cpbdur:2 q:0.00 aq:1.16 tex:34341 mv:462 misc:1685 imb:0 pmb:525 smb:1515 d:s ref:0 ;
in:2970 out:2971 type:b dur:2 cpbdur:2 q:0.00 aq:1.11 tex:54912 mv:486 misc:1690 imb:0 pmb:570 smb:1470 d:- ref:0 ;
in:2975 out:2972 type:P dur:2 cpbdur:2 q:0.00 aq:0.00 tex:168226 mv:602 misc:1980 imb:14 pmb:1083 smb:943 d:s ref:0 ;
in:2973 out:2973 type:B dur:2 cpbdur:2 q:0.00 aq:0.42 tex:88252 mv:349 misc:1951 imb:0 pmb:919 smb:1121 d:s ref:0 ;
in:2972 out:2974 type:b dur:2 cpbdur:2 q:0.00 aq:1.17 tex:61647 mv:466 misc:1711 imb:0 pmb:583 smb:1457 d:s ref:0 ;
in:2974 out:2975 type:b dur:2 cpbdur:2 q:0.00 aq:1.19 tex:45465 mv:336 misc:1663 imb:0 pmb:562 smb:1478 d:- ref:0 ;
in:2979 out:2976 type:P dur:2 cpbdur:2 q:0.00 aq:0.00 tex:150302 mv:565 misc:2013 imb:2 pmb:1092 smb:946 d:s ref:0 ;
in:2977 out:2977 type:B dur:2 cpbdur:2 q:0.00 aq:0.54 tex:85748 mv:272 misc:1948 imb:0 pmb:893 smb:1147 d:s ref:0 ;
in:2976 out:2978 type:b dur:2 cpbdur:2 q:0.00 aq:1.13 tex:46671 mv:394 misc:1695 imb:0 pmb:570 smb:1470 d:s ref:0 ;
in:2978 out:2979 type:b dur:2 cpbdur:2 q:0.00 aq:1.18 tex:45454 mv:413 misc:1685 imb:0 pmb:562 smb:1478 d:- ref:0 ;
in:2982 out:2980 type:P dur:2 cpbdur:2 q:0.00 aq:0.04 tex:135275 mv:544 misc:1997 imb:3 pmb:1053 smb:984 d:s ref:0 ;
in:2980 out:2981 type:B dur:2 cpbdur:2 q:0.00 aq:0.94 tex:53967 mv:178 misc:1759 imb:0 pmb:546 smb:1494 d:s ref:0 ;
in:2981 out:2982 type:b dur:2 cpbdur:2 q:0.00 aq:1.15 tex:43972 mv:141 misc:1615 imb:0 pmb:477 smb:1563 d:- ref:0 ;
in:2984 out:2983 type:P dur:2 cpbdur:2 q:0.00 aq:0.51 tex:516595 mv:4216 misc:1661 imb:353 pmb:900 smb:787 d:s ref:0 ;
in:2983 out:2984 type:b dur:2 cpbdur:2 q:0.00 aq:1.43 tex:62516 mv:393 misc:1859 imb:2 pmb:708 smb:1330 d:s ref:0 ;
in:2987 out:2985 type:P dur:2 cpbdur:2 q:0.00 aq:0.00 tex:529878 mv:4640 misc:1738 imb:307 pmb:1132 smb:601 d:s ref:0 ;
in:2985 out:2986 type:B dur:2 cpbdur:2 q:0.00 aq:1.07 tex:256571 mv:1741 misc:1792 imb:18 pmb:1121 smb:901 d:s ref:0 ;
in:2986 out:2987 type:b dur:2 cpbdur:2 q:0.00 aq:1.60 tex:222138 mv:2247 misc:1687 imb:17 pmb:943 smb:1080 d:- ref:0 ;
in:2991 out:2988 type:P dur:2 cpbdur:2 q:0.00 aq:0.15 tex:281472 mv:869 misc:1347 imb:39 pmb:1577 smb:424 d:s ref:0 ;
in:2989 out:2989 type:B dur:2 cpbdur:2 q:0.00 aq:0.84 tex:110929 mv:1989 misc:1858 imb:3 pmb:1314 smb:723 d:t ref:0 ;
in:2988 out:2990 type:b dur:2 cpbdur:2 q:0.00 aq:1.51 tex:56606 mv:1408 misc:1970 imb:0 pmb:924 smb:1116 d:s ref:0 ;
in:2990 out:2991 type:b dur:2 cpbdur:2 q:0.00 aq:1.60 tex:90909 mv:1612 misc:1959 imb:0 pmb:1141 smb:899 d:- ref:0 ;
in:2995 out:2992 type:P dur:2 cpbdur:2 q:0.00 aq:0.00 tex:616293 mv:4705 misc:1378 imb:445 pmb:1148 smb:447 d:s ref:0 ;
in:2993 out:2993 type:B dur:2 cpbdur:2 q:0.00 aq:0.87 tex:127439 mv:1598 misc:1899 imb:5 pmb:1186 smb:849 d:s ref:0 ;
in:2992 out:2994 type:b dur:2 cpbdur:2 q:0.00 aq:1.62 tex:54356 mv:1267 misc:2001 imb:0 pmb:930 smb:1110 d:s ref:0 ;
in:2994 out:2995 type:b dur:2 cpbdur:2 q:0.00 aq:1.39 tex:55224 mv:811 misc:1917 imb:0 pmb:758 smb:1282 d:- ref:0 ;
in:2999 out:2996 type:P dur:2 cpbdur:2 q:0.00 aq:0.02 tex:212205 mv:1029 misc:1750 imb:42 pmb:1356 smb:642 d:s ref:0 ;
in:2997 out:2997 type:B dur:2 cpbdur:2 q:0.00 aq:0.84 tex:89462 mv:1076 misc:2014 imb:0 pmb:1003 smb:1037 d:s ref:0 ;
in:2996 out:2998 type:b dur:2 cpbdur:2 q:0.00 aq:1.48 tex:52988 mv:1043 misc:1945 imb:0 pmb:771 smb:1269 d:s ref:0 ;
in:2998 out:2999 type:b dur:2 cpbdur:2 q:0.00 aq:1.27 tex:66202 mv:892 misc:1874 imb:2 pmb:720 smb:1318 d:- ref:0 ;
in:3003 out:3000 type:P dur:2 cpbdur:2 q:0.00 aq:0.01 tex:562650 mv:1549 misc:921 imb:87 pmb:1704 smb:249 d:s ref:0 ;
in:3001 out:3001 type:B dur:2 cpbdur:2 q:0.00 aq:0.42 tex:144409 mv:874 misc:1725 imb:2 pmb:1306 smb:732 d:s ref:0 ;
in:3000 out:3002 type:b dur:2 cpbdur:2 q:0.00 aq:1.62 tex:97276 mv:1157 misc:1959 imb:13 pmb:1025 smb:1002 d:s ref:0 ;
in:3002 out:3003 type:b dur:2 cpbdur:2 q:0.00 aq:1.41 tex:63295 mv:1109 misc:1876 imb:0 pmb:838 smb:1202 d:- ref:0 ;
in:3005 out:3004 type:P dur:2 cpbdur:2 q:0.00 aq:0.00 tex:173774 mv:475 misc:1671 imb:4 pmb:1345 smb:691 d:s ref:0 ;
in:3004 out:3005 type:b dur:2 cpbdur:2 q:0.00 aq:1.46 tex:58435 mv:1010 misc:1811 imb:0 pmb:790 smb:1250 d:s ref:0 ;
in:3009 out:3006 type:P dur:2 cpbdur:2 q:0.00 aq:0.14 tex:170654 mv:733 misc:1893 imb:15 pmb:1121 smb:904 d:s ref:0 ;
in:3007 out:3007 type:B dur:2 cpbdur:2 q:0.00 aq:0.60 tex:84231 mv:689 misc:1888 imb:0 pmb:920 smb:1120 d:s ref:0 ;
in:3006 out:3008 type:b dur:2 cpbdur:2 q:0.00 aq:1.25 tex:50222 mv:507 misc:1695 imb:0 pmb:615 smb:1425 d:s ref:0 ;
in:3008 out:3009 type:b dur:2 cpbdur:2 q:0.00 aq:1.11 tex:46774 mv:439 misc:1707 imb:0 pmb:597 smb:1443 d:- ref:0 ;
in:3011 out:3010 type:P dur:2 cpbdur:2 q:0.00 aq:0.22 tex:127214 mv:351 misc:1843 imb:5 pmb:1032 smb:1003 d:s ref:0 ;
in:3010 out:3011 type:b dur:2 cpbdur:2 q:0.00 aq:1.27 tex:63740 mv:291 misc:1657 imb:1 pmb:586 smb:1453 d:s ref:0 ;
in:3015 out:3012 type:P dur:2 cpbdur:2 q:0.00 aq:0.01 tex:573830 mv:4452 misc:1526 imb:462 pmb:1051 smb:527 d:s ref:0 ;
in:3013 out:3013 type:B dur:2 cpbdur:2 q:0.00 aq:0.53 tex:109627 mv:812 misc:1833 imb:0 pmb:1134 smb:906 d:s ref:0 ;
in:3012 out:3014 type:b dur:2 cpbdur:2 q:0.00 aq:1.45 tex:78942 mv:496 misc:1834 imb:0 pmb:918 smb:1122 d:s ref:0 ;
in:3014 out:3015 type:b dur:2 cpbdur:2 q:0.00 aq:1.29 tex:43918 mv:1013 misc:1909 imb:0 pmb:807 smb:1233 d:- ref:0 ;
in:3019 out:3016 type:P dur:2 cpbdur:2 q:0.00 aq:0.01 tex:149882 mv:482 misc:1972 imb:11 pmb:1190 smb:839 d:s ref:0 ;
in:3017 out:3017 type:B dur:2 cpbdur:2 q:0.00 aq:0.51 tex:95228 mv:934 misc:1870 imb:0 pmb:906 smb:1134 d:s ref:0 ;
in:3016 out:3018 type:b dur:2 cpbdur:2 q:0.00 aq:1.17 tex:45377 mv:719 misc:1808 imb:0 pmb:650 smb:1390 d:s ref:0 ;
in:3018 out:3019 type:b dur:2 cpbdur:2 q:0.00 aq:1.16 tex:58892 mv:416 misc:1652 imb:0 pmb:592 smb:1448 d:- ref:0 ;
in:3023 out:3020 type:P dur:2 cpbdur:2 q:0.00 aq:0.01 tex:146776 mv:601 misc:1887 imb:3 pmb:1079 smb:958 d:s ref:0 ;
in:3021 out:3021 type:B dur:2 cpbdur:2 q:0.00 aq:0.68 tex:78017 mv:430 misc:1713 imb:0 pmb:690 smb:1350 d:s ref:0 ;
in:3020 out:3022 type:b dur:2 cpbdur:2 q:0.00 aq:1.16 tex:51573 mv:368 misc:1643 imb:0 pmb:576 smb:1464 d:s ref:0 ;
in:3022 out:3023 type:b dur:2 cpbdur:2 q:0.00 aq:1.27 tex:53558 mv:445 misc:1717 imb:0 pmb:610 smb:1430 d:- ref:0 ;
in:3027 out:3024 type:P dur:2 cpbdur:2 q:0.00 aq:0.03 tex:146812 mv:624 misc:1844 imb:3 pmb:1018 smb:1019 d:s ref:0 ;
in:3025 out:3025 type:B dur:2 cpbdur:2 q:0.00 aq:0.41 tex:84700 mv:226 misc:1762 imb:0 pmb:808 smb:1232 d:s ref:0 ;
in:3024 out:3026 type:b dur:2 cpbdur:2 q:0.00 aq:1.18 tex:51182 mv:342 misc:1636 imb:0 pmb:567 smb:1473 d:s ref:0 ;
in:3026 out:3027 type:b dur:2 cpbdur:2 q:0.00 aq:1.19 tex:50855 mv:283 misc:1630 imb:0 pmb:566 smb:1474 d:- ref:0 ;
in:3028 out:3028 type:P dur:2 cpbdur:2 q:0.00 aq:0.00 tex:112301 mv:350 misc:1805 imb:2 pmb:1015 smb:1023 d:s ref:0 ;
in:3032 out:3029 type:P dur:2 cpbdur:2 q:0.00 aq:0.00 tex:165311 mv:741 misc:1796 imb:10 pmb:1028 smb:1002 d:s ref:0 ;
in:3030 out:3030 type:B dur:2 cpbdur:2 q:0.00 aq:0.20 tex:87446 mv:247 misc:1787 imb:0 pmb:932 smb:1108 d:s ref:0 ;
in:3029 out:3031 type:b dur:2 cpbdur:2 q:0.00 aq:1.29 tex:60926 mv:364 misc:1670 imb:2 pmb:585 smb:1453 d:s ref:0 ;
in:3031 out:3032 type:b dur:2 cpbdur:2 q:0.00 aq:1.25 tex:56000 mv:306 misc:1654 imb:0 pmb:568 smb:1472 d:- ref:0 ;
in:3036 out:3033 type:P dur:2 cpbdur:2 q:0.00 aq:0.00 tex:113795 mv:301 misc:1776 imb:1 pmb:1013 smb:1026 d:s ref:0 ;
in:3034 out:3034 type:B dur:2 cpbdur:2 q:0.00 aq:0.36 tex:65100 mv:330 misc:1698 imb:0 pmb:793 smb:1247 d:s ref:0 ;
in:3033 out:3035 type:b dur:2 cpbdur:2 q:0.00 aq:1.12 tex:43976 mv:302 misc:1634 imb:0 pmb:562 smb:1478 d:s ref:0 ;
in:3035 out:3036 type:b dur:2 cpbdur:2 q:0.00 aq:1.12 tex:36850 mv:341 misc:1649 imb:0 pmb:551 smb:1489 d:- ref:0 ;
in:3040 out:3037 type:P dur:2 cpbdur:2 q:0.00 aq:0.03 tex:266806 mv:835 misc:1095 imb:48 pmb:1675 smb:317 d:s ref:0 ;
in:3038 out:3038 type:B dur:2 cpbdur:2 q:0.00 aq:0.77 tex:108834 mv:1772 misc:1882 imb:1 pmb:1261 smb:778 d:s ref:0 ;
in:3037 out:3039 type:b dur:2 cpbdur:2 q:0.00 aq:1.68 tex:85432 mv:2018 misc:1822 imb:1 pmb:1216 smb:823 d:s ref:0 ;
in:3039 out:3040 type:b dur:2 cpbdur:2 q:0.00 aq:1.29 tex:59404 mv:1088 misc:1844 imb:2 pmb:770 smb:1268 d:- ref:0 ;
in:3043 out:3041 type:P dur:2 cpbdur:2 q:0.00 aq:0.17 tex:135851 mv:390 misc:1783 imb:2 pmb:1147 smb:891 d:s ref:0 ;
in:3041 out:3042 type:B dur:2 cpbdur:2 q:0.00 aq:0.79 tex:77736 mv:903 misc:1921 imb:0 pmb:995 smb:1045 d:t ref:0 ;
in:3042 out:3043 type:b dur:2 cpbdur:2 q:0.00 aq:1.11 tex:56891 mv:500 misc:1713 imb:0 pmb:650 smb:1390 d:- ref:0 ;
in:3047 out:3044 type:P dur:2 cpbdur:2 q:0.00 aq:0.00 tex:557084 mv:4998 misc:1334 imb:460 pmb:1160 smb:420 d:s ref:0 ;
in:3045 out:3045 type:B dur:2 cpbdur:2 q:0.00 aq:0.74 tex:114734 mv:1725 misc:1861 imb:50 pmb:1059 smb:931 d:s ref:0 ;
in:3044 out:3046 type:b dur:2 cpbdur:2 q:0.00 aq:1.67 tex:75967 mv:1484 misc:1853 imb:34 pmb:895 smb:1111 d:s ref:0 ;
in:3046 out:3047 type:b dur:2 cpbdur:2 q:0.00 aq:1.46 tex:61228 mv:801 misc:1803 imb:1 pmb:705 smb:1334 d:- ref:0 ;
in:3051 out:3048 type:P dur:2 cpbdur:2 q:0.00 aq:0.01 tex:161101 mv:627 misc:1832 imb:3 pmb:1132 smb:905 d:s ref:0 ;
in:3049 out:3049 type:B dur:2 cpbdur:2 q:0.00 aq:0.70 tex:79794 mv:613 misc:1785 imb:0 pmb:753 smb:1287 d:s ref:0 ;
in:3048 out:3050 type:b dur:2 cpbdur:2 q:0.00 aq:1.38 tex:56998 mv:569 misc:1745 imb:0 pmb:635 smb:1405 d:s ref:0 ;
in:3050 out:3051 type:b dur:2 cpbdur:2 q:0.00 aq:1.25 tex:51131 mv:386 misc:1587 imb:0 pmb:565 smb:1475 d:- ref:0 ;
in:3055 out:3052 type:P dur:2 cpbdur:2 q:2.18 aq:0.06 tex:172792 mv:764 misc:1732 imb:19 pmb:1109 smb:912 d:s ref:0 ;
in:3053 out:3053 type:B dur:2 cpbdur:2 q:2.15 aq:1.37 tex:58271 mv:680 misc:1681 imb:1 pmb:613 smb:1426 d:s ref:0 ;
in:3052 out:3054 type:b dur:2 cpbdur:2 q:2.13 aq:3.06 tex:24576 mv:468 misc:1324 imb:1 pmb:327 smb:1712 d:s ref:0 ;
in:3054 out:3055 type:b dur:2 cpbdur:2 q:2.16 aq:2.84 tex:27047 mv:429 misc:1108 imb:5 pmb:263 smb:1772 d:- ref:0 ;
in:3059 out:3056 type:P dur:2 cpbdur:2 q:2.13 aq:0.12 tex:158241 mv:914 misc:1797 imb:50 pmb:1011 smb:979 d:s ref:0 ;
in:3057 out:3057 type:B dur:2 cpbdur:2 q:2.42 aq:1.83 tex:44218 mv:728 misc:1526 imb:22 pmb:421 smb:1597 d:s ref:0 ;
in:3056 out:3058 type:b dur:2 cpbdur:2 q:2.44 aq:3.03 tex:30942 mv:579 misc:991 imb:12 pmb:222 smb:1806 d:s ref:0 ;
in:3058 out:3059 type:b dur:2 cpbdur:2 q:2.40 aq:3.39 tex:13143 mv:437 misc:988 imb:2 pmb:210 smb:1828 d:- ref:0 ;
in:3063 out:3060 type:P dur:2 cpbdur:2 q:2.28 aq:0.54 tex:447229 mv:1660 misc:943 imb:166 pmb:1606 smb:268 d:s ref:0 ;
in:3061 out:3061 type:B dur:2 cpbdur:2 q:2.28 aq:2.52 tex:81056 mv:1223 misc:1961 imb:28 pmb:852 smb:1160 d:s ref:0 ;
in:3060 out:3062 type:b dur:2 cpbdur:2 q:2.28 aq:3.20 tex:28782 mv:650 misc:1464 imb:0 pmb:435 smb:1605 d:s ref:0 ;
in:3062 out:3063 type:b dur:2 cpbdur:2 q:2.28 aq:3.21 tex:21482 mv:732 misc:1482 imb:10 pmb:401 smb:1629 d:- ref:0 ;
in:3064 out:3064 type:P dur:2 cpbdur:2 q:2.15 aq:0.47 tex:124008 mv:596 misc:1636 imb:33 pmb:1172 smb:835 d:s ref:0 ;
in:3068 out:3065 type:P dur:2 cpbdur:2 q:2.58 aq:0.10 tex:551755 mv:4482 misc:1563 imb:403 pmb:1098 smb:539 d:s ref:0 ;
in:3066 out:3066 type:B dur:2 cpbdur:2 q:2.55 aq:1.84 tex:86521 mv:902 misc:1809 imb:14 pmb:732 smb:1294 d:s ref:0 ;
in:3065 out:3067 type:b dur:2 cpbdur:2 q:2.53 aq:3.14 tex:33019 mv:633 misc:1332 imb:18 pmb:418 smb:1604 d:s ref:0 ;
in:3067 out:3068 type:b dur:2 cpbdur:2 q:2.57 aq:3.24 tex:25388 mv:666 misc:1298 imb:11 pmb:340 smb:1689 d:- ref:0 ;
in:3072 out:3069 type:P dur:2 cpbdur:2 q:5.56 aq:0.41 tex:168893 mv:867 misc:1840 imb:26 pmb:1007 smb:1007 d:s ref:0 ;
in:3070 out:3070 type:B dur:2 cpbdur:2 q:5.52 aq:4.19 tex:35023 mv:309 misc:812 imb:2 pmb:185 smb:1853 d:s ref:0 ;
in:3069 out:3071 type:b dur:2 cpbdur:2 q:5.50 aq:7.12 tex:19021 mv:304 misc:499 imb:1 pmb:132 smb:1907 d:s ref:0 ;
in:3071 out:3072 type:b dur:2 cpbdur:2 q:5.54 aq:6.83 tex:15980 mv:146 misc:434 imb:0 pmb:101 smb:1939 d:- ref:0 ;
in:3076 out:3073 type:P dur:2 cpbdur:2 q:6.30 aq:1.35 tex:279168 mv:2229 misc:1755 imb:92 pmb:1206 smb:742 d:s ref:0 ;
in:3074 out:3074 type:B dur:2 cpbdur:2 q:6.29 aq:4.63 tex:23436 mv:325 misc:783 imb:1 pmb:206 smb:1833 d:s ref:0 ;
in:3073 out:3075 type:b dur:2 cpbdur:2 q:6.28 aq:8.64 tex:6833 mv:135 misc:376 imb:0 pmb:80 smb:1960 d:s ref:0 ;
in:3075 out:3076 type:b dur:2 cpbdur:2 q:6.29 aq:7.72 tex:8684 mv:285 misc:711 imb:0 pmb:225 smb:1815 d:- ref:0 ;
in:3077 out:3077 type:P dur:2 cpbdur:2 q:6.17 aq:0.86 tex:439325 mv:4348 misc:1767 imb:355 pmb:959 smb:726 d:s ref:0 ;
in:3080 out:3078 type:P dur:2 cpbdur:2 q:6.38 aq:0.83 tex:432212 mv:4561 misc:1771 imb:354 pmb:946 smb:740 d:s ref:0 ;
in:3078 out:3079 type:B dur:2 cpbdur:2 q:6.43 aq:6.27 tex:124232 mv:1988 misc:700 imb:69 pmb:376 smb:1595 d:s ref:0 ;
in:3079 out:3080 type:b dur:2 cpbdur:2 q:6.43 aq:6.65 tex:2962 mv:359 misc:719 imb:1 pmb:160 smb:1879 d:- ref:0 ;
in:3082 out:3081 type:P dur:2 cpbdur:2 q:6.79 aq:1.24 tex:230610 mv:2147 misc:1867 imb:93 pmb:1117 smb:830 d:s ref:0 ;
in:3081 out:3082 type:b dur:2 cpbdur:2 q:6.76 aq:7.38 tex:86997 mv:1685 misc:662 imb:41 pmb:334 smb:1665 d:s ref:0 ;
in:3083 out:3083 type:P dur:2 cpbdur:2 q:7.01 aq:1.17 tex:250444 mv:2641 misc:1851 imb:130 pmb:1112 smb:798 d:s ref:0 ;
in:3084 out:3084 type:P dur:2 cpbdur:2 q:6.97 aq:1.23 tex:213112 mv:2046 misc:1802 imb:98 pmb:1100 smb:842 d:s ref:0 ;
in:3085 out:3085 type:P dur:2 cpbdur:2 q:6.67 aq:1.09 tex:202285 mv:1780 misc:1839 imb:95 pmb:1156 smb:789 d:s ref:0 ;
in:3086 out:3086 type:P dur:2 cpbdur:2 q:6.89 aq:1.15 tex:211654 mv:1847 misc:1795 imb:105 pmb:1099 smb:836 d:s ref:0 ;
in:3088 out:3087 type:P dur:2 cpbdur:2 q:7.18 aq:1.42 tex:362363 mv:4078 misc:1823 imb:366 pmb:894 smb:780 d:s ref:0 ;
in:3087 out:3088 type:b dur:2 cpbdur:2 q:7.20 aq:6.69 tex:50863 mv:1379 misc:686 imb:28 pmb:350 smb:1662 d:s ref:0 ;
in:3089 out:3089 type:P dur:2 cpbdur:2 q:7.33 aq:1.43 tex:343656 mv:4160 misc:1776 imb:373 pmb:845 smb:822 d:s ref:0 ;
in:3090 out:3090 type:P dur:2 cpbdur:2 q:8.07 aq:1.40 tex:291956 mv:3778 misc:1770 imb:409 pmb:850 smb:781 d:s ref:0 ;
in:3091 out:3091 type:P dur:2 cpbdur:2 q:8.38 aq:1.45 tex:297613 mv:3637 misc:1806 imb:371 pmb:845 smb:824 d:s ref:0 ;
in:3092 out:3092 type:P dur:2 cpbdur:2 q:8.22 aq:1.25 tex:298361 mv:3849 misc:1758 imb:376 pmb:799 smb:865 d:s ref:0 ;
in:3094 out:3093 type:P dur:2 cpbdur:2 q:8.30 aq:1.21 tex:335645 mv:4183 misc:1796 imb:394 pmb:817 smb:829 d:s ref:0 ;
in:3093 out:3094 type:b dur:2 cpbdur:2 q:8.36 aq:7.22 tex:50644 mv:1438 misc:614 imb:47 pmb:319 smb:1674 d:s ref:0 ;
in:3095 out:3095 type:P dur:2 cpbdur:2 q:8.09 aq:1.03 tex:215559 mv:2162 misc:1879 imb:106 pmb:1036 smb:898 d:s ref:0 ;
in:3099 out:3096 type:P dur:2 cpbdur:2 q:7.92 aq:1.71 tex:203085 mv:2053 misc:1734 imb:98 pmb:1233 smb:709 d:s ref:0 ;
in:3097 out:3097 type:B dur:2 cpbdur:2 q:8.08 aq:7.26 tex:25435 mv:744 misc:877 imb:21 pmb:283 smb:1736 d:s ref:0 ;
in:3096 out:3098 type:b dur:2 cpbdur:2 q:8.09 aq:8.17 tex:64218 mv:2572 misc:554 imb:51 pmb:377 smb:1612 d:s ref:0 ;
in:3098 out:3099 type:b dur:2 cpbdur:2 q:8.08 aq:8.46 tex:4925 mv:315 misc:632 imb:1 pmb:142 smb:1897 d:- ref:0 ;
in:3100 out:3100 type:P dur:2 cpbdur:2 q:7.59 aq:1.49 tex:214418 mv:2361 misc:1405 imb:165 pmb:1371 smb:504 d:s ref:0 ;
in:3101 out:3101 type:I dur:2 cpbdur:2 q:12.71 aq:4.55 tex:2181573 mv:70151 misc:204 imb:2040 pmb:0 smb:0 d:s ref:;
in:3102 out:3102 type:P dur:2 cpbdur:2 q:5.22 aq:0.82 tex:441645 mv:3976 misc:1331 imb:433 pmb:1164 smb:443 d:s ref:0 ;
in:3103 out:3103 type:P dur:2 cpbdur:2 q:4.84 aq:0.79 tex:265110 mv:3748 misc:1702 imb:387 pmb:908 smb:745 d:s ref:0 ;
in:3104 out:3104 type:P dur:2 cpbdur:2 q:6.09 aq:0.94 tex:191743 mv:3509 misc:1756 imb:421 pmb:718 smb:901 d:s ref:0 ;
in:3105 out:3105 type:P dur:2 cpbdur:2 q:5.37 aq:0.49 tex:191149 mv:3285 misc:1838 imb:367 pmb:763 smb:910 d:s ref:0 ;
in:3106 out:3106 type:P dur:2 cpbdur:2 q:4.81 aq:0.23 tex:165261 mv:2706 misc:1913 imb:269 pmb:811 smb:960 d:s ref:0 ;
in:3110 out:3107 type:P dur:2 cpbdur:2 q:3.74 aq:0.36 tex:202427 mv:1735 misc:1894 imb:119 pmb:985 smb:936 d:s ref:0 ;
in:3108 out:3108 type:B dur:2 cpbdur:2 q:4.80 aq:4.06 tex:76841 mv:1837 misc:930 imb:60 pmb:291 smb:1689 d:s ref:0 ;
in:3107 out:3109 type:b dur:2 cpbdur:2 q:4.80 aq:6.11 tex:32768 mv:947 misc:637 imb:40 pmb:214 smb:1786 d:s ref:0 ;
in:3109 out:3110 type:b dur:2 cpbdur:2 q:4.79 aq:6.32 tex:30664 mv:892 misc:628 imb:37 pmb:219 smb:1784 d:- ref:0 ;
in:3114 out:3111 type:P dur:2 cpbdur:2 q:4.05 aq:0.84 tex:192039 mv:2568 misc:1865 imb:240 pmb:879 smb:921 d:s ref:0 ;
in:3112 out:3112 type:B dur:2 cpbdur:2 q:4.04 aq:3.90 tex:68851 mv:1176 misc:1205 imb:42 pmb:376 smb:1622 d:s ref:0 ;
in:3111 out:3113 type:b dur:2 cpbdur:2 q:4.04 aq:5.87 tex:62476 mv:1478 misc:694 imb:62 pmb:218 smb:1760 d:s ref:0 ;
in:3113 out:3114 type:b dur:2 cpbdur:2 q:4.05 aq:5.90 tex:12191 mv:315 misc:814 imb:0 pmb:208 smb:1832 d:- ref:0 ;
in:3115 out:3115 type:P dur:2 cpbdur:2 q:3.40 aq:0.67 tex:219659 mv:2898 misc:1843 imb:278 pmb:911 smb:851 d:s ref:0 ;
in:3116 out:3116 type:P dur:2 cpbdur:2 q:2.70 aq:0.69 tex:230142 mv:2896 misc:1874 imb:250 pmb:889 smb:901 d:s ref:0 ;
in:3118 out:3117 type:P dur:2 cpbdur:2 q:2.57 aq:0.78 tex:356196 mv:3899 misc:1793 imb:366 pmb:773 smb:901 d:s ref:0 ;
in:3117 out:3118 type:b dur:2 cpbdur:2 q:2.78 aq:4.23 tex:148584 mv:2541 misc:779 imb:112 pmb:336 smb:1592 d:s ref:0 ;
in:3119 out:3119 type:P dur:2 cpbdur:2 q:2.15 aq:0.70 tex:208922 mv:2112 misc:1718 imb:195 pmb:816 smb:1029 d:s ref:0 ;
in:3121 out:3120 type:P dur:2 cpbdur:2 q:2.87 aq:0.33 tex:891960 mv:3468 misc:572 imb:254 pmb:1592 smb:194 d:s ref:0 ;
in:3120 out:3121 type:b dur:2 cpbdur:2 q:2.87 aq:4.02 tex:88076 mv:1034 misc:1930 imb:30 pmb:980 smb:1030 d:s ref:0 ;
in:3123 out:3122 type:P dur:2 cpbdur:2 q:3.08 aq:0.63 tex:284889 mv:2450 misc:1181 imb:156 pmb:1475 smb:409 d:s ref:0 ;
in:3122 out:3123 type:b dur:2 cpbdur:2 q:3.20 aq:3.53 tex:13103 mv:905 misc:1536 imb:2 pmb:456 smb:1582 d:s ref:0 ;
in:3124 out:3124 type:P dur:2 cpbdur:2 q:3.64 aq:0.73 tex:195188 mv:2161 misc:1747 imb:130 pmb:1211 smb:699 d:s ref:0 ;
in:3125 out:3125 type:P dur:2 cpbdur:2 q:4.03 aq:1.07 tex:200787 mv:2768 misc:1837 imb:223 pmb:997 smb:820 d:s ref:0 ;
in:3126 out:3126 type:P dur:2 cpbdur:2 q:1.17 aq:0.55 tex:291054 mv:2916 misc:1798 imb:221 pmb:1113 smb:706 d:s ref:0 ;
in:3128 out:3127 type:P dur:2 cpbdur:2 q:1.18 aq:0.42 tex:443032 mv:4658 misc:1606 imb:377 pmb:1132 smb:531 d:s ref:0 ;
in:3127 out:3128 type:b dur:2 cpbdur:2 q:1.49 aq:2.61 tex:267160 mv:3496 misc:1568 imb:126 pmb:644 smb:1270 d:s ref:0 ;
in:3132 out:3129 type:P dur:2 cpbdur:2 q:0.65 aq:0.03 tex:454827 mv:3632 misc:1789 imb:247 pmb:1103 smb:690 d:s ref:0 ;
in:3130 out:3130 type:B dur:2 cpbdur:2 q:1.25 aq:0.97 tex:203211 mv:1856 misc:1837 imb:63 pmb:951 smb:1026 d:s ref:0 ;
in:3129 out:3131 type:b dur:2 cpbdur:2 q:1.41 aq:2.55 tex:186369 mv:2579 misc:1348 imb:46 pmb:612 smb:1382 d:s ref:0 ;
in:3131 out:3132 type:b dur:2 cpbdur:2 q:1.32 aq:2.73 tex:186398 mv:2156 misc:1270 imb:59 pmb:561 smb:1420 d:- ref:0 ;
in:3133 out:3133 type:P dur:2 cpbdur:2 q:1.57 aq:0.05 tex:325809 mv:1744 misc:1839 imb:81 pmb:1201 smb:758 d:s ref:0 ;
in:3134 out:3134 type:P dur:2 cpbdur:2 q:1.59 aq:0.04 tex:247148 mv:1066 misc:1898 imb:45 pmb:1204 smb:791 d:s ref:0 ;
in:3137 out:3135 type:P dur:2 cpbdur:2 q:2.00 aq:0.24 tex:308697 mv:1501 misc:1770 imb:57 pmb:1256 smb:727 d:s ref:0 ;
in:3135 out:3136 type:B dur:2 cpbdur:2 q:2.00 aq:2.00 tex:215534 mv:1728 misc:1594 imb:42 pmb:688 smb:1310 d:s ref:0 ;
in:3136 out:3137 type:b dur:2 cpbdur:2 q:2.00 aq:3.08 tex:172325 mv:1806 misc:1213 imb:42 pmb:560 smb:1438 d:- ref:0 ;
in:3141 out:3138 type:P dur:2 cpbdur:2 q:1.89 aq:0.40 tex:208796 mv:908 misc:1728 imb:17 pmb:1310 smb:713 d:s ref:0 ;
in:3139 out:3139 type:B dur:2 cpbdur:2 q:2.04 aq:1.59 tex:75054 mv:922 misc:1888 imb:0 pmb:745 smb:1295 d:s ref:0 ;
in:3138 out:3140 type:b dur:2 cpbdur:2 q:2.05 aq:2.86 tex:39068 mv:697 misc:1515 imb:0 pmb:461 smb:1579 d:s ref:0 ;
in:3140 out:3141 type:b dur:2 cpbdur:2 q:2.03 aq:2.79 tex:27495 mv:412 misc:1205 imb:0 pmb:292 smb:1748 d:- ref:0 ;
in:3143 out:3142 type:P dur:2 cpbdur:2 q:2.28 aq:0.54 tex:211045 mv:780 misc:1471 imb:34 pmb:1436 smb:570 d:s ref:0 ;
in:3142 out:3143 type:b dur:2 cpbdur:2 q:2.29 aq:3.21 tex:40254 mv:887 misc:1803 imb:0 pmb:638 smb:1402 d:s ref:0 ;
in:3147 out:3144 type:P dur:2 cpbdur:2 q:2.04 aq:0.02 tex:190718 mv:2160 misc:1770 imb:341 pmb:1078 smb:621 d:s ref:0 ;
in:3145 out:3145 type:B dur:2 cpbdur:2 q:2.28 aq:1.46 tex:51038 mv:560 misc:1666 imb:1 pmb:560 smb:1479 d:s ref:0 ;
in:3144 out:3146 type:b dur:2 cpbdur:2 q:2.28 aq:3.25 tex:21837 mv:429 misc:1222 imb:0 pmb:320 smb:1720 d:s ref:0 ;
in:3146 out:3147 type:b dur:2 cpbdur:2 q:2.28 aq:3.08 tex:17900 mv:320 misc:948 imb:0 pmb:205 smb:1835 d:- ref:0 ;
in:3151 out:3148 type:P dur:2 cpbdur:2 q:2.53 aq:0.13 tex:130681 mv:341 misc:1770 imb:4 pmb:1095 smb:941 d:s ref:0 ;
in:3149 out:3149 type:B dur:2 cpbdur:2 q:2.54 aq:1.75 tex:38255 mv:646 misc:1563 imb:0 pmb:452 smb:1588 d:s ref:0 ;
in:3148 out:3150 type:b dur:2 cpbdur:2 q:2.53 aq:3.40 tex:12273 mv:350 misc:921 imb:0 pmb:188 smb:1852 d:s ref:0 ;
in:3150 out:3151 type:b dur:2 cpbdur:2 q:2.55 aq:3.22 tex:21925 mv:507 misc:1144 imb:0 pmb:256 smb:1784 d:- ref:0 ;
in:3155 out:3152 type:P dur:2 cpbdur:2 q:1.06 aq:0.28 tex:213253 mv:1694 misc:1805 imb:153 pmb:874 smb:1013 d:s ref:0 ;
in:3153 out:3153 type:B dur:2 cpbdur:2 q:2.54 aq:1.53 tex:48994 mv:322 misc:1516 imb:0 pmb:427 smb:1613 d:s ref:0 ;
in:3152 out:3154 type:b dur:2 cpbdur:2 q:2.55 aq:3.25 tex:21680 mv:341 misc:1019 imb:0 pmb:241 smb:1799 d:s ref:0 ;
in:3154 out:3155 type:b dur:2 cpbdur:2 q:2.53 aq:3.38 tex:17958 mv:227 misc:863 imb:0 pmb:179 smb:1861 d:- ref:0 ;
in:3159 out:3156 type:P dur:2 cpbdur:2 q:1.24 aq:0.01 tex:151698 mv:557 misc:1873 imb:1 pmb:1084 smb:955 d:s ref:0 ;
in:3157 out:3157 type:B dur:2 cpbdur:2 q:1.40 aq:1.08 tex:72558 mv:464 misc:1786 imb:0 pmb:665 smb:1375 d:s ref:0 ;
in:3156 out:3158 type:b dur:2 cpbdur:2 q:1.62 aq:2.48 tex:32128 mv:388 misc:1252 imb:0 pmb:315 smb:1725 d:s ref:0 ;
in:3158 out:3159 type:b dur:2 cpbdur:2 q:1.56 aq:2.46 tex:30993 mv:336 misc:1255 imb:0 pmb:309 smb:1731 d:- ref:0 ;
in:3163 out:3160 type:P dur:2 cpbdur:2 q:1.24 aq:0.05 tex:150379 mv:663 misc:1878 imb:1 pmb:1011 smb:1028 d:s ref:0 ;
in:3161 out:3161 type:B dur:2 cpbdur:2 q:1.40 aq:0.88 tex:70451 mv:171 misc:1626 imb:0 pmb:628 smb:1412 d:s ref:0 ;
in:3160 out:3162 type:b dur:2 cpbdur:2 q:1.71 aq:2.52 tex:34834 mv:387 misc:1155 imb:0 pmb:287 smb:1753 d:s ref:0 ;
in:3162 out:3163 type:b dur:2 cpbdur:2 q:1.56 aq:2.45 tex:29189 mv:264 misc:1195 imb:0 pmb:291 smb:1749 d:- ref:0 ;
in:3167 out:3164 type:P dur:2 cpbdur:2 q:0.97 aq:0.29 tex:148006 mv:642 misc:1712 imb:6 pmb:915 smb:1119 d:s ref:0 ;
in:3165 out:3165 type:B dur:2 cpbdur:2 q:1.40 aq:0.82 tex:70709 mv:273 misc:1698 imb:0 pmb:635 smb:1405 d:s ref:0 ;
in:3164 out:3166 type:b dur:2 cpbdur:2 q:1.56 aq:2.37 tex:29401 mv:304 misc:1223 imb:0 pmb:313 smb:1727 d:s ref:0 ;
in:3166 out:3167 type:b dur:2 cpbdur:2 q:1.56 aq:2.34 tex:23692 mv:285 misc:1223 imb:0 pmb:305 smb:1735 d:- ref:0 ;
in:3171 out:3168 type:P dur:2 cpbdur:2 q:0.51 aq:0.01 tex:549686 mv:4211 misc:991 imb:387 pmb:1337 smb:316 d:s ref:0 ;
in:3169 out:3169 type:B dur:2 cpbdur:2 q:1.13 aq:0.66 tex:87773 mv:1644 misc:1679 imb:5 pmb:1015 smb:1020 d:s ref:0 ;
in:3168 out:3170 type:b dur:2 cpbdur:2 q:1.28 aq:2.10 tex:36189 mv:590 misc:1389 imb:5 pmb:370 smb:1665 d:s ref:0 ;
in:3170 out:3171 type:b dur:2 cpbdur:2 q:1.28 aq:2.57 tex:45641 mv:1503 misc:1776 imb:25 pmb:743 smb:1272 d:- ref:0 ;
in:3175 out:3172 type:P dur:2 cpbdur:2 q:1.31 aq:0.13 tex:220871 mv:871 misc:1450 imb:39 pmb:1431 smb:570 d:s ref:0 ;
in:3173 out:3173 type:B dur:2 cpbdur:2 q:1.31 aq:1.43 tex:79752 mv:1708 misc:2020 imb:0 pmb:1029 smb:1011 d:s ref:0 ;
in:3172 out:3174 type:b dur:2 cpbdur:2 q:1.31 aq:2.82 tex:21466 mv:872 misc:1750 imb:0 pmb:545 smb:1495 d:s ref:0 ;
in:3174 out:3175 type:b dur:2 cpbdur:2 q:1.31 aq:2.41 tex:47258 mv:1121 misc:1837 imb:6 pmb:607 smb:1427 d:- ref:0 ;
in:3179 out:3176 type:P dur:2 cpbdur:2 q:1.32 aq:0.82 tex:360616 mv:1014 misc:1090 imb:33 pmb:1536 smb:471 d:s ref:0 ;
in:3177 out:3177 type:B dur:2 cpbdur:2 q:1.32 aq:1.10 tex:150859 mv:1603 misc:1658 imb:8 pmb:1334 smb:698 d:s ref:0 ;
in:3176 out:3178 type:b dur:2 cpbdur:2 q:1.32 aq:2.62 tex:48339 mv:1098 misc:1787 imb:21 pmb:619 smb:1400 d:s ref:0 ;
in:3178 out:3179 type:b dur:2 cpbdur:2 q:1.32 aq:2.67 tex:53816 mv:985 misc:1815 imb:1 pmb:657 smb:1382 d:- ref:0 ;
in:3182 out:3180 type:P dur:2 cpbdur:2 q:1.19 aq:0.07 tex:782624 mv:4138 misc:550 imb:428 pmb:1448 smb:164 d:s ref:0 ;
in:3180 out:3181 type:B dur:2 cpbdur:2 q:1.32 aq:2.85 tex:274763 mv:1922 misc:1131 imb:12 pmb:1467 smb:561 d:s ref:0 ;
in:3181 out:3182 type:b dur:2 cpbdur:2 q:1.32 aq:2.85 tex:129184 mv:1033 misc:1583 imb:0 pmb:1178 smb:862 d:- ref:0 ;
in:3186 out:3183 type:P dur:2 cpbdur:2 q:0.91 aq:0.02 tex:410137 mv:2312 misc:1319 imb:144 pmb:1337 smb:559 d:s ref:0 ;
in:3184 out:3184 type:B dur:2 cpbdur:2 q:1.24 aq:1.16 tex:86601 mv:1334 misc:1953 imb:4 pmb:960 smb:1076 d:s ref:0 ;
in:3183 out:3185 type:b dur:2 cpbdur:2 q:1.28 aq:2.27 tex:36462 mv:1049 misc:1873 imb:0 pmb:669 smb:1371 d:s ref:0 ;
in:3185 out:3186 type:b dur:2 cpbdur:2 q:1.28 aq:2.18 tex:42055 mv:657 misc:1472 imb:8 pmb:402 smb:1630 d:- ref:0 ;
in:3189 out:3187 type:P dur:2 cpbdur:2 q:1.28 aq:0.01 tex:183246 mv:869 misc:1821 imb:31 pmb:1229 smb:780 d:s ref:0 ;
in:3187 out:3188 type:B dur:2 cpbdur:2 q:1.28 aq:1.63 tex:60875 mv:950 misc:1943 imb:1 pmb:746 smb:1293 d:s ref:0 ;
in:3188 out:3189 type:b dur:2 cpbdur:2 q:1.28 aq:2.16 tex:27610 mv:608 misc:1470 imb:2 pmb:390 smb:1648 d:- ref:0 ;
in:3193 out:3190 type:P dur:2 cpbdur:2 q:1.28 aq:0.02 tex:121667 mv:408 misc:1925 imb:4 pmb:1045 smb:991 d:s ref:0 ;
in:3191 out:3191 type:B dur:2 cpbdur:2 q:1.28 aq:0.77 tex:59977 mv:448 misc:1743 imb:0 pmb:647 smb:1393 d:s ref:0 ;
in:3190 out:3192 type:b dur:2 cpbdur:2 q:1.28 aq:2.17 tex:24480 mv:297 misc:1271 imb:0 pmb:304 smb:1736 d:s ref:0 ;
in:3192 out:3193 type:b dur:2 cpbdur:2 q:1.28 aq:2.24 tex:21955 mv:282 misc:1211 imb:0 pmb:277 smb:1763 d:- ref:0 ;
in:3197 out:3194 type:P dur:2 cpbdur:2 q:1.28 aq:0.05 tex:100601 mv:295 misc:1928 imb:0 pmb:1016 smb:1024 d:s ref:0 ;
in:3195 out:3195 type:B dur:2 cpbdur:2 q:1.28 aq:0.86 tex:71125 mv:457 misc:1762 imb:1 pmb:647 smb:1392 d:s ref:0 ;
in:3194 out:3196 type:b dur:2 cpbdur:2 q:1.28 aq:2.30 tex:23877 mv:409 misc:1250 imb:0 pmb:298 smb:1742 d:s ref:0 ;
in:3196 out:3197 type:b dur:2 cpbdur:2 q:1.28 aq:2.21 tex:28205 mv:361 misc:1298 imb:0 pmb:304 smb:1736 d:- ref:0 ;
in:3200 out:3198 type:P dur:2 cpbdur:2 q:1.29 aq:0.29 tex:221334 mv:1508 misc:1830 imb:64 pmb:1127 smb:849 d:s ref:0 ;
in:3198 out:3199 type:B dur:2 cpbdur:2 q:1.32 aq:1.40 tex:44034 mv:412 misc:1706 imb:0 pmb:571 smb:1469 d:s ref:0 ;
in:3199 out:3200 type:b dur:2 cpbdur:2 q:1.32 aq:2.32 tex:27125 mv:407 misc:1332 imb:0 pmb:350 smb:1690 d:- ref:0 ;
in:3201 out:3201 type:P dur:2 cpbdur:2 q:1.12 aq:0.01 tex:283673 mv:1820 misc:1779 imb:94 pmb:1150 smb:796 d:s ref:0 ;
in:3202 out:3202 type:P dur:2 cpbdur:2 q:1.35 aq:0.00 tex:213638 mv:1149 misc:1741 imb:74 pmb:1172 smb:794 d:s ref:0 ;
in:3206 out:3203 type:P dur:2 cpbdur:2 q:0.88 aq:0.34 tex:176743 mv:863 misc:1810 imb:32 pmb:1007 smb:1001 d:s ref:0 ;
in:3204 out:3204 type:B dur:2 cpbdur:2 q:1.35 aq:1.14 tex:223985 mv:2138 misc:1757 imb:25 pmb:828 smb:1187 d:s ref:0 ;
in:3203 out:3205 type:b dur:2 cpbdur:2 q:1.35 aq:2.94 tex:90804 mv:1070 misc:1286 imb:15 pmb:488 smb:1537 d:s ref:0 ;
in:3205 out:3206 type:b dur:2 cpbdur:2 q:1.35 aq:2.97 tex:97623 mv:1068 misc:1269 imb:22 pmb:483 smb:1535 d:- ref:0 ;
in:3209 out:3207 type:P dur:2 cpbdur:2 q:0.91 aq:0.35 tex:224473 mv:1386 misc:1781 imb:68 pmb:1117 smb:855 d:s ref:0 ;
in:3207 out:3208 type:B dur:2 cpbdur:2 q:0.91 aq:1.34 tex:189424 mv:1114 misc:1710 imb:25 pmb:758 smb:1257 d:s ref:0 ;
in:3208 out:3209 type:b dur:2 cpbdur:2 q:0.91 aq:2.51 tex:140546 mv:1191 misc:1343 imb:25 pmb:510 smb:1505 d:- ref:0 ;
in:3210 out:3210 type:P dur:2 cpbdur:2 q:0.76 aq:0.06 tex:310239 mv:1930 misc:1823 imb:86 pmb:1132 smb:822 d:s ref:0 ;
in:3214 out:3211 type:P dur:2 cpbdur:2 q:0.71 aq:0.01 tex:310657 mv:1881 misc:1790 imb:79 pmb:1178 smb:783 d:s ref:0 ;
in:3212 out:3212 type:B dur:2 cpbdur:2 q:0.88 aq:0.90 tex:77072 mv:391 misc:1825 imb:0 pmb:784 smb:1256 d:s ref:0 ;
in:3211 out:3213 type:b dur:2 cpbdur:2 q:0.88 aq:2.03 tex:31126 mv:355 misc:1495 imb:0 pmb:427 smb:1613 d:s ref:0 ;
in:3213 out:3214 type:b dur:2 cpbdur:2 q:0.88 aq:2.07 tex:30580 mv:423 misc:1453 imb:0 pmb:378 smb:1662 d:- ref:0 ;
in:3218 out:3215 type:P dur:2 cpbdur:2 q:0.72 aq:0.00 tex:133477 mv:440 misc:1915 imb:10 pmb:1155 smb:875 d:s ref:0 ;
in:3216 out:3216 type:B dur:2 cpbdur:2 q:0.88 aq:0.92 tex:60401 mv:859 misc:1844 imb:1 pmb:696 smb:1343 d:s ref:0 ;
in:3215 out:3217 type:b dur:2 cpbdur:2 q:0.88 aq:1.83 tex:24635 mv:445 misc:1448 imb:0 pmb:384 smb:1656 d:s ref:0 ;
in:3217 out:3218 type:b dur:2 cpbdur:2 q:0.88 aq:1.90 tex:29994 mv:479 misc:1407 imb:1 pmb:370 smb:1669 d:- ref:0 ;
in:3221 out:3219 type:P dur:2 cpbdur:2 q:0.71 aq:0.05 tex:142221 mv:577 misc:1914 imb:21 pmb:1064 smb:955 d:s ref:0 ;
in:3219 out:3220 type:B dur:2 cpbdur:2 q:0.88 aq:0.84 tex:67579 mv:519 misc:1782 imb:2 pmb:648 smb:1390 d:s ref:0 ;
in:3220 out:3221 type:b dur:2 cpbdur:2 q:0.88 aq:1.81 tex:29678 mv:268 misc:1382 imb:0 pmb:339 smb:1701 d:- ref:0 ;
in:3223 out:3222 type:P dur:2 cpbdur:2 q:0.84 aq:0.16 tex:186851 mv:492 misc:1729 imb:14 pmb:1290 smb:736 d:s ref:0 ;
in:3222 out:3223 type:b dur:2 cpbdur:2 q:0.88 aq:2.34 tex:47208 mv:725 misc:1827 imb:0 pmb:652 smb:1388 d:s ref:0 ;
in:3227 out:3224 type:P dur:2 cpbdur:2 q:0.79 aq:0.01 tex:465141 mv:2015 misc:932 imb:82 pmb:1561 smb:397 d:s ref:0 ;
in:3225 out:3225 type:B dur:2 cpbdur:2 q:0.88 aq:1.00 tex:167581 mv:1699 misc:1592 imb:8 pmb:1392 smb:640 d:s ref:0 ;
in:3224 out:3226 type:b dur:2 cpbdur:2 q:0.88 aq:2.56 tex:123837 mv:2019 misc:1464 imb:6 pmb:1266 smb:768 d:s ref:0 ;
in:3226 out:3227 type:b dur:2 cpbdur:2 q:0.88 aq:2.28 tex:64158 mv:1285 misc:1909 imb:6 pmb:800 smb:1234 d:- ref:0 ;
in:3229 out:3228 type:P dur:2 cpbdur:2 q:0.88 aq:0.02 tex:421179 mv:1037 misc:984 imb:42 pmb:1570 smb:428 d:s ref:0 ;
in:3228 out:3229 type:b dur:2 cpbdur:2 q:0.88 aq:2.54 tex:117391 mv:1858 misc:1615 imb:8 pmb:1211 smb:821 d:s ref:0 ;
in:3233 out:3230 type:P dur:2 cpbdur:2 q:0.85 aq:0.11 tex:277794 mv:747 misc:1211 imb:11 pmb:1469 smb:560 d:s ref:0 ;
in:3231 out:3231 type:B dur:2 cpbdur:2 q:0.88 aq:1.17 tex:118821 mv:1984 misc:1563 imb:3 pmb:1221 smb:816 d:t ref:0 ;
in:3230 out:3232 type:b dur:2 cpbdur:2 q:0.88 aq:2.29 tex:52740 mv:1324 misc:1864 imb:2 pmb:789 smb:1249 d:s ref:0 ;
in:3232 out:3233 type:b dur:2 cpbdur:2 q:0.88 aq:2.37 tex:74419 mv:1426 misc:1771 imb:0 pmb:934 smb:1106 d:- ref:0 ;
in:3236 out:3234 type:P dur:2 cpbdur:2 q:0.98 aq:0.08 tex:280573 mv:2372 misc:1503 imb:254 pmb:1245 smb:541 d:s ref:0 ;
in:3234 out:3235 type:B dur:2 cpbdur:2 q:1.15 aq:1.35 tex:53689 mv:1179 misc:1860 imb:0 pmb:837 smb:1203 d:s ref:0 ;
in:3235 out:3236 type:b dur:2 cpbdur:2 q:1.16 aq:2.03 tex:26031 mv:480 misc:1409 imb:0 pmb:390 smb:1650 d:- ref:0 ;
in:3240 out:3237 type:P dur:2 cpbdur:2 q:0.85 aq:0.03 tex:1133824 mv:3117 misc:563 imb:292 pmb:1599 smb:149 d:s ref:0 ;
in:3238 out:3238 type:B dur:2 cpbdur:2 q:1.15 aq:1.15 tex:175785 mv:1067 misc:1780 imb:3 pmb:1292 smb:745 d:s ref:0 ;
in:3237 out:3239 type:b dur:2 cpbdur:2 q:1.15 aq:2.42 tex:36547 mv:763 misc:1650 imb:3 pmb:507 smb:1530 d:s ref:0 ;
in:3239 out:3240 type:b dur:2 cpbdur:2 q:1.15 aq:2.84 tex:40916 mv:308 misc:1808 imb:1 pmb:597 smb:1442 d:- ref:0 ;
in:3241 out:3241 type:P dur:2 cpbdur:2 q:1.34 aq:0.12 tex:176315 mv:712 misc:1405 imb:31 pmb:1526 smb:483 d:s ref:0 ;
in:3243 out:3242 type:P dur:2 cpbdur:2 q:0.44 aq:0.02 tex:119377 mv:428 misc:1963 imb:7 pmb:1137 smb:896 d:s ref:0 ;
in:3242 out:3243 type:b dur:2 cpbdur:2 q:1.34 aq:2.33 tex:33087 mv:499 misc:1446 imb:1 pmb:364 smb:1675 d:s ref:0 ;
in:3246 out:3244 type:P dur:2 cpbdur:2 q:0.83 aq:0.03 tex:137069 mv:545 misc:1978 imb:5 pmb:1040 smb:995 d:s ref:0 ;
in:3244 out:3245 type:B dur:2 cpbdur:2 q:0.84 aq:1.28 tex:52836 mv:276 misc:1744 imb:0 pmb:540 smb:1500 d:s ref:0 ;
in:3245 out:3246 type:b dur:2 cpbdur:2 q:0.84 aq:1.86 tex:37051 mv:296 misc:1389 imb:2 pmb:343 smb:1695 d:- ref:0 ;
in:3250 out:3247 type:P dur:2 cpbdur:2 q:0.85 aq:0.03 tex:147304 mv:552 misc:1928 imb:1 pmb:1043 smb:996 d:s ref:0 ;
in:3248 out:3248 type:B dur:2 cpbdur:2 q:0.91 aq:0.73 tex:80958 mv:435 misc:1935 imb:0 pmb:805 smb:1235 d:s ref:0 ;
in:3247 out:3249 type:b dur:2 cpbdur:2 q:0.91 aq:2.05 tex:38193 mv:336 misc:1463 imb:1 pmb:383 smb:1656 d:s ref:0 ;
in:3249 out:3250 type:b dur:2 cpbdur:2 q:0.90 aq:2.08 tex:47126 mv:338 misc:1424 imb:1 pmb:362 smb:1677 d:- ref:0 ;
in:3254 out:3251 type:P dur:2 cpbdur:2 q:0.37 aq:0.00 tex:333754 mv:3295 misc:1831 imb:310 pmb:1025 smb:705 d:s ref:0 ;
in:3252 out:3252 type:B dur:2 cpbdur:2 q:0.85 aq:0.89 tex:88313 mv:448 misc:1967 imb:6 pmb:765 smb:1269 d:s ref:0 ;
in:3251 out:3253 type:b dur:2 cpbdur:2 q:0.85 aq:2.17 tex:49393 mv:494 misc:1569 imb:6 pmb:447 smb:1587 d:s ref:0 ;
in:3253 out:3254 type:b dur:2 cpbdur:2 q:0.85 aq:2.02 tex:38458 mv:390 misc:1376 imb:4 pmb:350 smb:1686 d:- ref:0 ;
in:3258 out:3255 type:P dur:2 cpbdur:2 q:0.43 aq:0.01 tex:157831 mv:546 misc:1935 imb:3 pmb:1143 smb:894 d:s ref:0 ;
in:3256 out:3256 type:B dur:2 cpbdur:2 q:0.43 aq:0.65 tex:73019 mv:719 misc:1886 imb:0 pmb:772 smb:1268 d:s ref:0 ;
in:3255 out:3257 type:b dur:2 cpbdur:2 q:0.43 aq:1.79 tex:42121 mv:597 misc:1730 imb:0 pmb:543 smb:1497 d:s ref:0 ;
in:3257 out:3258 type:b dur:2 cpbdur:2 q:0.43 aq:1.74 tex:37346 mv:329 misc:1573 imb:0 pmb:451 smb:1589 d:- ref:0 ;
in:3259 out:3259 type:P dur:2 cpbdur:2 q:0.43 aq:0.00 tex:97592 mv:363 misc:2021 imb:3 pmb:1023 smb:1014 d:s ref:0 ;
in:3263 out:3260 type:P dur:2 cpbdur:2 q:0.43 aq:0.02 tex:125950 mv:541 misc:1965 imb:12 pmb:1038 smb:990 d:s ref:0 ;
in:3261 out:3261 type:B dur:2 cpbdur:2 q:0.43 aq:0.67 tex:63176 mv:669 misc:1803 imb:5 pmb:680 smb:1355 d:s ref:0 ;
in:3260 out:3262 type:b dur:2 cpbdur:2 q:0.43 aq:1.74 tex:36802 mv:547 misc:1547 imb:4 pmb:441 smb:1595 d:s ref:0 ;
in:3262 out:3263 type:b dur:2 cpbdur:2 q:0.43 aq:1.77 tex:31789 mv:609 misc:1586 imb:3 pmb:456 smb:1581 d:- ref:0 ;
in:3267 out:3264 type:P dur:2 cpbdur:2 q:0.43 aq:0.02 tex:134267 mv:659 misc:1930 imb:17 pmb:997 smb:1026 d:s ref:0 ;
in:3265 out:3265 type:B dur:2 cpbdur:2 q:0.43 aq:0.49 tex:84555 mv:547 misc:1842 imb:6 pmb:770 smb:1264 d:s ref:0 ;
in:3264 out:3266 type:b dur:2 cpbdur:2 q:0.43 aq:1.73 tex:44207 mv:549 misc:1572 imb:3 pmb:452 smb:1585 d:s ref:0 ;
in:3266 out:3267 type:b dur:2 cpbdur:2 q:0.43 aq:1.79 tex:56975 mv:415 misc:1554 imb:5 pmb:447 smb:1588 d:- ref:0 ;
in:3271 out:3268 type:P dur:2 cpbdur:2 q:0.00 aq:0.08 tex:652433 mv:3322 misc:1765 imb:310 pmb:1110 smb:620 d:s ref:0 ;
in:3269 out:3269 type:B dur:2 cpbdur:2 q:0.43 aq:1.21 tex:148779 mv:1050 misc:2003 imb:7 pmb:1102 smb:931 d:s ref:0 ;
in:3268 out:3270 type:b dur:2 cpbdur:2 q:0.43 aq:1.77 tex:45597 mv:578 misc:1697 imb:3 pmb:530 smb:1507 d:s ref:0 ;
in:3270 out:3271 type:b dur:2 cpbdur:2 q:0.43 aq:2.01 tex:60842 mv:748 misc:1898 imb:1 pmb:662 smb:1377 d:- ref:0 ;
in:3273 out:3272 type:P dur:2 cpbdur:2 q:0.41 aq:0.04 tex:147014 mv:626 misc:2064 imb:6 pmb:1107 smb:927 d:s ref:0 ;
in:3272 out:3273 type:b dur:2 cpbdur:2 q:0.41 aq:1.74 tex:51899 mv:327 misc:1582 imb:2 pmb:461 smb:1577 d:s ref:0 ;
in:3276 out:3274 type:P dur:2 cpbdur:2 q:0.49 aq:0.40 tex:578839 mv:3485 misc:1764 imb:196 pmb:1197 smb:647 d:s ref:0 ;
in:3274 out:3275 type:B dur:2 cpbdur:2 q:0.49 aq:0.95 tex:65494 mv:417 misc:1849 imb:1 pmb:708 smb:1331 d:s ref:0 ;
in:3275 out:3276 type:b dur:2 cpbdur:2 q:0.49 aq:1.87 tex:51891 mv:430 misc:1655 imb:3 pmb:519 smb:1518 d:- ref:0 ;
in:3278 out:3277 type:P dur:2 cpbdur:2 q:0.79 aq:0.33 tex:731953 mv:4484 misc:1755 imb:459 pmb:958 smb:623 d:s ref:0 ;
in:3277 out:3278 type:b dur:2 cpbdur:2 q:0.87 aq:2.91 tex:277766 mv:2166 misc:1532 imb:82 pmb:725 smb:1233 d:s ref:0 ;
in:3281 out:3279 type:P dur:2 cpbdur:2 q:0.81 aq:0.38 tex:684355 mv:4318 misc:1839 imb:393 pmb:792 smb:855 d:s ref:0 ;
in:3279 out:3280 type:B dur:2 cpbdur:2 q:0.85 aq:1.95 tex:226053 mv:1541 misc:1750 imb:57 pmb:869 smb:1114 d:s ref:0 ;
in:3280 out:3281 type:b dur:2 cpbdur:2 q:0.85 aq:2.67 tex:240156 mv:2165 misc:1471 imb:61 pmb:643 smb:1336 d:- ref:0 ;
in:3284 out:3282 type:P dur:2 cpbdur:2 q:0.88 aq:0.02 tex:361108 mv:1467 misc:1793 imb:102 pmb:1233 smb:705 d:s ref:0 ;
in:3282 out:3283 type:B dur:2 cpbdur:2 q:0.88 aq:1.89 tex:140986 mv:1127 misc:1743 imb:28 pmb:805 smb:1207 d:s ref:0 ;
in:3283 out:3284 type:b dur:2 cpbdur:2 q:0.88 aq:2.86 tex:117245 mv:1516 misc:1431 imb:28 pmb:622 smb:1390 d:- ref:0 ;
in:3287 out:3285 type:P dur:2 cpbdur:2 q:0.91 aq:0.01 tex:303265 mv:1183 misc:1824 imb:71 pmb:1241 smb:728 d:s ref:0 ;
in:3285 out:3286 type:B dur:2 cpbdur:2 q:0.91 aq:1.86 tex:270757 mv:1897 misc:1738 imb:59 pmb:804 smb:1177 d:s ref:0 ;
in:3286 out:3287 type:b dur:2 cpbdur:2 q:0.91 aq:2.97 tex:203280 mv:1918 misc:1402 imb:57 pmb:598 smb:1385 d:- ref:0 ;
in:3290 out:3288 type:P dur:2 cpbdur:2 q:0.85 aq:0.00 tex:154351 mv:469 misc:1956 imb:8 pmb:1185 smb:847 d:s ref:0 ;
in:3288 out:3289 type:B dur:2 cpbdur:2 q:0.91 aq:1.26 tex:56726 mv:484 misc:1870 imb:0 pmb:674 smb:1366 d:s ref:0 ;
in:3289 out:3290 type:b dur:2 cpbdur:2 q:0.91 aq:1.90 tex:34266 mv:322 misc:1332 imb:0 pmb:320 smb:1720 d:- ref:0 ;
in:3294 out:3291 type:P dur:2 cpbdur:2 q:0.85 aq:0.00 tex:178616 mv:617 misc:1919 imb:6 pmb:1197 smb:837 d:s ref:0 ;
in:3292 out:3292 type:B dur:2 cpbdur:2 q:0.85 aq:0.97 tex:80320 mv:576 misc:1952 imb:0 pmb:800 smb:1240 d:s ref:0 ;
in:3291 out:3293 type:b dur:2 cpbdur:2 q:0.85 aq:2.16 tex:47517 mv:547 misc:1512 imb:0 pmb:421 smb:1619 d:s ref:0 ;
in:3293 out:3294 type:b dur:2 cpbdur:2 q:0.85 aq:2.03 tex:35353 mv:368 misc:1503 imb:0 pmb:389 smb:1651 d:- ref:0 ;
in:3298 out:3295 type:P dur:2 cpbdur:2 q:1.03 aq:0.00 tex:163897 mv:711 misc:2000 imb:6 pmb:1096 smb:938 d:s ref:0 ;
in:3296 out:3296 type:B dur:2 cpbdur:2 q:1.03 aq:0.69 tex:80763 mv:306 misc:1899 imb:0 pmb:742 smb:1298 d:s ref:0 ;
in:3295 out:3297 type:b dur:2 cpbdur:2 q:1.03 aq:2.03 tex:37710 mv:291 misc:1383 imb:0 pmb:342 smb:1698 d:s ref:0 ;
in:3297 out:3298 type:b dur:2 cpbdur:2 q:1.03 aq:2.09 tex:36865 mv:273 misc:1334 imb:0 pmb:333 smb:1707 d:- ref:0 ;
in:3302 out:3299 type:P dur:2 cpbdur:2 q:1.44 aq:0.03 tex:819301 mv:1946 misc:497 imb:180 pmb:1720 smb:140 d:s ref:0 ;
in:3300 out:3300 type:B dur:2 cpbdur:2 q:1.43 aq:1.45 tex:67487 mv:389 misc:1644 imb:0 pmb:520 smb:1520 d:s ref:0 ;
in:3299 out:3301 type:b dur:2 cpbdur:2 q:1.42 aq:2.35 tex:29266 mv:256 misc:1206 imb:0 pmb:285 smb:1755 d:s ref:0 ;
in:3301 out:3302 type:b dur:2 cpbdur:2 q:1.43 aq:3.00 tex:88351 mv:595 misc:1750 imb:1 pmb:984 smb:1055 d:- ref:0 ;
in:3306 out:3303 type:P dur:2 cpbdur:2 q:1.78 aq:0.40 tex:186107 mv:590 misc:1375 imb:19 pmb:1483 smb:538 d:s ref:0 ;
in:3304 out:3304 type:B dur:2 cpbdur:2 q:1.77 aq:1.39 tex:57503 mv:1239 misc:1938 imb:0 pmb:889 smb:1151 d:s ref:0 ;
in:3303 out:3305 type:b dur:2 cpbdur:2 q:1.76 aq:2.73 tex:24448 mv:743 misc:1761 imb:0 pmb:594 smb:1446 d:s ref:0 ;
in:3305 out:3306 type:b dur:2 cpbdur:2 q:1.77 aq:2.76 tex:19298 mv:484 misc:1298 imb:0 pmb:323 smb:1717 d:- ref:0 ;
in:3310 out:3307 type:P dur:2 cpbdur:2 q:1.71 aq:0.16 tex:118068 mv:357 misc:1847 imb:2 pmb:1167 smb:871 d:s ref:0 ;
in:3308 out:3308 type:B dur:2 cpbdur:2 q:1.94 aq:1.28 tex:50397 mv:831 misc:1780 imb:0 pmb:612 smb:1428 d:s ref:0 ;
in:3307 out:3309 type:b dur:2 cpbdur:2 q:1.95 aq:2.94 tex:17963 mv:534 misc:1351 imb:0 pmb:317 smb:1723 d:s ref:0 ;
in:3309 out:3310 type:b dur:2 cpbdur:2 q:1.93 aq:2.56 tex:18751 mv:332 misc:1157 imb:0 pmb:255 smb:1785 d:- ref:0 ;
in:3312 out:3311 type:P dur:2 cpbdur:2 q:2.87 aq:1.01 tex:338853 mv:1900 misc:1879 imb:127 pmb:1221 smb:692 d:s ref:0 ;
in:3311 out:3312 type:b dur:2 cpbdur:2 q:2.83 aq:3.28 tex:16160 mv:364 misc:972 imb:0 pmb:224 smb:1816 d:s ref:0 ;
in:3313 out:3313 type:P dur:2 cpbdur:2 q:3.08 aq:0.88 tex:411639 mv:2240 misc:1377 imb:159 pmb:1419 smb:462 d:s ref:0 ;
in:3314 out:3314 type:P dur:2 cpbdur:2 q:3.41 aq:0.97 tex:432655 mv:2467 misc:1374 imb:119 pmb:1484 smb:437 d:s ref:0 ;
in:3315 out:3315 type:P dur:2 cpbdur:2 q:4.36 aq:0.60 tex:518076 mv:2856 misc:1628 imb:140 pmb:1331 smb:569 d:s ref:0 ;
in:3319 out:3316 type:P dur:2 cpbdur:2 q:4.58 aq:0.89 tex:485643 mv:2710 misc:1711 imb:108 pmb:1334 smb:598 d:s ref:0 ;
in:3317 out:3317 type:B dur:2 cpbdur:2 q:4.57 aq:4.79 tex:215601 mv:2642 misc:1133 imb:53 pmb:626 smb:1361 d:s ref:0 ;
in:3316 out:3318 type:b dur:2 cpbdur:2 q:4.57 aq:6.85 tex:177632 mv:1721 misc:671 imb:35 pmb:530 smb:1475 d:s ref:0 ;
in:3318 out:3319 type:b dur:2 cpbdur:2 q:4.58 aq:6.92 tex:94227 mv:987 misc:666 imb:14 pmb:519 smb:1507 d:- ref:0 ;
in:3321 out:3320 type:P dur:2 cpbdur:2 q:4.68 aq:1.08 tex:283252 mv:1421 misc:1783 imb:56 pmb:1336 smb:648 d:s ref:0 ;
in:3320 out:3321 type:b dur:2 cpbdur:2 q:4.74 aq:7.07 tex:192187 mv:2044 misc:649 imb:53 pmb:482 smb:1505 d:s ref:0 ;
in:3322 out:3322 type:P dur:2 cpbdur:2 q:4.98 aq:1.37 tex:377878 mv:2266 misc:1760 imb:103 pmb:1271 smb:666 d:s ref:0 ;
in:3323 out:3323 type:P dur:2 cpbdur:2 q:4.44 aq:1.02 tex:663421 mv:4837 misc:1694 imb:410 pmb:1043 smb:587 d:s ref:0 ;
in:3324 out:3324 type:P dur:2 cpbdur:2 q:3.33 aq:0.23 tex:670302 mv:4372 misc:1718 imb:418 pmb:1007 smb:615 d:s ref:0 ;
in:3327 out:3325 type:P dur:2 cpbdur:2 q:9.15 aq:1.80 tex:571606 mv:4114 misc:1728 imb:349 pmb:643 smb:1048 d:s ref:0 ;
in:3325 out:3326 type:B dur:2 cpbdur:2 q:9.33 aq:10.89 tex:85644 mv:1189 misc:639 imb:50 pmb:379 smb:1611 d:s ref:0 ;
in:3326 out:3327 type:b dur:2 cpbdur:2 q:9.32 aq:11.50 tex:96091 mv:1485 misc:536 imb:47 pmb:355 smb:1638 d:- ref:0 ;
in:3329 out:3328 type:P dur:2 cpbdur:2 q:8.14 aq:0.94 tex:287154 mv:1384 misc:1838 imb:115 pmb:1095 smb:830 d:s ref:0 ;
in:3328 out:3329 type:b dur:2 cpbdur:2 q:9.72 aq:11.64 tex:80859 mv:1958 misc:535 imb:60 pmb:335 smb:1645 d:s ref:0 ;
in:3333 out:3330 type:P dur:2 cpbdur:2 q:8.08 aq:1.17 tex:336223 mv:1434 misc:1831 imb:76 pmb:1109 smb:855 d:s ref:0 ;
in:3331 out:3331 type:B dur:2 cpbdur:2 q:8.55 aq:9.94 tex:116871 mv:1686 misc:635 imb:55 pmb:387 smb:1598 d:s ref:0 ;
in:3330 out:3332 type:b dur:2 cpbdur:2 q:8.54 aq:11.12 tex:41865 mv:959 misc:552 imb:33 pmb:342 smb:1665 d:s ref:0 ;
in:3332 out:3333 type:b dur:2 cpbdur:2 q:8.56 aq:11.50 tex:74374 mv:1626 misc:560 imb:53 pmb:361 smb:1626 d:- ref:0 ;
in:3337 out:3334 type:P dur:2 cpbdur:2 q:8.66 aq:1.21 tex:211485 mv:734 misc:1853 imb:17 pmb:1102 smb:921 d:s ref:0 ;
in:3335 out:3335 type:B dur:2 cpbdur:2 q:8.73 aq:7.49 tex:16838 mv:379 misc:663 imb:3 pmb:163 smb:1874 d:s ref:0 ;
in:3334 out:3336 type:b dur:2 cpbdur:2 q:8.72 aq:8.61 tex:5956 mv:154 misc:482 imb:0 pmb:83 smb:1957 d:s ref:0 ;
in:3336 out:3337 type:b dur:2 cpbdur:2 q:8.73 aq:9.78 tex:7214 mv:226 misc:592 imb:0 pmb:134 smb:1906 d:- ref:0 ;
in:3341 out:3338 type:P dur:2 cpbdur:2 q:7.56 aq:0.79 tex:221759 mv:781 misc:1900 imb:18 pmb:1149 smb:873 d:s ref:0 ;
in:3339 out:3339 type:B dur:2 cpbdur:2 q:8.71 aq:6.74 tex:15305 mv:243 misc:612 imb:0 pmb:133 smb:1907 d:s ref:0 ;
in:3338 out:3340 type:b dur:2 cpbdur:2 q:8.70 aq:9.05 tex:6387 mv:236 misc:465 imb:0 pmb:94 smb:1946 d:s ref:0 ;
in:3340 out:3341 type:b dur:2 cpbdur:2 q:8.71 aq:10.00 tex:4576 mv:137 misc:431 imb:0 pmb:69 smb:1971 d:- ref:0 ;
in:3345 out:3342 type:P dur:2 cpbdur:2 q:5.75 aq:0.34 tex:186319 mv:739 misc:1886 imb:7 pmb:1177 smb:856 d:s ref:0 ;
in:3343 out:3343 type:B dur:2 cpbdur:2 q:7.58 aq:5.00 tex:16439 mv:206 misc:459 imb:0 pmb:98 smb:1942 d:s ref:0 ;
in:3342 out:3344 type:b dur:2 cpbdur:2 q:7.62 aq:7.99 tex:6277 mv:132 misc:327 imb:0 pmb:75 smb:1965 d:s ref:0 ;
in:3344 out:3345 type:b dur:2 cpbdur:2 q:7.60 aq:7.92 tex:4619 mv:151 misc:334 imb:0 pmb:59 smb:1981 d:- ref:0 ;
in:3349 out:3346 type:P dur:2 cpbdur:2 q:5.04 aq:0.29 tex:141539 mv:509 misc:1976 imb:4 pmb:1110 smb:926 d:s ref:0 ;
in:3347 out:3347 type:B dur:2 cpbdur:2 q:5.83 aq:4.16 tex:19569 mv:194 misc:669 imb:0 pmb:134 smb:1906 d:s ref:0 ;
in:3346 out:3348 type:b dur:2 cpbdur:2 q:5.86 aq:6.61 tex:6485 mv:141 misc:398 imb:0 pmb:85 smb:1955 d:s ref:0 ;
in:3348 out:3349 type:b dur:2 cpbdur:2 q:5.86 aq:5.85 tex:5272 mv:140 misc:364 imb:0 pmb:68 smb:1972 d:- ref:0 ;
in:3350 out:3350 type:P dur:2 cpbdur:2 q:2.65 aq:3.53 tex:20050 mv:114 misc:796 imb:1 pmb:147 smb:1892 d:s ref:0 ;
in:3351 out:3351 type:I dur:2 cpbdur:2 q:14.25 aq:5.39 tex:2242029 mv:75092 misc:191 imb:2040 pmb:0 smb:0 d:s ref:;
in:3355 out:3352 type:P dur:2 cpbdur:2 q:1.04 aq:0.17 tex:578602 mv:964 misc:818 imb:51 pmb:1679 smb:310 d:s ref:0 ;
in:3353 out:3353 type:B dur:2 cpbdur:2 q:13.86 aq:13.81 tex:6021 mv:144 misc:339 imb:0 pmb:53 smb:1987 d:s ref:0 ;
in:3352 out:3354 type:b dur:2 cpbdur:2 q:13.86 aq:16.82 tex:1442 mv:120 misc:318 imb:0 pmb:37 smb:2003 d:s ref:0 ;
in:3354 out:3355 type:b dur:2 cpbdur:2 q:13.86 aq:15.40 tex:3315 mv:76 misc:289 imb:0 pmb:36 smb:2004 d:- ref:0 ;
in:3359 out:3356 type:P dur:2 cpbdur:2 q:0.96 aq:0.27 tex:193236 mv:576 misc:1644 imb:4 pmb:1335 smb:701 d:s ref:0 ;
in:3357 out:3357 type:B dur:2 cpbdur:2 q:1.04 aq:0.94 tex:84315 mv:1260 misc:1873 imb:0 pmb:979 smb:1061 d:s ref:0 ;
in:3356 out:3358 type:b dur:2 cpbdur:2 q:1.04 aq:2.24 tex:32622 mv:710 misc:1748 imb:0 pmb:542 smb:1498 d:s ref:0 ;
in:3358 out:3359 type:b dur:2 cpbdur:2 q:1.04 aq:2.26 tex:34560 mv:346 misc:1326 imb:0 pmb:328 smb:1712 d:- ref:0 ;
in:3361 out:3360 type:P dur:2 cpbdur:2 q:1.31 aq:0.47 tex:813749 mv:2865 misc:634 imb:183 pmb:1678 smb:179 d:s ref:0 ;
in:3360 out:3361 type:b dur:2 cpbdur:2 q:1.32 aq:3.33 tex:195673 mv:1594 misc:1629 imb:34 pmb:1369 smb:637 d:s ref:0 ;
in:3362 out:3362 type:P dur:2 cpbdur:2 q:0.97 aq:0.32 tex:549605 mv:2654 misc:1325 imb:162 pmb:1454 smb:424 d:s ref:0 ;
in:3364 out:3363 type:P dur:2 cpbdur:2 q:1.39 aq:0.01 tex:490127 mv:2086 misc:1587 imb:119 pmb:1403 smb:518 d:s ref:0 ;
in:3363 out:3364 type:b dur:2 cpbdur:2 q:1.52 aq:3.41 tex:223557 mv:2484 misc:1591 imb:60 pmb:747 smb:1233 d:s ref:0 ;
in:3368 out:3365 type:P dur:2 cpbdur:2 q:2.50 aq:0.43 tex:189520 mv:769 misc:1863 imb:14 pmb:1170 smb:856 d:s ref:0 ;
in:3366 out:3366 type:B dur:2 cpbdur:2 q:2.47 aq:1.75 tex:59694 mv:706 misc:1736 imb:0 pmb:548 smb:1492 d:s ref:0 ;
in:3365 out:3367 type:b dur:2 cpbdur:2 q:2.45 aq:3.11 tex:27780 mv:393 misc:1235 imb:0 pmb:293 smb:1747 d:s ref:0 ;
in:3367 out:3368 type:b dur:2 cpbdur:2 q:2.48 aq:3.02 tex:21200 mv:387 misc:1069 imb:1 pmb:239 smb:1800 d:- ref:0 ;
in:3372 out:3369 type:P dur:2 cpbdur:2 q:2.65 aq:0.31 tex:234393 mv:765 misc:1554 imb:30 pmb:1483 smb:527 d:s ref:0 ;
in:3370 out:3370 type:B dur:2 cpbdur:2 q:2.74 aq:2.02 tex:52434 mv:876 misc:1850 imb:0 pmb:642 smb:1398 d:s ref:0 ;
in:3369 out:3371 type:b dur:2 cpbdur:2 q:2.75 aq:3.77 tex:16931 mv:276 misc:761 imb:0 pmb:159 smb:1881 d:s ref:0 ;
in:3371 out:3372 type:b dur:2 cpbdur:2 q:2.74 aq:3.83 tex:23611 mv:649 misc:1364 imb:0 pmb:356 smb:1684 d:- ref:0 ;
in:3376 out:3373 type:P dur:2 cpbdur:2 q:2.85 aq:0.74 tex:234835 mv:858 misc:1379 imb:50 pmb:1519 smb:471 d:s ref:0 ;
in:3374 out:3374 type:B dur:2 cpbdur:2 q:2.84 aq:2.23 tex:53337 mv:1182 misc:1929 imb:0 pmb:823 smb:1217 d:s ref:0 ;
in:3373 out:3375 type:b dur:2 cpbdur:2 q:2.84 aq:3.54 tex:14256 mv:636 misc:1692 imb:0 pmb:498 smb:1542 d:s ref:0 ;
in:3375 out:3376 type:b dur:2 cpbdur:2 q:2.84 aq:3.60 tex:24610 mv:468 misc:1066 imb:1 pmb:215 smb:1824 d:- ref:0 ;
in:3378 out:3377 type:P dur:2 cpbdur:2 q:2.80 aq:0.40 tex:138852 mv:608 misc:1772 imb:27 pmb:1051 smb:962 d:s ref:0 ;
in:3377 out:3378 type:b dur:2 cpbdur:2 q:2.95 aq:3.91 tex:26842 mv:365 misc:929 imb:1 pmb:200 smb:1839 d:s ref:0 ;
in:3382 out:3379 type:P dur:2 cpbdur:2 q:0.00 aq:0.00 tex:561466 mv:4885 misc:1209 imb:455 pmb:1207 smb:378 d:s ref:0 ;
in:3380 out:3380 type:B dur:2 cpbdur:2 q:2.79 aq:2.21 tex:92888 mv:1100 misc:1884 imb:9 pmb:766 smb:1265 d:s ref:0 ;
in:3379 out:3381 type:b dur:2 cpbdur:2 q:2.80 aq:4.19 tex:46840 mv:590 misc:1170 imb:12 pmb:360 smb:1668 d:s ref:0 ;
in:3381 out:3382 type:b dur:2 cpbdur:2 q:2.78 aq:3.70 tex:29124 mv:651 misc:1145 imb:5 pmb:313 smb:1722 d:- ref:0 ;
in:3384 out:3383 type:P dur:2 cpbdur:2 q:0.90 aq:0.01 tex:144629 mv:497 misc:1874 imb:9 pmb:1165 smb:866 d:s ref:0 ;
in:3383 out:3384 type:b dur:2 cpbdur:2 q:0.88 aq:2.02 tex:38649 mv:512 misc:1535 imb:0 pmb:447 smb:1593 d:s ref:0 ;
in:3388 out:3385 type:P dur:2 cpbdur:2 q:1.05 aq:0.74 tex:118396 mv:562 misc:1698 imb:2 pmb:558 smb:1480 d:s ref:0 ;
in:3386 out:3386 type:B dur:2 cpbdur:2 q:1.04 aq:0.86 tex:70486 mv:315 misc:1575 imb:0 pmb:584 smb:1456 d:s ref:0 ;
in:3385 out:3387 type:b dur:2 cpbdur:2 q:1.04 aq:2.03 tex:34899 mv:257 misc:1244 imb:0 pmb:303 smb:1737 d:s ref:0 ;
in:3387 out:3388 type:b dur:2 cpbdur:2 q:1.04 aq:2.09 tex:34554 mv:210 misc:1252 imb:0 pmb:298 smb:1742 d:- ref:0 ;
in:3391 out:3389 type:P dur:2 cpbdur:2 q:1.46 aq:0.05 tex:141048 mv:600 misc:1768 imb:6 pmb:1027 smb:1007 d:s ref:0 ;
in:3389 out:3390 type:B dur:2 cpbdur:2 q:1.46 aq:1.43 tex:52610 mv:251 misc:1459 imb:3 pmb:420 smb:1617 d:s ref:0 ;
in:3390 out:3391 type:b dur:2 cpbdur:2 q:1.46 aq:2.57 tex:39954 mv:404 misc:1090 imb:1 pmb:251 smb:1788 d:- ref:0 ;
in:3395 out:3392 type:P dur:2 cpbdur:2 q:0.00 aq:0.01 tex:696870 mv:3447 misc:1371 imb:316 pmb:1249 smb:475 d:s ref:0 ;
in:3393 out:3393 type:B dur:2 cpbdur:2 q:1.44 aq:1.39 tex:119789 mv:1455 misc:1916 imb:3 pmb:1056 smb:981 d:s ref:0 ;
in:3392 out:3394 type:b dur:2 cpbdur:2 q:1.45 aq:3.22 tex:76162 mv:1011 misc:1691 imb:7 pmb:578 smb:1455 d:s ref:0 ;
in:3394 out:3395 type:b dur:2 cpbdur:2 q:1.43 aq:2.78 tex:32066 mv:891 misc:1691 imb:2 pmb:535 smb:1503 d:- ref:0 ;
in:3399 out:3396 type:P dur:2 cpbdur:2 q:1.44 aq:0.20 tex:185870 mv:498 misc:1760 imb:7 pmb:1319 smb:714 d:s ref:0 ;
in:3397 out:3397 type:B dur:2 cpbdur:2 q:1.44 aq:1.40 tex:58632 mv:990 misc:1946 imb:1 pmb:768 smb:1271 d:s ref:0 ;
in:3396 out:3398 type:b dur:2 cpbdur:2 q:1.44 aq:2.46 tex:25210 mv:679 misc:1447 imb:1 pmb:390 smb:1649 d:s ref:0 ;
in:3398 out:3399 type:b dur:2 cpbdur:2 q:1.44 aq:2.40 tex:36336 mv:641 misc:1367 imb:7 pmb:361 smb:1672 d:- ref:0 ;
in:3400 out:3400 type:P dur:2 cpbdur:2 q:2.13 aq:0.24 tex:101413 mv:367 misc:1932 imb:1 pmb:1146 smb:893 d:s ref:0 ;
in:3402 out:3401 type:P dur:2 cpbdur:2 q:2.13 aq:0.14 tex:113384 mv:362 misc:1878 imb:3 pmb:1001 smb:1036 d:s ref:0 ;
in:3401 out:3402 type:b dur:2 cpbdur:2 q:2.13 aq:2.86 tex:23655 mv:114 misc:951 imb:0 pmb:198 smb:1842 d:s ref:0 ;
in:3405 out:3403 type:P dur:2 cpbdur:2 q:2.13 aq:0.67 tex:143363 mv:697 misc:1724 imb:23 pmb:721 smb:1296 d:s ref:0 ;
in:3403 out:3404 type:B dur:2 cpbdur:2 q:2.13 aq:1.85 tex:50860 mv:188 misc:1320 imb:3 pmb:328 smb:1709 d:s ref:0 ;
in:3404 out:3405 type:b dur:2 cpbdur:2 q:2.13 aq:3.12 tex:44726 mv:446 misc:980 imb:2 pmb:248 smb:1790 d:- ref:0 ;
in:3409 out:3406 type:P dur:2 cpbdur:2 q:0.99 aq:0.01 tex:580668 mv:4728 misc:956 imb:427 pmb:1346 smb:267 d:s ref:0 ;
in:3407 out:3407 type:B dur:2 cpbdur:2 q:2.13 aq:1.84 tex:69164 mv:1165 misc:1951 imb:9 pmb:790 smb:1241 d:s ref:0 ;
in:3406 out:3408 type:b dur:2 cpbdur:2 q:2.13 aq:3.56 tex:40125 mv:1405 misc:1798 imb:38 pmb:616 smb:1386 d:s ref:0 ;
in:3408 out:3409 type:b dur:2 cpbdur:2 q:2.13 aq:2.94 tex:22378 mv:490 misc:1204 imb:0 pmb:289 smb:1751 d:- ref:0 ;
in:3413 out:3410 type:P dur:2 cpbdur:2 q:1.18 aq:0.01 tex:181344 mv:658 misc:1734 imb:7 pmb:1270 smb:763 d:s ref:0 ;
in:3411 out:3411 type:B dur:2 cpbdur:2 q:1.35 aq:0.99 tex:71250 mv:823 misc:1831 imb:0 pmb:759 smb:1281 d:s ref:0 ;
in:3410 out:3412 type:b dur:2 cpbdur:2 q:1.71 aq:2.44 tex:25186 mv:383 misc:1263 imb:0 pmb:314 smb:1726 d:s ref:0 ;
in:3412 out:3413 type:b dur:2 cpbdur:2 q:1.53 aq:2.51 tex:27757 mv:501 misc:1430 imb:0 pmb:370 smb:1670 d:- ref:0 ;
in:3417 out:3414 type:P dur:2 cpbdur:2 q:1.24 aq:0.08 tex:137222 mv:520 misc:1946 imb:11 pmb:1056 smb:973 d:s ref:0 ;
in:3415 out:3415 type:B dur:2 cpbdur:2 q:1.47 aq:1.25 tex:61041 mv:586 misc:1757 imb:13 pmb:613 smb:1414 d:s ref:0 ;
in:3414 out:3416 type:b dur:2 cpbdur:2 q:1.77 aq:2.52 tex:23158 mv:265 misc:1137 imb:0 pmb:258 smb:1782 d:s ref:0 ;
in:3416 out:3417 type:b dur:2 cpbdur:2 q:1.62 aq:2.61 tex:22017 mv:304 misc:1159 imb:0 pmb:268 smb:1772 d:- ref:0 ;
in:3420 out:3418 type:P dur:2 cpbdur:2 q:1.18 aq:0.26 tex:356336 mv:3367 misc:1745 imb:262 pmb:1009 smb:769 d:s ref:0 ;
in:3418 out:3419 type:B dur:2 cpbdur:2 q:1.47 aq:1.46 tex:36647 mv:546 misc:1599 imb:0 pmb:506 smb:1534 d:s ref:0 ;
in:3419 out:3420 type:b dur:2 cpbdur:2 q:1.65 aq:2.69 tex:12959 mv:431 misc:1290 imb:2 pmb:311 smb:1727 d:- ref:0 ;
in:3421 out:3421 type:P dur:2 cpbdur:2 q:1.82 aq:0.05 tex:781099 mv:2859 misc:546 imb:283 pmb:1609 smb:148 d:s ref:0 ;
in:3425 out:3422 type:P dur:2 cpbdur:2 q:1.82 aq:0.04 tex:380454 mv:2388 misc:1030 imb:175 pmb:1501 smb:364 d:s ref:0 ;
in:3423 out:3423 type:B dur:2 cpbdur:2 q:1.82 aq:1.29 tex:72440 mv:978 misc:1958 imb:0 pmb:848 smb:1192 d:s ref:0 ;
in:3422 out:3424 type:b dur:2 cpbdur:2 q:1.82 aq:2.81 tex:26636 mv:733 misc:1735 imb:0 pmb:547 smb:1493 d:s ref:0 ;
in:3424 out:3425 type:b dur:2 cpbdur:2 q:1.82 aq:2.63 tex:23623 mv:428 misc:1309 imb:0 pmb:329 smb:1711 d:- ref:0 ;
in:3429 out:3426 type:P dur:2 cpbdur:2 q:1.82 aq:0.45 tex:306958 mv:2489 misc:1721 imb:133 pmb:1127 smb:780 d:s ref:0 ;
in:3427 out:3427 type:B dur:2 cpbdur:2 q:1.82 aq:1.61 tex:197259 mv:2555 misc:1842 imb:58 pmb:885 smb:1097 d:s ref:0 ;
in:3426 out:3428 type:b dur:2 cpbdur:2 q:1.82 aq:2.52 tex:27575 mv:686 misc:1459 imb:0 pmb:417 smb:1623 d:s ref:0 ;
in:3428 out:3429 type:b dur:2 cpbdur:2 q:1.82 aq:2.90 tex:113555 mv:2221 misc:1480 imb:80 pmb:520 smb:1440 d:- ref:0 ;
in:3430 out:3430 type:P dur:2 cpbdur:2 q:1.82 aq:0.06 tex:260580 mv:2488 misc:1740 imb:184 pmb:1152 smb:704 d:s ref:0 ;
in:3432 out:3431 type:P dur:2 cpbdur:2 q:1.82 aq:0.01 tex:257415 mv:2340 misc:1861 imb:155 pmb:1134 smb:751 d:s ref:0 ;
in:3431 out:3432 type:b dur:2 cpbdur:2 q:1.82 aq:2.92 tex:100914 mv:1346 misc:1172 imb:42 pmb:440 smb:1558 d:s ref:0 ;
in:3436 out:3433 type:P dur:2 cpbdur:2 q:1.72 aq:0.08 tex:298475 mv:2417 misc:1684 imb:143 pmb:1182 smb:715 d:s ref:0 ;
in:3434 out:3434 type:B dur:2 cpbdur:2 q:1.82 aq:1.26 tex:71720 mv:851 misc:1877 imb:1 pmb:729 smb:1310 d:s ref:0 ;
in:3433 out:3435 type:b dur:2 cpbdur:2 q:1.82 aq:2.59 tex:23918 mv:344 misc:1218 imb:0 pmb:330 smb:1710 d:s ref:0 ;
in:3435 out:3436 type:b dur:2 cpbdur:2 q:1.82 aq:2.65 tex:30724 mv:464 misc:1388 imb:0 pmb:362 smb:1678 d:- ref:0 ;
in:3440 out:3437 type:P dur:2 cpbdur:2 q:1.62 aq:0.71 tex:119106 mv:882 misc:1876 imb:50 pmb:692 smb:1298 d:s ref:0 ;
in:3438 out:3438 type:B dur:2 cpbdur:2 q:1.76 aq:1.20 tex:53102 mv:654 misc:1796 imb:1 pmb:620 smb:1419 d:s ref:0 ;
in:3437 out:3439 type:b dur:2 cpbdur:2 q:1.76 aq:2.63 tex:21811 mv:398 misc:1151 imb:0 pmb:274 smb:1766 d:s ref:0 ;
in:3439 out:3440 type:b dur:2 cpbdur:2 q:1.76 aq:2.67 tex:26641 mv:528 misc:1111 imb:9 pmb:254 smb:1777 d:- ref:0 ;
in:3444 out:3441 type:P dur:2 cpbdur:2 q:1.57 aq:0.09 tex:127264 mv:533 misc:1907 imb:13 pmb:1032 smb:995 d:s ref:0 ;
in:3442 out:3442 type:B dur:2 cpbdur:2 q:1.65 aq:1.29 tex:49694 mv:951 misc:1683 imb:33 pmb:524 smb:1483 d:s ref:0 ;
in:3441 out:3443 type:b dur:2 cpbdur:2 q:1.68 aq:2.57 tex:16678 mv:465 misc:1145 imb:0 pmb:286 smb:1754 d:s ref:0 ;
in:3443 out:3444 type:b dur:2 cpbdur:2 q:1.68 aq:2.59 tex:34471 mv:447 misc:1162 imb:2 pmb:273 smb:1765 d:- ref:0 ;
in:3447 out:3445 type:P dur:2 cpbdur:2 q:1.57 aq:0.15 tex:139744 mv:868 misc:1892 imb:48 pmb:931 smb:1061 d:s ref:0 ;
in:3445 out:3446 type:B dur:2 cpbdur:2 q:1.62 aq:1.76 tex:55552 mv:381 misc:1491 imb:4 pmb:401 smb:1635 d:s ref:0 ;
in:3446 out:3447 type:b dur:2 cpbdur:2 q:1.66 aq:2.64 tex:23011 mv:299 misc:1170 imb:0 pmb:269 smb:1771 d:- ref:0 ;
in:3448 out:3448 type:P dur:2 cpbdur:2 q:1.53 aq:0.12 tex:84672 mv:265 misc:1839 imb:1 pmb:947 smb:1092 d:s ref:0 ;
in:3452 out:3449 type:P dur:2 cpbdur:2 q:1.41 aq:0.11 tex:709158 mv:4742 misc:932 imb:389 pmb:1355 smb:296 d:s ref:0 ;
in:3450 out:3450 type:B dur:2 cpbdur:2 q:1.83 aq:1.92 tex:105279 mv:1402 misc:1935 imb:13 pmb:995 smb:1032 d:s ref:0 ;
in:3449 out:3451 type:b dur:2 cpbdur:2 q:1.88 aq:3.23 tex:67619 mv:1391 misc:1862 imb:0 pmb:922 smb:1118 d:s ref:0 ;
in:3451 out:3452 type:b dur:2 cpbdur:2 q:1.90 aq:3.03 tex:30594 mv:744 misc:1526 imb:0 pmb:441 smb:1599 d:- ref:0 ;
in:3456 out:3453 type:P dur:2 cpbdur:2 q:1.57 aq:0.29 tex:178676 mv:830 misc:1814 imb:19 pmb:1120 smb:901 d:s ref:0 ;
in:3454 out:3454 type:B dur:2 cpbdur:2 q:1.56 aq:1.12 tex:85193 mv:793 misc:1838 imb:5 pmb:674 smb:1361 d:s ref:0 ;
in:3453 out:3455 type:b dur:2 cpbdur:2 q:1.56 aq:2.62 tex:37490 mv:578 misc:1356 imb:5 pmb:357 smb:1678 d:s ref:0 ;
in:3455 out:3456 type:b dur:2 cpbdur:2 q:1.57 aq:2.59 tex:23943 mv:312 misc:1145 imb:0 pmb:268 smb:1772 d:- ref:0 ;
in:3458 out:3457 type:P dur:2 cpbdur:2 q:3.02 aq:0.68 tex:516311 mv:4253 misc:1796 imb:341 pmb:962 smb:737 d:s ref:0 ;
in:3457 out:3458 type:b dur:2 cpbdur:2 q:3.00 aq:3.98 tex:12046 mv:334 misc:980 imb:0 pmb:228 smb:1812 d:s ref:0 ;
in:3459 out:3459 type:P dur:2 cpbdur:2 q:3.22 aq:0.66 tex:327687 mv:2286 misc:1843 imb:96 pmb:1134 smb:810 d:s ref:0 ;
in:3461 out:3460 type:P dur:2 cpbdur:2 q:3.28 aq:0.67 tex:510849 mv:4484 misc:1755 imb:252 pmb:1098 smb:690 d:s ref:0 ;
in:3460 out:3461 type:b dur:2 cpbdur:2 q:3.33 aq:5.32 tex:128326 mv:2029 misc:949 imb:14 pmb:404 smb:1622 d:s ref:0 ;
in:3462 out:3462 type:P dur:2 cpbdur:2 q:3.56 aq:0.89 tex:312932 mv:1782 misc:1846 imb:42 pmb:1196 smb:802 d:s ref:0 ;
in:3464 out:3463 type:P dur:2 cpbdur:2 q:3.58 aq:0.58 tex:467673 mv:4439 misc:1800 imb:272 pmb:1073 smb:695 d:s ref:0 ;
in:3463 out:3464 type:b dur:2 cpbdur:2 q:3.73 aq:6.22 tex:87822 mv:1183 misc:795 imb:8 pmb:362 smb:1670 d:s ref:0 ;
in:3468 out:3465 type:P dur:2 cpbdur:2 q:3.83 aq:0.87 tex:395334 mv:3410 misc:1768 imb:160 pmb:1133 smb:747 d:s ref:0 ;
in:3466 out:3466 type:B dur:2 cpbdur:2 q:3.83 aq:3.63 tex:41924 mv:611 misc:1449 imb:0 pmb:400 smb:1640 d:s ref:0 ;
in:3465 out:3467 type:b dur:2 cpbdur:2 q:3.83 aq:5.59 tex:128589 mv:2406 misc:765 imb:10 pmb:372 smb:1658 d:s ref:0 ;
in:3467 out:3468 type:b dur:2 cpbdur:2 q:3.83 aq:5.77 tex:9325 mv:260 misc:759 imb:0 pmb:141 smb:1899 d:- ref:0 ;
in:3469 out:3469 type:P dur:2 cpbdur:2 q:4.14 aq:0.81 tex:454662 mv:4434 misc:1816 imb:268 pmb:1017 smb:755 d:s ref:0 ;
in:3470 out:3470 type:P dur:2 cpbdur:2 q:1.20 aq:0.59 tex:268861 mv:1391 misc:1900 imb:42 pmb:1129 smb:869 d:s ref:0 ;
in:3472 out:3471 type:P dur:2 cpbdur:2 q:1.59 aq:0.68 tex:517940 mv:3895 misc:1853 imb:168 pmb:978 smb:894 d:s ref:0 ;
in:3471 out:3472 type:b dur:2 cpbdur:2 q:1.60 aq:3.48 tex:165353 mv:1548 misc:1323 imb:2 pmb:506 smb:1532 d:s ref:0 ;
in:3473 out:3473 type:P dur:2 cpbdur:2 q:1.91 aq:0.41 tex:290083 mv:1438 misc:1855 imb:39 pmb:1167 smb:834 d:s ref:0 ;
in:3475 out:3474 type:P dur:2 cpbdur:2 q:2.20 aq:0.39 tex:359687 mv:2227 misc:1910 imb:72 pmb:1082 smb:886 d:s ref:0 ;
in:3474 out:3475 type:b dur:2 cpbdur:2 q:2.27 aq:4.16 tex:133641 mv:1526 misc:1017 imb:2 pmb:393 smb:1645 d:s ref:0 ;
in:3477 out:3476 type:P dur:2 cpbdur:2 q:2.34 aq:0.76 tex:270524 mv:1156 misc:1856 imb:12 pmb:962 smb:1066 d:s ref:0 ;
in:3476 out:3477 type:b dur:2 cpbdur:2 q:2.34 aq:3.53 tex:20306 mv:283 misc:1059 imb:1 pmb:267 smb:1772 d:s ref:0 ;
in:3478 out:3478 type:P dur:2 cpbdur:2 q:2.72 aq:0.62 tex:96648 mv:231 misc:1929 imb:0 pmb:1026 smb:1014 d:s ref:0 ;
in:3479 out:3479 type:P dur:2 cpbdur:2 q:2.96 aq:0.81 tex:262388 mv:1272 misc:1908 imb:32 pmb:1132 smb:876 d:s ref:0 ;
in:3481 out:3480 type:P dur:2 cpbdur:2 q:2.84 aq:0.85 tex:1075968 mv:4636 misc:620 imb:375 pmb:1445 smb:220 d:s ref:0 ;
in:3480 out:3481 type:b dur:2 cpbdur:2 q:2.99 aq:4.71 tex:189820 mv:2029 misc:1879 imb:11 pmb:871 smb:1158 d:s ref:0 ;
in:3482 out:3482 type:P dur:2 cpbdur:2 q:3.15 aq:0.92 tex:534242 mv:3608 misc:1246 imb:237 pmb:1302 smb:501 d:s ref:0 ;
in:3483 out:3483 type:P dur:2 cpbdur:2 q:1.44 aq:0.05 tex:500618 mv:3364 misc:1842 imb:221 pmb:1059 smb:760 d:s ref:0 ;
in:3486 out:3484 type:P dur:2 cpbdur:2 q:1.85 aq:0.08 tex:322640 mv:1252 misc:1932 imb:18 pmb:1108 smb:914 d:s ref:0 ;
in:3484 out:3485 type:B dur:2 cpbdur:2 q:1.85 aq:2.22 tex:125476 mv:752 misc:1596 imb:2 pmb:571 smb:1467 d:s ref:0 ;
in:3485 out:3486 type:b dur:2 cpbdur:2 q:1.85 aq:3.66 tex:21496 mv:525 misc:1275 imb:0 pmb:365 smb:1675 d:- ref:0 ;
in:3490 out:3487 type:P dur:2 cpbdur:2 q:1.90 aq:0.49 tex:208654 mv:845 misc:1909 imb:12 pmb:1007 smb:1021 d:s ref:0 ;
in:3488 out:3488 type:B dur:2 cpbdur:2 q:1.90 aq:1.75 tex:199583 mv:1842 misc:1767 imb:0 pmb:680 smb:1360 d:s ref:0 ;
in:3487 out:3489 type:b dur:2 cpbdur:2 q:1.90 aq:3.70 tex:90583 mv:986 misc:1303 imb:0 pmb:428 smb:1612 d:s ref:0 ;
in:3489 out:3490 type:b dur:2 cpbdur:2 q:1.90 aq:3.35 tex:102903 mv:818 misc:1191 imb:0 pmb:398 smb:1642 d:- ref:0 ;
in:3494 out:3491 type:P dur:2 cpbdur:2 q:2.32 aq:0.47 tex:295620 mv:1242 misc:1946 imb:17 pmb:1089 smb:934 d:s ref:0 ;
in:3492 out:3492 type:B dur:2 cpbdur:2 q:2.32 aq:2.08 tex:199078 mv:1402 misc:1616 imb:2 pmb:593 smb:1445 d:s ref:0 ;
in:3491 out:3493 type:b dur:2 cpbdur:2 q:2.32 aq:4.10 tex:77570 mv:943 misc:1111 imb:2 pmb:373 smb:1665 d:s ref:0 ;
in:3493 out:3494 type:b dur:2 cpbdur:2 q:2.32 aq:4.03 tex:92990 mv:768 misc:1130 imb:0 pmb:383 smb:1657 d:- ref:0 ;
in:3496 out:3495 type:P dur:2 cpbdur:2 q:2.65 aq:0.62 tex:285445 mv:1362 misc:1961 imb:27 pmb:1040 smb:973 d:s ref:0 ;
in:3495 out:3496 type:b dur:2 cpbdur:2 q:2.65 aq:4.55 tex:126380 mv:1129 misc:907 imb:1 pmb:341 smb:1698 d:s ref:0 ;
in:3498 out:3497 type:P dur:2 cpbdur:2 q:2.69 aq:0.95 tex:187308 mv:922 misc:1938 imb:8 pmb:1100 smb:932 d:s ref:0 ;
in:3497 out:3498 type:b dur:2 cpbdur:2 q:2.69 aq:4.51 tex:151164 mv:1384 misc:956 imb:0 pmb:339 smb:1701 d:t ref:0 ;
in:3500 out:3499 type:P dur:2 cpbdur:2 q:2.41 aq:0.85 tex:431228 mv:3204 misc:1848 imb:104 pmb:1056 smb:880 d:s ref:0 ;
in:3499 out:3500 type:b dur:2 cpbdur:2 q:2.69 aq:4.20 tex:167179 mv:2120 misc:989 imb:40 pmb:389 smb:1611 d:s ref:0 ;
in:3503 out:3501 type:P dur:2 cpbdur:2 q:1.73 aq:0.70 tex:526032 mv:3686 misc:1642 imb:229 pmb:745 smb:1066 d:s ref:0 ;
in:3501 out:3502 type:B dur:2 cpbdur:2 q:2.54 aq:2.80 tex:370328 mv:4109 misc:1347 imb:135 pmb:440 smb:1465 d:s ref:0 ;
in:3502 out:3503 type:b dur:2 cpbdur:2 q:2.54 aq:4.23 tex:331413 mv:4464 misc:1067 imb:103 pmb:408 smb:1529 d:- ref:0 ;
in:3507 out:3504 type:P dur:2 cpbdur:2 q:1.73 aq:0.27 tex:235134 mv:818 misc:1880 imb:38 pmb:1113 smb:889 d:s ref:0 ;
in:3505 out:3505 type:B dur:2 cpbdur:2 q:2.14 aq:1.93 tex:247158 mv:2224 misc:1626 imb:32 pmb:713 smb:1295 d:t ref:0 ;
in:3504 out:3506 type:b dur:2 cpbdur:2 q:2.14 aq:4.04 tex:183321 mv:2058 misc:1165 imb:24 pmb:489 smb:1527 d:s ref:0 ;
in:3506 out:3507 type:b dur:2 cpbdur:2 q:2.19 aq:3.80 tex:97353 mv:1799 misc:1120 imb:2 pmb:498 smb:1540 d:- ref:0 ;
in:3511 out:3508 type:P dur:2 cpbdur:2 q:2.15 aq:0.49 tex:320147 mv:1500 misc:1889 imb:57 pmb:1070 smb:913 d:s ref:0 ;
in:3509 out:3509 type:B dur:2 cpbdur:2 q:2.16 aq:1.80 tex:239563 mv:2104 misc:1653 imb:15 pmb:715 smb:1310 d:s ref:0 ;
in:3508 out:3510 type:b dur:2 cpbdur:2 q:2.16 aq:3.76 tex:122298 mv:1221 misc:1161 imb:7 pmb:485 smb:1548 d:s ref:0 ;
in:3510 out:3511 type:b dur:2 cpbdur:2 q:2.16 aq:4.15 tex:129718 mv:1361 misc:1105 imb:8 pmb:462 smb:1570 d:- ref:0 ;
in:3513 out:3512 type:P dur:2 cpbdur:2 q:2.18 aq:0.51 tex:313975 mv:1367 misc:1898 imb:57 pmb:1165 smb:818 d:s ref:0 ;
in:3512 out:3513 type:b dur:2 cpbdur:2 q:2.28 aq:3.72 tex:36607 mv:428 misc:1205 imb:0 pmb:336 smb:1704 d:s ref:0 ;
in:3515 out:3514 type:P dur:2 cpbdur:2 q:2.21 aq:0.54 tex:118487 mv:428 misc:1965 imb:5 pmb:983 smb:1052 d:s ref:0 ;
in:3514 out:3515 type:b dur:2 cpbdur:2 q:2.30 aq:3.23 tex:33677 mv:222 misc:869 imb:2 pmb:193 smb:1845 d:s ref:0 ;
in:3519 out:3516 type:P dur:2 cpbdur:2 q:0.63 aq:0.00 tex:481855 mv:4166 misc:1675 imb:368 pmb:1079 smb:593 d:s ref:0 ;
in:3517 out:3517 type:B dur:2 cpbdur:2 q:2.21 aq:2.06 tex:77197 mv:973 misc:1854 imb:31 pmb:651 smb:1358 d:s ref:0 ;
in:3516 out:3518 type:b dur:2 cpbdur:2 q:2.21 aq:2.84 tex:44478 mv:626 misc:1184 imb:6 pmb:315 smb:1719 d:s ref:0 ;
in:3518 out:3519 type:b dur:2 cpbdur:2 q:2.21 aq:3.18 tex:22176 mv:453 misc:1251 imb:0 pmb:319 smb:1721 d:- ref:0 ;
in:3523 out:3520 type:P dur:2 cpbdur:2 q:2.12 aq:0.06 tex:152048 mv:652 misc:1948 imb:2 pmb:1027 smb:1011 d:s ref:0 ;
in:3521 out:3521 type:B dur:2 cpbdur:2 q:2.10 aq:1.24 tex:59319 mv:382 misc:1571 imb:0 pmb:499 smb:1541 d:s ref:0 ;
in:3520 out:3522 type:b dur:2 cpbdur:2 q:2.08 aq:2.82 tex:24021 mv:335 misc:1036 imb:0 pmb:251 smb:1789 d:s ref:0 ;
in:3522 out:3523 type:b dur:2 cpbdur:2 q:2.11 aq:2.82 tex:22988 mv:252 misc:1032 imb:0 pmb:237 smb:1803 d:- ref:0 ;
in:3527 out:3524 type:P dur:2 cpbdur:2 q:2.30 aq:0.12 tex:141070 mv:583 misc:1843 imb:3 pmb:957 smb:1080 d:s ref:0 ;
in:3525 out:3525 type:B dur:2 cpbdur:2 q:2.29 aq:1.33 tex:54563 mv:382 misc:1607 imb:0 pmb:482 smb:1558 d:s ref:0 ;
in:3524 out:3526 type:b dur:2 cpbdur:2 q:2.29 aq:3.08 tex:23454 mv:305 misc:1041 imb:0 pmb:241 smb:1799 d:s ref:0 ;
in:3526 out:3527 type:b dur:2 cpbdur:2 q:2.29 aq:3.08 tex:16976 mv:253 misc:987 imb:0 pmb:213 smb:1827 d:- ref:0 ;
in:3529 out:3528 type:P dur:2 cpbdur:2 q:2.24 aq:0.91 tex:227217 mv:2651 misc:1820 imb:180 pmb:962 smb:898 d:s ref:0 ;
in:3528 out:3529 type:b dur:2 cpbdur:2 q:2.42 aq:3.72 tex:12848 mv:303 misc:985 imb:0 pmb:246 smb:1794 d:s ref:0 ;
in:3530 out:3530 type:P dur:2 cpbdur:2 q:2.06 aq:0.46 tex:337574 mv:3793 misc:1801 imb:394 pmb:911 smb:735 d:s ref:0 ;
in:3531 out:3531 type:P dur:2 cpbdur:2 q:1.75 aq:0.36 tex:314718 mv:3645 misc:1773 imb:333 pmb:894 smb:813 d:s ref:0 ;
in:3532 out:3532 type:P dur:2 cpbdur:2 q:1.18 aq:0.14 tex:171604 mv:1483 misc:1801 imb:100 pmb:1103 smb:837 d:s ref:0 ;
in:3536 out:3533 type:P dur:2 cpbdur:2 q:1.24 aq:0.01 tex:212061 mv:2335 misc:1860 imb:157 pmb:1070 smb:813 d:s ref:0 ;
in:3534 out:3534 type:B dur:2 cpbdur:2 q:1.71 aq:1.15 tex:134205 mv:2275 misc:1848 imb:71 pmb:704 smb:1265 d:s ref:0 ;
in:3533 out:3535 type:b dur:2 cpbdur:2 q:1.71 aq:2.75 tex:103546 mv:2289 misc:1301 imb:63 pmb:428 smb:1549 d:s ref:0 ;
in:3535 out:3536 type:b dur:2 cpbdur:2 q:1.71 aq:2.50 tex:22384 mv:370 misc:1238 imb:0 pmb:321 smb:1719 d:- ref:0 ;
in:3539 out:3537 type:P dur:2 cpbdur:2 q:1.71 aq:0.03 tex:201852 mv:1691 misc:1897 imb:116 pmb:1073 smb:851 d:s ref:0 ;
in:3537 out:3538 type:B dur:2 cpbdur:2 q:1.71 aq:1.82 tex:131072 mv:1394 misc:1566 imb:69 pmb:507 smb:1464 d:s ref:0 ;
in:3538 out:3539 type:b dur:2 cpbdur:2 q:1.71 aq:2.68 tex:96658 mv:1470 misc:1216 imb:57 pmb:398 smb:1585 d:- ref:0 ;
in:3543 out:3540 type:P dur:2 cpbdur:2 q:1.76 aq:0.01 tex:798583 mv:3191 misc:698 imb:287 pmb:1555 smb:198 d:s ref:0 ;
in:3541 out:3541 type:B dur:2 cpbdur:2 q:1.76 aq:2.51 tex:204338 mv:2348 misc:1674 imb:61 pmb:1247 smb:732 d:s ref:0 ;
in:3540 out:3542 type:b dur:2 cpbdur:2 q:1.76 aq:2.77 tex:35680 mv:512 misc:1304 imb:6 pmb:348 smb:1686 d:s ref:0 ;
in:3542 out:3543 type:b dur:2 cpbdur:2 q:1.76 aq:2.82 tex:37542 mv:1293 misc:1861 imb:0 pmb:770 smb:1270 d:- ref:0 ;
in:3547 out:3544 type:P dur:2 cpbdur:2 q:1.76 aq:0.02 tex:311918 mv:2140 misc:1222 imb:144 pmb:1383 smb:513 d:s ref:0 ;
in:3545 out:3545 type:B dur:2 cpbdur:2 q:1.76 aq:1.31 tex:75082 mv:1492 misc:1906 imb:0 pmb:990 smb:1050 d:s ref:0 ;
in:3544 out:3546 type:b dur:2 cpbdur:2 q:1.76 aq:2.58 tex:23278 mv:755 misc:1711 imb:0 pmb:541 smb:1499 d:s ref:0 ;
in:3546 out:3547 type:b dur:2 cpbdur:2 q:1.76 aq:2.91 tex:26278 mv:546 misc:1432 imb:2 pmb:381 smb:1657 d:- ref:0 ;
in:3550 out:3548 type:P dur:2 cpbdur:2 q:1.76 aq:0.02 tex:212655 mv:1345 misc:1792 imb:66 pmb:1149 smb:825 d:s ref:0 ;
in:3548 out:3549 type:B dur:2 cpbdur:2 q:1.76 aq:1.99 tex:125315 mv:1980 misc:1801 imb:64 pmb:646 smb:1330 d:s ref:0 ;
in:3549 out:3550 type:b dur:2 cpbdur:2 q:1.76 aq:2.86 tex:86127 mv:1530 misc:1207 imb:58 pmb:405 smb:1577 d:- ref:0 ;
in:3554 out:3551 type:P dur:2 cpbdur:2 q:1.71 aq:0.43 tex:110252 mv:277 misc:1903 imb:1 pmb:865 smb:1174 d:s ref:0 ;
in:3552 out:3552 type:B dur:2 cpbdur:2 q:1.76 aq:1.15 tex:45291 mv:535 misc:1782 imb:0 pmb:600 smb:1440 d:s ref:0 ;
in:3551 out:3553 type:b dur:2 cpbdur:2 q:1.76 aq:2.69 tex:17080 mv:307 misc:1109 imb:0 pmb:257 smb:1783 d:s ref:0 ;
in:3553 out:3554 type:b dur:2 cpbdur:2 q:1.76 aq:2.87 tex:9247 mv:368 misc:993 imb:0 pmb:209 smb:1831 d:- ref:0 ;
in:3556 out:3555 type:P dur:2 cpbdur:2 q:1.74 aq:0.16 tex:225492 mv:2087 misc:1797 imb:137 pmb:1058 smb:845 d:s ref:0 ;
in:3555 out:3556 type:b dur:2 cpbdur:2 q:1.82 aq:3.06 tex:85131 mv:1391 misc:1230 imb:20 pmb:459 smb:1561 d:s ref:0 ;
in:3559 out:3557 type:P dur:2 cpbdur:2 q:2.15 aq:0.28 tex:246888 mv:2148 misc:1804 imb:130 pmb:1027 smb:883 d:s ref:0 ;
in:3557 out:3558 type:B dur:2 cpbdur:2 q:2.16 aq:2.63 tex:102639 mv:1417 misc:1544 imb:30 pmb:544 smb:1466 d:s ref:0 ;
in:3558 out:3559 type:b dur:2 cpbdur:2 q:2.20 aq:2.72 tex:19171 mv:358 misc:1159 imb:0 pmb:283 smb:1757 d:- ref:0 ;
in:3563 out:3560 type:P dur:2 cpbdur:2 q:2.32 aq:0.47 tex:253278 mv:2102 misc:1796 imb:129 pmb:1015 smb:896 d:s ref:0 ;
in:3561 out:3561 type:B dur:2 cpbdur:2 q:2.31 aq:1.72 tex:65900 mv:584 misc:1732 imb:0 pmb:604 smb:1436 d:s ref:0 ;
in:3560 out:3562 type:b dur:2 cpbdur:2 q:2.31 aq:2.81 tex:18263 mv:403 misc:1102 imb:0 pmb:278 smb:1762 d:s ref:0 ;
in:3562 out:3563 type:b dur:2 cpbdur:2 q:2.32 aq:3.19 tex:22206 mv:403 misc:1255 imb:0 pmb:304 smb:1736 d:- ref:0 ;
in:3565 out:3564 type:P dur:2 cpbdur:2 q:1.39 aq:0.10 tex:336010 mv:2948 misc:1730 imb:162 pmb:1115 smb:763 d:s ref:0 ;
in:3564 out:3565 type:b dur:2 cpbdur:2 q:2.35 aq:3.49 tex:96223 mv:1724 misc:1181 imb:70 pmb:418 smb:1552 d:s ref:0 ;
in:3569 out:3566 type:P dur:2 cpbdur:2 q:1.76 aq:0.53 tex:263428 mv:2497 misc:1763 imb:154 pmb:1046 smb:840 d:s ref:0 ;
in:3567 out:3567 type:B dur:2 cpbdur:2 q:1.77 aq:1.40 tex:212534 mv:2061 misc:1749 imb:35 pmb:823 smb:1182 d:s ref:0 ;
in:3566 out:3568 type:b dur:2 cpbdur:2 q:1.77 aq:3.01 tex:130535 mv:1558 misc:1387 imb:28 pmb:570 smb:1442 d:s ref:0 ;
in:3568 out:3569 type:b dur:2 cpbdur:2 q:1.77 aq:2.87 tex:27591 mv:406 misc:1371 imb:0 pmb:380 smb:1660 d:- ref:0 ;
in:3571 out:3570 type:P dur:2 cpbdur:2 q:1.73 aq:0.07 tex:354897 mv:2942 misc:1641 imb:162 pmb:1221 smb:657 d:s ref:0 ;
in:3570 out:3571 type:b dur:2 cpbdur:2 q:1.76 aq:3.08 tex:164379 mv:2792 misc:1461 imb:78 pmb:614 smb:1348 d:s ref:0 ;
in:3572 out:3572 type:P dur:2 cpbdur:2 q:1.29 aq:0.02 tex:314256 mv:2169 misc:1783 imb:127 pmb:1186 smb:727 d:s ref:0 ;
in:3576 out:3573 type:P dur:2 cpbdur:2 q:1.26 aq:0.63 tex:284702 mv:1817 misc:1737 imb:127 pmb:886 smb:1027 d:s ref:0 ;
in:3574 out:3574 type:B dur:2 cpbdur:2 q:1.28 aq:1.02 tex:177001 mv:1450 misc:1709 imb:31 pmb:880 smb:1129 d:s ref:0 ;
in:3573 out:3575 type:b dur:2 cpbdur:2 q:1.28 aq:2.58 tex:39884 mv:498 misc:1482 imb:0 pmb:527 smb:1513 d:s ref:0 ;
in:3575 out:3576 type:b dur:2 cpbdur:2 q:1.28 aq:2.66 tex:141609 mv:1602 misc:1381 imb:37 pmb:585 smb:1418 d:- ref:0 ;
in:3580 out:3577 type:P dur:2 cpbdur:2 q:1.49 aq:0.01 tex:308535 mv:2008 misc:1769 imb:132 pmb:1165 smb:743 d:s ref:0 ;
in:3578 out:3578 type:B dur:2 cpbdur:2 q:1.51 aq:1.25 tex:157170 mv:1562 misc:1732 imb:42 pmb:858 smb:1140 d:s ref:0 ;
in:3577 out:3579 type:b dur:2 cpbdur:2 q:1.51 aq:2.85 tex:129368 mv:1805 misc:1387 imb:32 pmb:549 smb:1459 d:s ref:0 ;
in:3579 out:3580 type:b dur:2 cpbdur:2 q:1.50 aq:2.93 tex:159924 mv:1777 misc:1331 imb:45 pmb:544 smb:1451 d:- ref:0 ;
in:3584 out:3581 type:P dur:2 cpbdur:2 q:1.45 aq:0.01 tex:342803 mv:2599 misc:1806 imb:141 pmb:1154 smb:745 d:s ref:0 ;
in:3582 out:3582 type:B dur:2 cpbdur:2 q:1.49 aq:0.90 tex:243011 mv:2177 misc:1756 imb:69 pmb:834 smb:1137 d:s ref:0 ;
in:3581 out:3583 type:b dur:2 cpbdur:2 q:1.49 aq:2.73 tex:108669 mv:1413 misc:1390 imb:43 pmb:560 smb:1437 d:s ref:0 ;
in:3583 out:3584 type:b dur:2 cpbdur:2 q:1.49 aq:2.62 tex:45677 mv:798 misc:1445 imb:22 pmb:495 smb:1523 d:- ref:0 ;
in:3586 out:3585 type:P dur:2 cpbdur:2 q:1.71 aq:0.02 tex:237694 mv:1099 misc:1815 imb:49 pmb:1207 smb:784 d:s ref:0 ;
in:3585 out:3586 type:b dur:2 cpbdur:2 q:1.72 aq:2.89 tex:173588 mv:2106 misc:1354 imb:28 pmb:568 smb:1444 d:s ref:0 ;
in:3589 out:3587 type:P dur:2 cpbdur:2 q:1.76 aq:0.05 tex:350419 mv:2654 misc:1799 imb:134 pmb:1164 smb:742 d:s ref:0 ;
in:3587 out:3588 type:B dur:2 cpbdur:2 q:1.87 aq:2.11 tex:142971 mv:1180 misc:1529 imb:16 pmb:673 smb:1351 d:s ref:0 ;
in:3588 out:3589 type:b dur:2 cpbdur:2 q:1.86 aq:3.06 tex:165758 mv:1955 misc:1183 imb:44 pmb:529 smb:1467 d:- ref:0 ;
in:3593 out:3590 type:P dur:2 cpbdur:2 q:1.32 aq:0.65 tex:142570 mv:787 misc:1779 imb:27 pmb:787 smb:1226 d:s ref:0 ;
in:3591 out:3591 type:B dur:2 cpbdur:2 q:1.76 aq:1.14 tex:65092 mv:560 misc:1692 imb:0 pmb:659 smb:1381 d:s ref:0 ;
in:3590 out:3592 type:b dur:2 cpbdur:2 q:1.76 aq:2.64 tex:22616 mv:350 misc:1114 imb:0 pmb:285 smb:1755 d:s ref:0 ;
in:3592 out:3593 type:b dur:2 cpbdur:2 q:1.76 aq:2.61 tex:26747 mv:390 misc:1255 imb:0 pmb:326 smb:1714 d:- ref:0 ;
in:3596 out:3594 type:P dur:2 cpbdur:2 q:1.32 aq:0.01 tex:243587 mv:716 misc:1185 imb:33 pmb:1496 smb:511 d:s ref:0 ;
in:3594 out:3595 type:B dur:2 cpbdur:2 q:1.32 aq:1.25 tex:45013 mv:502 misc:1685 imb:0 pmb:521 smb:1519 d:s ref:0 ;
in:3595 out:3596 type:b dur:2 cpbdur:2 q:1.32 aq:2.65 tex:68086 mv:1226 misc:1760 imb:0 pmb:912 smb:1128 d:- ref:0 ;
in:3600 out:3597 type:P dur:2 cpbdur:2 q:1.61 aq:0.02 tex:736051 mv:1951 misc:598 imb:229 pmb:1654 smb:157 d:s ref:0 ;
in:3598 out:3598 type:B dur:2 cpbdur:2 q:1.60 aq:1.24 tex:264184 mv:1131 misc:1181 imb:2 pmb:1557 smb:481 d:s ref:0 ;
in:3597 out:3599 type:b dur:2 cpbdur:2 q:1.60 aq:2.92 tex:88847 mv:1791 misc:1594 imb:1 pmb:1110 smb:929 d:s ref:0 ;
in:3599 out:3600 type:b dur:2 cpbdur:2 q:1.61 aq:2.94 tex:60612 mv:718 misc:1934 imb:0 pmb:891 smb:1149 d:- ref:0 ;
in:3601 out:3601 type:I dur:2 cpbdur:2 q:12.18 aq:4.34 tex:2153467 mv:70717 misc:192 imb:2040 pmb:0 smb:0 d:s ref:;
in:3605 out:3602 type:P dur:2 cpbdur:2 q:6.84 aq:1.60 tex:395120 mv:1095 misc:1097 imb:57 pmb:1518 smb:465 d:s ref:0 ;
in:3603 out:3603 type:B dur:2 cpbdur:2 q:11.82 aq:4.59 tex:31587 mv:567 misc:1214 imb:3 pmb:332 smb:1705 d:s ref:0 ;
in:3602 out:3604 type:b dur:2 cpbdur:2 q:11.82 aq:13.33 tex:2517 mv:105 misc:346 imb:0 pmb:49 smb:1991 d:s ref:0 ;
in:3604 out:3605 type:b dur:2 cpbdur:2 q:11.82 aq:13.55 tex:2529 mv:151 misc:320 imb:4 pmb:49 smb:1987 d:- ref:0 ;
in:3609 out:3606 type:P dur:2 cpbdur:2 q:1.29 aq:0.00 tex:263079 mv:678 misc:1539 imb:5 pmb:1357 smb:678 d:s ref:0 ;
in:3607 out:3607 type:B dur:2 cpbdur:2 q:6.84 aq:5.67 tex:24789 mv:230 misc:733 imb:0 pmb:169 smb:1871 d:s ref:0 ;
in:3606 out:3608 type:b dur:2 cpbdur:2 q:6.84 aq:6.13 tex:9301 mv:211 misc:552 imb:0 pmb:116 smb:1924 d:s ref:0 ;
in:3608 out:3609 type:b dur:2 cpbdur:2 q:6.84 aq:6.76 tex:6606 mv:128 misc:442 imb:0 pmb:82 smb:1958 d:- ref:0 ;
in:3613 out:3610 type:P dur:2 cpbdur:2 q:1.07 aq:0.00 tex:167676 mv:725 misc:1895 imb:5 pmb:1113 smb:922 d:s ref:0 ;
in:3611 out:3611 type:B dur:2 cpbdur:2 q:1.29 aq:0.94 tex:70553 mv:642 misc:1813 imb:0 pmb:665 smb:1375 d:s ref:0 ;
in:3610 out:3612 type:b dur:2 cpbdur:2 q:1.29 aq:2.53 tex:28134 mv:361 misc:1193 imb:0 pmb:282 smb:1758 d:s ref:0 ;
in:3612 out:3613 type:b dur:2 cpbdur:2 q:1.29 aq:2.48 tex:29644 mv:271 misc:1053 imb:1 pmb:240 smb:1799 d:- ref:0 ;
in:3617 out:3614 type:P dur:2 cpbdur:2 q:1.01 aq:0.02 tex:161230 mv:685 misc:1917 imb:8 pmb:1026 smb:1006 d:s ref:0 ;
in:3615 out:3615 type:B dur:2 cpbdur:2 q:1.24 aq:0.86 tex:69024 mv:328 misc:1752 imb:0 pmb:618 smb:1422 d:s ref:0 ;
in:3614 out:3616 type:b dur:2 cpbdur:2 q:1.24 aq:2.32 tex:32550 mv:301 misc:1077 imb:0 pmb:246 smb:1794 d:s ref:0 ;
in:3616 out:3617 type:b dur:2 cpbdur:2 q:1.24 aq:2.34 tex:27182 mv:308 misc:1118 imb:0 pmb:257 smb:1783 d:- ref:0 ;
in:3621 out:3618 type:P dur:2 cpbdur:2 q:0.22 aq:0.25 tex:125057 mv:448 misc:1871 imb:18 pmb:831 smb:1191 d:s ref:0 ;
in:3619 out:3619 type:B dur:2 cpbdur:2 q:1.24 aq:0.77 tex:69038 mv:459 misc:1727 imb:3 pmb:623 smb:1414 d:s ref:0 ;
in:3618 out:3620 type:b dur:2 cpbdur:2 q:1.24 aq:2.45 tex:31072 mv:356 misc:1084 imb:2 pmb:255 smb:1783 d:s ref:0 ;
in:3620 out:3621 type:b dur:2 cpbdur:2 q:1.24 aq:2.34 tex:26489 mv:384 misc:1079 imb:2 pmb:249 smb:1789 d:- ref:0 ;
in:3624 out:3622 type:P dur:2 cpbdur:2 q:0.19 aq:1.40 tex:68898 mv:307 misc:1547 imb:11 pmb:465 smb:1564 d:s ref:0 ;
in:3622 out:3623 type:B dur:2 cpbdur:2 q:0.22 aq:0.88 tex:51213 mv:684 misc:1751 imb:1 pmb:697 smb:1342 d:s ref:0 ;
in:3623 out:3624 type:b dur:2 cpbdur:2 q:0.22 aq:1.33 tex:33683 mv:400 misc:1421 imb:0 pmb:391 smb:1649 d:- ref:0 ;
